Order ID,Order Date,Customer ID,Customer Name,Age,Gender,Region,Customer Segment,Category,Product Name,Quantity,Unit Price,Discount,Sales,Profit,Payment Method
ORD-100000,2023-03-07 10:00:00,CUST-1437,Customer 650,22,Female,East,Consumer,Electronics,Laptop,6,941.49,0.1,5084.05,1716.6,Credit Card
ORD-100001,2024-07-18 08:00:00,CUST-1397,Customer 95,36,Female,Central,Consumer,Office Supplies,Printer Paper,4,15.81,0.2,50.59,17.58,UPI
ORD-100002,2024-04-22 16:00:00,CUST-1475,Customer 157,55,Female,West,Corporate,Clothing,Jeans,5,42.07,0.0,210.35,64.15,Credit Card
ORD-100003,2023-11-17 16:00:00,CUST-1561,Customer 123,39,Female,Central,Consumer,Electronics,Smartwatch,7,220.41,0.0,1542.87,308.34,Credit Card
ORD-100004,2023-11-13 18:00:00,CUST-1047,Customer 657,26,Female,Central,Consumer,Electronics,Headphones,1,84.15,0.05,79.94,18.21,UPI
ORD-100005,2024-09-18 20:00:00,CUST-1676,Customer 552,69,Female,South,Corporate,Furniture,Desk,1,190.59,0.0,190.59,41.15,UPI
ORD-100006,2023-03-04 14:00:00,CUST-1243,Customer 827,28,Other,West,Corporate,Clothing,Jacket,7,82.24,0.05,546.9,66.74,Credit Card
ORD-100007,2024-05-24 18:00:00,CUST-1192,Customer 638,22,Female,West,Corporate,Office Supplies,Notebook,4,4.11,0.05,15.62,4.85,UPI
ORD-100008,2023-05-28 17:00:00,CUST-1426,Customer 786,37,Male,East,Consumer,Clothing,Sneakers,5,97.67,0.1,439.52,115.36,Credit Card
ORD-100009,2023-03-10 11:00:00,CUST-1789,Customer 678,23,Male,West,Corporate,Furniture,Desk,3,239.55,0.0,718.65,181.27,Credit Card
ORD-100010,2024-01-20 18:00:00,CUST-1667,Customer 566,48,Female,South,Consumer,Electronics,Smartphone,6,527.96,0.0,3167.76,441.87,Credit Card
ORD-100011,2024-12-13 08:00:00,CUST-1391,Customer 467,40,Other,East,Corporate,Office Supplies,Notebook,5,3.69,0.15,15.68,1.9,Net Banking
ORD-100012,2024-06-21 15:00:00,CUST-1470,Customer 122,66,Male,South,Home Office,Electronics,Smartphone,2,582.98,0.0,1165.96,368.11,Credit Card
ORD-100013,2024-07-09 20:00:00,CUST-1401,Customer 540,26,Other,East,Corporate,Clothing,Jeans,5,49.31,0.05,234.22,30.08,Credit Card
ORD-100014,2024-06-07 16:00:00,CUST-1547,Customer 476,31,Male,South,Home Office,Electronics,Smartphone,1,637.52,0.0,637.52,63.69,Credit Card
ORD-100015,2024-07-27 20:00:00,CUST-1686,Customer 877,53,Male,Central,Consumer,Furniture,Lamp,2,38.91,0.0,77.82,19.37,UPI
ORD-100016,2024-01-10 08:00:00,CUST-1112,Customer 818,54,Female,South,Consumer,Office Supplies,Pen Set,2,8.24,0.05,15.66,4.23,Credit Card
ORD-100017,2023-04-04 14:00:00,CUST-1325,Customer 314,36,Female,West,Consumer,Office Supplies,Notebook,6,3.86,0.0,23.16,2.6,Credit Card
ORD-100018,2024-09-05 18:00:00,CUST-1454,Customer 170,65,Female,Central,Consumer,Office Supplies,Stapler,6,10.64,0.1,57.46,7.81,Net Banking
ORD-100019,2023-11-25 16:00:00,CUST-1605,Customer 193,62,Female,East,Consumer,Furniture,Desk,1,202.6,0.05,192.47,56.39,Net Banking
ORD-100020,2024-01-01 19:00:00,CUST-1076,Customer 438,49,Female,West,Home Office,Home & Kitchen,Cookware Set,7,118.83,0.15,707.04,234.02,Credit Card
ORD-100021,2023-09-28 14:00:00,CUST-1454,Customer 872,56,Female,Central,Consumer,Clothing,Sneakers,6,88.66,0.15,452.17,94.35,UPI
ORD-100022,2023-05-14 16:00:00,CUST-1619,Customer 776,45,Female,East,Home Office,Home & Kitchen,Blender,4,64.82,0.0,259.28,76.19,Net Banking
ORD-100023,2024-11-07 13:00:00,CUST-1108,Customer 826,42,Male,Central,Home Office,Office Supplies,Stapler,2,11.21,0.0,22.42,3.73,Net Banking
ORD-100024,2024-07-24 19:00:00,CUST-1137,Customer 208,46,Male,West,Corporate,Office Supplies,Notebook,3,4.33,0.15,11.04,2.98,Credit Card
ORD-100025,2024-04-15 09:00:00,CUST-1026,Customer 7,61,Male,West,Home Office,Office Supplies,Notebook,5,3.61,0.0,18.05,4.16,Cash
ORD-100026,2023-10-21 11:00:00,CUST-1680,Customer 606,18,Male,Central,Consumer,Furniture,Office Chair,5,153.97,0.0,769.85,236.86,Credit Card
ORD-100027,2024-08-23 09:00:00,CUST-1747,Customer 362,23,Male,East,Home Office,Furniture,Office Chair,3,119.56,0.0,358.68,103.84,UPI
ORD-100028,2024-02-03 17:00:00,CUST-1375,Customer 417,42,Male,Central,Corporate,Office Supplies,Pen Set,1,8.64,0.05,8.21,1.29,UPI
ORD-100029,2023-11-20 11:00:00,CUST-1693,Customer 661,48,Male,South,Corporate,Electronics,Tablet,5,308.42,0.0,1542.1,185.6,UPI
ORD-100030,2023-11-25 12:00:00,CUST-1475,Customer 890,27,Female,East,Corporate,Electronics,Tablet,5,310.46,0.0,1552.3,462.69,Net Banking
ORD-100031,2023-06-15 18:00:00,CUST-1786,Customer 160,49,Male,East,Home Office,Home & Kitchen,Blender,2,57.51,0.05,109.27,9.71,Credit Card
ORD-100032,2023-03-09 12:00:00,CUST-1086,Customer 548,19,Male,East,Home Office,Electronics,Tablet,5,333.67,0.1,1501.52,395.41,Credit Card
ORD-100033,2024-02-09 09:00:00,CUST-1539,Customer 29,30,Male,West,Consumer,Office Supplies,Printer Paper,4,18.27,0.0,73.08,15.24,UPI
ORD-100034,2024-10-10 08:00:00,CUST-1579,Customer 451,41,Male,Central,Consumer,Office Supplies,Stapler,4,11.5,0.1,41.4,4.15,Credit Card
ORD-100035,2023-02-16 10:00:00,CUST-1516,Customer 33,20,Female,South,Consumer,Electronics,Smartwatch,1,224.91,0.05,213.66,56.81,UPI
ORD-100036,2024-09-18 19:00:00,CUST-1395,Customer 734,50,Female,West,Corporate,Home & Kitchen,Cookware Set,3,114.21,0.0,342.63,72.08,Cash
ORD-100037,2024-08-27 15:00:00,CUST-1166,Customer 508,45,Female,East,Consumer,Electronics,Smartphone,3,644.62,0.0,1933.86,603.8,UPI
ORD-100038,2023-07-22 20:00:00,CUST-1135,Customer 231,47,Female,East,Corporate,Home & Kitchen,Cookware Set,6,137.88,0.0,827.28,112.78,Cash
ORD-100039,2024-04-06 10:00:00,CUST-1513,Customer 208,44,Other,West,Consumer,Clothing,Sneakers,6,92.01,0.0,552.06,44.51,Credit Card
ORD-100040,2023-05-01 12:00:00,CUST-1463,Customer 589,53,Female,West,Home Office,Electronics,Smartwatch,7,182.96,0.15,1088.61,125.44,Credit Card
ORD-100041,2024-07-07 10:00:00,CUST-1390,Customer 232,51,Male,South,Home Office,Electronics,Laptop,4,886.85,0.0,3547.4,542.02,Net Banking
ORD-100042,2024-05-26 13:00:00,CUST-1031,Customer 347,52,Male,East,Consumer,Furniture,Lamp,3,30.77,0.2,73.85,18.91,UPI
ORD-100043,2023-09-16 15:00:00,CUST-1301,Customer 14,29,Female,Central,Consumer,Furniture,Desk,4,229.02,0.0,916.08,162.98,UPI
ORD-100044,2023-02-19 18:00:00,CUST-1694,Customer 314,53,Female,West,Home Office,Electronics,Tablet,6,340.34,0.0,2042.04,228.56,Credit Card
ORD-100045,2024-12-09 12:00:00,CUST-1545,Customer 653,27,Female,South,Consumer,Home & Kitchen,Coffee Maker,5,78.07,0.05,370.83,127.95,UPI
ORD-100046,2023-11-22 18:00:00,CUST-1607,Customer 52,19,Male,South,Corporate,Electronics,Laptop,5,974.75,0.1,4386.38,479.09,Credit Card
ORD-100047,2024-10-13 16:00:00,CUST-1067,Customer 759,68,Other,South,Home Office,Clothing,Hoodie,4,36.79,0.0,147.16,25.88,Cash
ORD-100048,2024-05-09 11:00:00,CUST-1362,Customer 243,27,Female,West,Corporate,Electronics,Headphones,5,70.28,0.0,351.4,111.28,Credit Card
ORD-100049,2024-07-22 19:00:00,CUST-1403,Customer 660,23,Female,West,Home Office,Home & Kitchen,Coffee Maker,7,69.07,0.05,459.32,117.68,Credit Card
ORD-100050,2024-07-08 13:00:00,CUST-1622,Customer 126,33,Female,East,Consumer,Electronics,Laptop,5,881.41,0.0,4407.05,733.09,Credit Card
ORD-100051,2023-05-23 09:00:00,CUST-1606,Customer 123,69,Male,East,Corporate,Furniture,Office Chair,3,137.46,0.05,391.76,133.98,Credit Card
ORD-100052,2023-09-23 20:00:00,CUST-1077,Customer 782,62,Male,Central,Home Office,Office Supplies,Notebook,6,4.28,0.1,23.11,4.98,Net Banking
ORD-100053,2023-12-07 19:00:00,CUST-1663,Customer 861,55,Male,South,Corporate,Electronics,Tablet,7,349.17,0.0,2444.19,200.89,UPI
ORD-100054,2023-12-30 08:00:00,CUST-1032,Customer 241,27,Male,Central,Home Office,Clothing,T-Shirt,6,21.2,0.1,114.48,9.35,UPI
ORD-100055,2023-02-01 19:00:00,CUST-1392,Customer 865,50,Female,West,Home Office,Electronics,Laptop,7,844.29,0.0,5910.03,1974.38,Credit Card
ORD-100056,2024-02-03 20:00:00,CUST-1198,Customer 735,61,Male,East,Consumer,Office Supplies,Binder,2,5.27,0.15,8.96,1.4,UPI
ORD-100057,2023-04-23 18:00:00,CUST-1282,Customer 233,35,Male,Central,Consumer,Office Supplies,Binder,3,5.73,0.2,13.75,4.11,Credit Card
ORD-100058,2024-06-26 11:00:00,CUST-1341,Customer 724,31,Male,East,Corporate,Office Supplies,Pen Set,2,8.5,0.05,16.15,1.48,UPI
ORD-100059,2024-05-13 16:00:00,CUST-1457,Customer 884,63,Female,East,Home Office,Electronics,Smartwatch,3,178.53,0.2,428.47,51.27,Net Banking
ORD-100060,2024-11-04 14:00:00,CUST-1026,Customer 272,24,Male,East,Corporate,Electronics,Headphones,6,75.53,0.1,407.86,126.98,Credit Card
ORD-100061,2024-06-27 16:00:00,CUST-1102,Customer 400,65,Male,South,Consumer,Electronics,Headphones,5,77.51,0.0,387.55,135.02,Cash
ORD-100062,2023-09-25 16:00:00,CUST-1551,Customer 260,42,Female,West,Corporate,Furniture,Desk,1,244.45,0.0,244.45,22.98,Net Banking
ORD-100063,2024-12-07 16:00:00,CUST-1073,Customer 38,55,Male,South,Corporate,Electronics,Smartwatch,6,224.02,0.0,1344.12,168.37,Net Banking
ORD-100064,2023-10-27 14:00:00,CUST-1195,Customer 841,37,Female,West,Consumer,Home & Kitchen,Storage Box,2,15.56,0.05,29.56,8.13,UPI
ORD-100065,2023-08-26 16:00:00,CUST-1655,Customer 518,54,Male,Central,Corporate,Office Supplies,Printer Paper,2,16.53,0.05,31.41,7.0,Net Banking
ORD-100066,2024-10-23 14:00:00,CUST-1169,Customer 164,66,Female,South,Home Office,Office Supplies,Binder,4,5.98,0.05,22.72,4.31,Credit Card
ORD-100067,2023-09-28 08:00:00,CUST-1101,Customer 474,43,Female,South,Corporate,Furniture,Office Chair,2,136.24,0.05,258.86,34.3,UPI
ORD-100068,2023-02-25 08:00:00,CUST-1383,Customer 702,29,Male,East,Consumer,Electronics,Smartwatch,7,227.34,0.0,1591.38,533.54,UPI
ORD-100069,2023-12-09 20:00:00,CUST-1333,Customer 772,22,Female,East,Consumer,Office Supplies,Binder,2,6.07,0.0,12.14,1.54,Credit Card
ORD-100070,2024-08-03 19:00:00,CUST-1100,Customer 702,66,Male,East,Consumer,Furniture,Bookshelf,2,97.9,0.0,195.8,29.69,Credit Card
ORD-100071,2023-05-19 15:00:00,CUST-1329,Customer 320,69,Male,West,Corporate,Furniture,Lamp,6,40.94,0.2,196.51,32.93,Credit Card
ORD-100072,2023-12-04 10:00:00,CUST-1678,Customer 831,51,Female,East,Home Office,Furniture,Desk,3,235.44,0.0,706.32,82.93,Credit Card
ORD-100073,2023-04-05 18:00:00,CUST-1786,Customer 690,18,Female,Central,Corporate,Office Supplies,Binder,6,5.62,0.0,33.72,7.58,UPI
ORD-100074,2024-05-16 09:00:00,CUST-1052,Customer 402,64,Male,West,Home Office,Home & Kitchen,Storage Box,5,17.0,0.0,85.0,14.63,Cash
ORD-100075,2023-12-14 12:00:00,CUST-1564,Customer 708,43,Female,South,Corporate,Electronics,Smartwatch,2,188.22,0.2,301.15,73.52,UPI
ORD-100076,2023-08-30 12:00:00,CUST-1550,Customer 893,30,Male,South,Consumer,Office Supplies,Printer Paper,5,17.96,0.0,89.8,16.1,UPI
ORD-100077,2023-06-15 08:00:00,CUST-1613,Customer 32,37,Male,Central,Corporate,Electronics,Headphones,4,95.42,0.05,362.6,40.41,UPI
ORD-100078,2024-02-17 18:00:00,CUST-1614,Customer 548,66,Male,Central,Corporate,Furniture,Desk,1,208.45,0.0,208.45,65.79,Credit Card
ORD-100079,2024-05-03 14:00:00,CUST-1535,Customer 606,58,Female,East,Consumer,Clothing,Jacket,6,76.06,0.0,456.36,99.31,Credit Card
ORD-100080,2024-11-17 12:00:00,CUST-1696,Customer 785,49,Female,East,Consumer,Electronics,Tablet,7,308.02,0.1,1940.53,323.87,Credit Card
ORD-100081,2023-11-16 14:00:00,CUST-1218,Customer 432,56,Female,West,Corporate,Office Supplies,Notebook,7,3.65,0.05,24.27,2.05,Net Banking
ORD-100082,2023-04-28 08:00:00,CUST-1102,Customer 309,62,Female,South,Consumer,Furniture,Desk,1,233.47,0.05,221.8,53.55,Net Banking
ORD-100083,2024-08-30 13:00:00,CUST-1288,Customer 182,50,Female,East,Consumer,Electronics,Headphones,2,89.03,0.0,178.06,51.86,UPI
ORD-100084,2024-04-04 14:00:00,CUST-1156,Customer 372,34,Male,West,Consumer,Home & Kitchen,Coffee Maker,6,75.09,0.2,360.43,92.1,Credit Card
ORD-100085,2024-05-26 12:00:00,CUST-1146,Customer 375,21,Male,Central,Home Office,Furniture,Sofa,3,463.32,0.05,1320.46,386.48,Net Banking
ORD-100086,2023-03-12 18:00:00,CUST-1035,Customer 747,24,Female,West,Consumer,Clothing,Jeans,5,39.19,0.2,156.76,19.1,Credit Card
ORD-100087,2023-08-17 11:00:00,CUST-1433,Customer 771,30,Male,South,Corporate,Furniture,Sofa,3,487.0,0.0,1461.0,500.19,Credit Card
ORD-100088,2024-07-14 09:00:00,CUST-1659,Customer 455,57,Male,South,Consumer,Home & Kitchen,Blender,2,56.46,0.0,112.92,15.48,UPI
ORD-100089,2024-08-30 14:00:00,CUST-1062,Customer 621,22,Male,East,Consumer,Furniture,Desk,5,246.34,0.0,1231.7,187.26,UPI
ORD-100090,2023-11-14 19:00:00,CUST-1528,Customer 661,24,Male,Central,Consumer,Furniture,Sofa,2,515.57,0.1,928.03,202.62,Net Banking
ORD-100091,2024-08-10 12:00:00,CUST-1723,Customer 564,68,Female,East,Consumer,Clothing,Jacket,1,86.62,0.1,77.96,6.35,Cash
ORD-100092,2024-09-06 08:00:00,CUST-1383,Customer 675,38,Female,West,Consumer,Furniture,Sofa,4,539.54,0.05,2050.25,408.95,Net Banking
ORD-100093,2023-10-10 20:00:00,CUST-1157,Customer 74,24,Female,South,Consumer,Furniture,Sofa,2,469.47,0.0,938.94,124.73,UPI
ORD-100094,2024-10-17 13:00:00,CUST-1538,Customer 416,63,Female,East,Corporate,Home & Kitchen,Coffee Maker,2,74.99,0.0,149.98,42.33,Net Banking
ORD-100095,2023-07-30 10:00:00,CUST-1170,Customer 600,68,Female,South,Consumer,Office Supplies,Stapler,6,13.34,0.0,80.04,22.78,UPI
ORD-100096,2023-06-24 16:00:00,CUST-1103,Customer 466,44,Male,South,Consumer,Clothing,Hoodie,4,47.4,0.1,170.64,42.02,UPI
ORD-100097,2024-05-13 12:00:00,CUST-1387,Customer 682,23,Female,Central,Consumer,Office Supplies,Binder,4,5.99,0.0,23.96,4.64,UPI
ORD-100098,2024-04-09 20:00:00,CUST-1011,Customer 285,50,Male,West,Home Office,Clothing,T-Shirt,2,19.38,0.0,38.76,6.35,Net Banking
ORD-100099,2023-04-13 11:00:00,CUST-1255,Customer 855,62,Female,East,Consumer,Home & Kitchen,Towel Pack,2,21.72,0.0,43.44,13.18,Credit Card
ORD-100100,2024-08-30 15:00:00,CUST-1627,Customer 112,68,Female,West,Corporate,Office Supplies,Stapler,3,13.3,0.0,39.9,8.65,UPI
ORD-100101,2023-05-26 15:00:00,CUST-1133,Customer 718,47,Male,East,Corporate,Furniture,Office Chair,3,163.69,0.2,392.86,84.09,Credit Card
ORD-100102,2024-08-10 11:00:00,CUST-1412,Customer 653,67,Female,East,Consumer,Electronics,Smartwatch,4,222.63,0.0,890.52,98.52,UPI
ORD-100103,2023-01-06 14:00:00,CUST-1788,Customer 72,61,Female,East,Consumer,Office Supplies,Notebook,1,3.62,0.15,3.08,0.43,UPI
ORD-100104,2024-08-04 09:00:00,CUST-1174,Customer 221,26,Other,Central,Corporate,Clothing,Jeans,7,41.46,0.05,275.71,48.89,Credit Card
ORD-100105,2024-07-28 16:00:00,CUST-1223,Customer 849,50,Male,East,Home Office,Furniture,Sofa,3,534.83,0.05,1524.27,409.56,UPI
ORD-100106,2024-07-23 17:00:00,CUST-1561,Customer 614,52,Male,West,Home Office,Electronics,Tablet,6,364.09,0.05,2075.31,639.66,UPI
ORD-100107,2024-04-30 20:00:00,CUST-1591,Customer 712,57,Female,Central,Consumer,Furniture,Bookshelf,3,105.01,0.05,299.28,104.17,Credit Card
ORD-100108,2023-12-11 12:00:00,CUST-1389,Customer 760,45,Male,East,Consumer,Office Supplies,Binder,4,5.76,0.05,21.89,4.28,UPI
ORD-100109,2024-05-29 11:00:00,CUST-1580,Customer 4,56,Male,West,Consumer,Clothing,Hoodie,1,45.87,0.0,45.87,9.28,Credit Card
ORD-100110,2023-07-22 15:00:00,CUST-1504,Customer 765,48,Female,East,Consumer,Electronics,Headphones,5,87.15,0.15,370.39,106.24,Cash
ORD-100111,2024-07-23 17:00:00,CUST-1195,Customer 641,31,Female,East,Home Office,Office Supplies,Notebook,1,3.67,0.0,3.67,0.61,Net Banking
ORD-100112,2024-02-10 20:00:00,CUST-1658,Customer 220,43,Male,East,Consumer,Clothing,Sneakers,6,76.01,0.0,456.06,103.04,Credit Card
ORD-100113,2023-12-02 08:00:00,CUST-1222,Customer 274,66,Male,East,Consumer,Home & Kitchen,Blender,7,60.28,0.0,421.96,110.89,Credit Card
ORD-100114,2024-01-05 11:00:00,CUST-1541,Customer 355,61,Male,West,Consumer,Electronics,Tablet,3,307.86,0.05,877.4,126.16,Credit Card
ORD-100115,2024-02-20 11:00:00,CUST-1427,Customer 544,51,Male,East,Home Office,Home & Kitchen,Coffee Maker,7,78.96,0.0,552.72,85.94,Cash
ORD-100116,2023-01-28 11:00:00,CUST-1428,Customer 242,34,Male,West,Consumer,Office Supplies,Printer Paper,5,18.81,0.0,94.05,16.57,Credit Card
ORD-100117,2023-04-13 14:00:00,CUST-1688,Customer 255,28,Male,Central,Consumer,Clothing,Sneakers,1,86.44,0.0,86.44,20.4,UPI
ORD-100118,2023-06-29 19:00:00,CUST-1725,Customer 487,32,Female,Central,Consumer,Electronics,Headphones,2,75.71,0.0,151.42,23.17,Credit Card
ORD-100119,2023-03-25 08:00:00,CUST-1591,Customer 657,33,Female,West,Consumer,Office Supplies,Binder,5,7.17,0.0,35.85,4.88,Cash
ORD-100120,2023-11-17 18:00:00,CUST-1477,Customer 387,68,Male,South,Consumer,Office Supplies,Printer Paper,5,19.85,0.15,84.36,10.15,UPI
ORD-100121,2024-05-02 16:00:00,CUST-1242,Customer 168,45,Male,Central,Home Office,Furniture,Lamp,1,39.28,0.0,39.28,11.73,UPI
ORD-100122,2024-04-22 15:00:00,CUST-1576,Customer 101,38,Male,Central,Corporate,Furniture,Office Chair,5,156.67,0.2,626.68,200.04,UPI
ORD-100123,2023-12-10 16:00:00,CUST-1034,Customer 751,63,Male,West,Corporate,Office Supplies,Stapler,6,12.65,0.05,72.1,23.38,Cash
ORD-100124,2024-09-16 09:00:00,CUST-1081,Customer 440,37,Female,East,Consumer,Office Supplies,Binder,1,7.07,0.1,6.36,1.92,UPI
ORD-100125,2024-02-17 17:00:00,CUST-1485,Customer 66,59,Male,West,Consumer,Electronics,Tablet,7,358.47,0.15,2132.9,249.69,UPI
ORD-100126,2023-02-27 11:00:00,CUST-1218,Customer 336,51,Female,West,Corporate,Furniture,Bookshelf,4,92.88,0.0,371.52,39.53,Credit Card
ORD-100127,2024-07-12 14:00:00,CUST-1380,Customer 22,33,Female,South,Consumer,Electronics,Laptop,5,803.93,0.05,3818.67,820.15,Credit Card
ORD-100128,2024-02-24 16:00:00,CUST-1753,Customer 181,67,Female,South,Corporate,Home & Kitchen,Coffee Maker,1,66.4,0.0,66.4,14.66,Credit Card
ORD-100129,2024-04-08 15:00:00,CUST-1275,Customer 119,53,Female,East,Corporate,Home & Kitchen,Cookware Set,5,132.95,0.0,664.75,184.71,UPI
ORD-100130,2024-02-17 12:00:00,CUST-1337,Customer 835,69,Female,South,Consumer,Furniture,Sofa,4,464.24,0.0,1856.96,260.3,UPI
ORD-100131,2024-02-09 13:00:00,CUST-1516,Customer 346,18,Female,Central,Consumer,Electronics,Tablet,3,375.72,0.05,1070.8,354.82,Net Banking
ORD-100132,2023-03-08 14:00:00,CUST-1589,Customer 156,32,Male,Central,Home Office,Electronics,Laptop,6,1005.93,0.1,5432.02,889.12,Credit Card
ORD-100133,2024-02-13 08:00:00,CUST-1761,Customer 591,35,Female,South,Home Office,Office Supplies,Pen Set,2,8.03,0.0,16.06,3.79,UPI
ORD-100134,2024-08-03 17:00:00,CUST-1254,Customer 895,53,Male,West,Consumer,Home & Kitchen,Coffee Maker,1,61.88,0.1,55.69,17.45,Cash
ORD-100135,2023-08-10 09:00:00,CUST-1722,Customer 433,61,Male,West,Consumer,Office Supplies,Binder,4,6.5,0.0,26.0,5.75,Credit Card
ORD-100136,2024-03-16 13:00:00,CUST-1176,Customer 165,24,Female,South,Corporate,Electronics,Laptop,6,725.33,0.0,4351.98,1233.61,UPI
ORD-100137,2023-01-23 16:00:00,CUST-1532,Customer 428,25,Female,East,Corporate,Electronics,Smartphone,1,697.78,0.0,697.78,196.94,UPI
ORD-100138,2023-09-11 09:00:00,CUST-1063,Customer 561,53,Male,Central,Consumer,Electronics,Smartphone,7,641.07,0.05,4263.12,1250.4,Credit Card
ORD-100139,2023-11-15 20:00:00,CUST-1767,Customer 779,36,Female,South,Home Office,Clothing,T-Shirt,5,18.39,0.05,87.35,26.12,Credit Card
ORD-100140,2024-12-18 12:00:00,CUST-1631,Customer 126,54,Male,South,Home Office,Office Supplies,Printer Paper,7,18.89,0.0,132.23,24.59,Credit Card
ORD-100141,2023-06-06 08:00:00,CUST-1316,Customer 503,18,Female,East,Consumer,Office Supplies,Stapler,4,12.37,0.0,49.48,8.82,Credit Card
ORD-100142,2023-07-21 16:00:00,CUST-1720,Customer 38,45,Female,Central,Consumer,Furniture,Bookshelf,1,86.7,0.05,82.36,24.46,Net Banking
ORD-100143,2023-10-26 15:00:00,CUST-1080,Customer 457,19,Male,East,Consumer,Home & Kitchen,Storage Box,2,15.18,0.1,27.32,6.46,Credit Card
ORD-100144,2024-12-25 16:00:00,CUST-1291,Customer 14,67,Male,South,Home Office,Furniture,Bookshelf,4,89.58,0.0,358.32,87.46,Credit Card
ORD-100145,2024-09-14 17:00:00,CUST-1361,Customer 378,25,Female,West,Corporate,Clothing,Jeans,5,52.34,0.1,235.53,45.04,UPI
ORD-100146,2023-01-26 14:00:00,CUST-1527,Customer 446,27,Male,Central,Home Office,Home & Kitchen,Coffee Maker,6,62.82,0.05,358.07,48.14,Net Banking
ORD-100147,2023-06-20 18:00:00,CUST-1528,Customer 880,23,Other,South,Corporate,Office Supplies,Binder,6,5.78,0.05,32.95,6.7,Credit Card
ORD-100148,2024-08-22 12:00:00,CUST-1042,Customer 174,29,Male,West,Corporate,Home & Kitchen,Cookware Set,6,110.08,0.0,660.48,225.76,UPI
ORD-100149,2023-02-12 15:00:00,CUST-1641,Customer 219,43,Male,West,Consumer,Electronics,Laptop,5,849.57,0.15,3610.67,572.41,Credit Card
ORD-100150,2024-09-16 10:00:00,CUST-1115,Customer 521,50,Female,West,Consumer,Office Supplies,Printer Paper,1,16.14,0.05,15.33,2.35,Credit Card
ORD-100151,2023-07-25 16:00:00,CUST-1750,Customer 140,64,Female,Central,Home Office,Electronics,Smartwatch,4,212.09,0.0,848.36,97.83,Net Banking
ORD-100152,2024-10-31 11:00:00,CUST-1327,Customer 53,63,Male,Central,Consumer,Office Supplies,Pen Set,6,7.09,0.15,36.16,7.59,UPI
ORD-100153,2023-08-03 17:00:00,CUST-1413,Customer 443,22,Female,South,Home Office,Electronics,Headphones,6,86.63,0.1,467.8,73.87,UPI
ORD-100154,2023-11-14 18:00:00,CUST-1312,Customer 216,40,Male,East,Consumer,Electronics,Headphones,6,75.5,0.1,407.7,108.25,Credit Card
ORD-100155,2024-04-28 19:00:00,CUST-1298,Customer 610,63,Male,West,Corporate,Electronics,Laptop,1,862.98,0.1,776.68,90.47,UPI
ORD-100156,2023-04-03 20:00:00,CUST-1360,Customer 84,26,Female,West,Corporate,Furniture,Office Chair,4,128.8,0.0,515.2,75.62,Credit Card
ORD-100157,2024-02-11 09:00:00,CUST-1225,Customer 20,52,Female,East,Consumer,Office Supplies,Printer Paper,5,19.9,0.1,89.55,8.66,Credit Card
ORD-100158,2024-01-04 09:00:00,CUST-1723,Customer 200,40,Female,Central,Consumer,Furniture,Sofa,2,567.31,0.0,1134.62,103.47,UPI
ORD-100159,2024-07-26 20:00:00,CUST-1485,Customer 771,26,Female,West,Home Office,Furniture,Sofa,3,445.25,0.15,1135.39,340.41,UPI
ORD-100160,2024-12-28 12:00:00,CUST-1362,Customer 497,21,Female,East,Consumer,Home & Kitchen,Coffee Maker,1,82.85,0.0,82.85,26.89,UPI
ORD-100161,2024-04-29 08:00:00,CUST-1554,Customer 255,33,Male,Central,Consumer,Home & Kitchen,Cookware Set,2,115.66,0.0,231.32,66.22,Credit Card
ORD-100162,2023-10-26 11:00:00,CUST-1046,Customer 537,18,Female,West,Corporate,Electronics,Tablet,1,355.38,0.0,355.38,111.45,Cash
ORD-100163,2023-10-24 18:00:00,CUST-1505,Customer 581,28,Male,Central,Corporate,Furniture,Desk,7,241.02,0.1,1518.43,156.98,Net Banking
ORD-100164,2023-11-02 12:00:00,CUST-1135,Customer 398,46,Female,East,Home Office,Office Supplies,Printer Paper,7,16.56,0.05,110.12,35.51,Net Banking
ORD-100165,2024-08-17 08:00:00,CUST-1156,Customer 156,59,Female,East,Consumer,Clothing,T-Shirt,3,18.1,0.1,48.87,10.06,Credit Card
ORD-100166,2023-08-23 17:00:00,CUST-1526,Customer 333,44,Female,East,Consumer,Furniture,Office Chair,1,122.32,0.0,122.32,35.17,Credit Card
ORD-100167,2023-05-02 10:00:00,CUST-1356,Customer 784,55,Male,West,Consumer,Clothing,Hoodie,3,43.76,0.0,131.28,32.33,UPI
ORD-100168,2023-09-02 12:00:00,CUST-1141,Customer 631,21,Male,Central,Home Office,Electronics,Laptop,4,846.44,0.05,3216.47,561.16,UPI
ORD-100169,2023-01-17 08:00:00,CUST-1059,Customer 323,33,Male,Central,Home Office,Furniture,Sofa,2,557.8,0.0,1115.6,169.01,Net Banking
ORD-100170,2023-03-19 15:00:00,CUST-1487,Customer 808,52,Female,East,Corporate,Clothing,Jacket,5,70.94,0.05,336.96,37.7,Credit Card
ORD-100171,2023-03-07 13:00:00,CUST-1416,Customer 169,20,Male,Central,Consumer,Office Supplies,Binder,7,7.04,0.2,39.42,7.55,UPI
ORD-100172,2024-07-17 19:00:00,CUST-1190,Customer 151,48,Male,West,Home Office,Clothing,Jacket,6,67.45,0.05,384.46,82.05,Credit Card
ORD-100173,2024-06-11 12:00:00,CUST-1171,Customer 18,26,Female,Central,Consumer,Electronics,Smartwatch,6,201.86,0.0,1211.16,418.38,Net Banking
ORD-100174,2024-05-23 10:00:00,CUST-1594,Customer 83,39,Male,East,Consumer,Electronics,Tablet,6,325.63,0.05,1856.09,167.18,Credit Card
ORD-100175,2023-12-04 10:00:00,CUST-1711,Customer 278,50,Male,Central,Consumer,Electronics,Tablet,1,310.63,0.15,264.04,63.2,Net Banking
ORD-100176,2024-06-07 10:00:00,CUST-1749,Customer 50,69,Female,Central,Corporate,Electronics,Smartwatch,4,167.75,0.05,637.45,141.35,Net Banking
ORD-100177,2023-04-28 13:00:00,CUST-1646,Customer 341,22,Male,Central,Consumer,Electronics,Laptop,4,917.55,0.1,3303.18,284.67,Credit Card
ORD-100178,2024-10-19 09:00:00,CUST-1189,Customer 63,46,Male,West,Consumer,Office Supplies,Notebook,1,3.73,0.0,3.73,0.63,Cash
ORD-100179,2024-01-01 13:00:00,CUST-1585,Customer 32,45,Male,East,Corporate,Office Supplies,Stapler,2,12.61,0.1,22.7,4.41,Credit Card
ORD-100180,2024-11-15 19:00:00,CUST-1308,Customer 524,21,Female,East,Corporate,Office Supplies,Printer Paper,4,21.47,0.0,85.88,18.33,Credit Card
ORD-100181,2023-04-22 17:00:00,CUST-1089,Customer 500,49,Female,South,Consumer,Furniture,Sofa,6,461.08,0.1,2489.83,356.13,UPI
ORD-100182,2023-12-30 16:00:00,CUST-1135,Customer 715,21,Male,Central,Consumer,Electronics,Smartwatch,2,163.82,0.15,278.49,24.84,Net Banking
ORD-100183,2024-05-23 19:00:00,CUST-1357,Customer 409,53,Female,Central,Corporate,Office Supplies,Notebook,4,3.6,0.15,12.24,1.95,Credit Card
ORD-100184,2023-12-28 18:00:00,CUST-1224,Customer 777,28,Male,West,Consumer,Electronics,Laptop,1,758.0,0.0,758.0,231.81,Credit Card
ORD-100185,2023-11-22 16:00:00,CUST-1144,Customer 444,24,Female,East,Consumer,Home & Kitchen,Blender,1,55.67,0.1,50.1,14.94,UPI
ORD-100186,2023-05-02 19:00:00,CUST-1616,Customer 245,21,Male,West,Home Office,Electronics,Headphones,5,88.85,0.0,444.25,57.22,UPI
ORD-100187,2023-10-06 09:00:00,CUST-1035,Customer 120,41,Female,Central,Corporate,Office Supplies,Printer Paper,4,17.17,0.05,65.25,16.61,Credit Card
ORD-100188,2023-06-24 18:00:00,CUST-1764,Customer 441,30,Female,East,Consumer,Home & Kitchen,Blender,6,49.56,0.05,282.49,93.05,Credit Card
ORD-100189,2023-08-09 11:00:00,CUST-1321,Customer 345,42,Female,South,Corporate,Office Supplies,Binder,7,6.45,0.05,42.89,5.42,Credit Card
ORD-100190,2024-05-14 17:00:00,CUST-1261,Customer 462,64,Male,East,Corporate,Office Supplies,Pen Set,2,7.64,0.0,15.28,1.75,UPI
ORD-100191,2024-04-05 19:00:00,CUST-1250,Customer 871,61,Female,Central,Consumer,Clothing,Sneakers,3,89.36,0.05,254.68,21.9,UPI
ORD-100192,2024-03-19 14:00:00,CUST-1539,Customer 48,57,Male,West,Corporate,Electronics,Smartwatch,6,223.6,0.05,1274.52,161.29,UPI
ORD-100193,2023-09-22 09:00:00,CUST-1734,Customer 322,42,Female,South,Corporate,Office Supplies,Notebook,1,3.81,0.05,3.62,1.09,Credit Card
ORD-100194,2024-12-01 12:00:00,CUST-1215,Customer 123,23,Female,South,Consumer,Home & Kitchen,Storage Box,6,16.47,0.05,93.88,28.14,Cash
ORD-100195,2023-03-05 13:00:00,CUST-1740,Customer 713,39,Female,West,Consumer,Home & Kitchen,Storage Box,7,18.12,0.1,114.16,25.79,UPI
ORD-100196,2023-09-08 20:00:00,CUST-1726,Customer 483,19,Female,West,Consumer,Furniture,Lamp,1,38.22,0.0,38.22,6.5,Credit Card
ORD-100197,2023-03-28 20:00:00,CUST-1747,Customer 112,24,Female,South,Corporate,Furniture,Office Chair,1,155.82,0.0,155.82,46.41,Net Banking
ORD-100198,2023-09-05 15:00:00,CUST-1494,Customer 717,33,Female,Central,Corporate,Clothing,Jeans,5,50.42,0.05,239.5,31.77,UPI
ORD-100199,2024-12-03 20:00:00,CUST-1011,Customer 111,54,Male,East,Corporate,Office Supplies,Pen Set,4,8.31,0.1,29.92,3.52,UPI
ORD-100200,2023-09-25 13:00:00,CUST-1248,Customer 694,58,Male,Central,Consumer,Electronics,Headphones,7,83.01,0.0,581.07,60.48,Credit Card
ORD-100201,2024-10-25 13:00:00,CUST-1415,Customer 899,50,Female,West,Corporate,Electronics,Tablet,4,374.55,0.0,1498.2,464.23,Credit Card
ORD-100202,2023-12-28 18:00:00,CUST-1637,Customer 461,31,Female,East,Corporate,Electronics,Smartwatch,5,207.89,0.15,883.53,241.21,UPI
ORD-100203,2024-05-25 16:00:00,CUST-1014,Customer 583,55,Female,South,Consumer,Furniture,Sofa,2,520.57,0.15,884.97,220.04,Net Banking
ORD-100204,2023-11-30 14:00:00,CUST-1465,Customer 22,69,Female,South,Home Office,Electronics,Headphones,3,78.7,0.05,224.3,62.0,UPI
ORD-100205,2023-07-14 13:00:00,CUST-1483,Customer 598,52,Female,East,Consumer,Electronics,Tablet,2,387.6,0.1,697.68,82.84,Credit Card
ORD-100206,2024-07-11 17:00:00,CUST-1033,Customer 136,57,Male,West,Corporate,Electronics,Tablet,2,317.11,0.2,507.38,93.3,UPI
ORD-100207,2024-12-08 17:00:00,CUST-1406,Customer 383,63,Male,East,Home Office,Home & Kitchen,Storage Box,1,14.47,0.05,13.75,4.12,Credit Card
ORD-100208,2023-07-12 14:00:00,CUST-1333,Customer 463,55,Female,South,Corporate,Electronics,Tablet,7,330.07,0.0,2310.49,756.75,Credit Card
ORD-100209,2024-07-22 08:00:00,CUST-1344,Customer 685,63,Male,South,Consumer,Electronics,Smartwatch,1,178.38,0.05,169.46,37.03,Cash
ORD-100210,2023-07-10 09:00:00,CUST-1596,Customer 705,33,Male,South,Consumer,Furniture,Office Chair,4,151.5,0.15,515.1,58.18,UPI
ORD-100211,2024-06-07 09:00:00,CUST-1042,Customer 835,33,Female,East,Corporate,Electronics,Smartphone,4,577.13,0.05,2193.09,754.86,UPI
ORD-100212,2024-07-29 14:00:00,CUST-1600,Customer 677,27,Male,East,Consumer,Home & Kitchen,Towel Pack,1,23.75,0.0,23.75,4.43,Credit Card
ORD-100213,2023-11-25 15:00:00,CUST-1083,Customer 74,27,Male,West,Corporate,Home & Kitchen,Coffee Maker,6,72.07,0.15,367.56,61.06,Credit Card
ORD-100214,2024-06-21 18:00:00,CUST-1567,Customer 616,46,Female,East,Corporate,Furniture,Office Chair,4,126.47,0.1,455.29,51.17,UPI
ORD-100215,2023-07-18 11:00:00,CUST-1250,Customer 155,66,Female,East,Consumer,Furniture,Lamp,1,32.92,0.0,32.92,2.75,UPI
ORD-100216,2023-02-27 18:00:00,CUST-1416,Customer 852,29,Female,East,Corporate,Furniture,Bookshelf,1,92.93,0.2,74.34,18.06,UPI
ORD-100217,2023-03-12 16:00:00,CUST-1193,Customer 779,55,Female,Central,Consumer,Electronics,Tablet,5,376.24,0.1,1693.08,415.41,UPI
ORD-100218,2023-11-23 08:00:00,CUST-1786,Customer 279,22,Female,Central,Corporate,Furniture,Desk,5,217.67,0.1,979.52,140.31,UPI
ORD-100219,2024-10-20 12:00:00,CUST-1143,Customer 72,68,Female,Central,Consumer,Electronics,Smartphone,3,577.52,0.15,1472.68,182.22,UPI
ORD-100220,2023-04-04 11:00:00,CUST-1328,Customer 814,45,Male,East,Consumer,Electronics,Smartphone,3,591.03,0.0,1773.09,394.62,Credit Card
ORD-100221,2023-11-29 19:00:00,CUST-1681,Customer 323,43,Male,Central,Consumer,Office Supplies,Pen Set,1,7.07,0.1,6.36,1.26,UPI
ORD-100222,2024-05-28 19:00:00,CUST-1303,Customer 765,36,Female,West,Consumer,Electronics,Headphones,1,68.7,0.0,68.7,11.13,UPI
ORD-100223,2023-05-28 18:00:00,CUST-1022,Customer 75,68,Female,West,Corporate,Electronics,Smartphone,4,738.17,0.15,2509.78,348.67,UPI
ORD-100224,2024-06-10 14:00:00,CUST-1160,Customer 228,39,Male,Central,Consumer,Office Supplies,Binder,3,5.3,0.15,13.51,4.22,Credit Card
ORD-100225,2023-08-12 14:00:00,CUST-1174,Customer 367,24,Male,Central,Consumer,Furniture,Desk,2,196.62,0.1,353.92,122.33,Net Banking
ORD-100226,2024-08-13 12:00:00,CUST-1064,Customer 115,47,Male,East,Home Office,Electronics,Headphones,3,92.39,0.1,249.45,43.9,Credit Card
ORD-100227,2024-02-27 18:00:00,CUST-1733,Customer 402,48,Male,South,Consumer,Electronics,Tablet,5,367.96,0.1,1655.82,444.58,Net Banking
ORD-100228,2024-02-04 09:00:00,CUST-1662,Customer 831,56,Male,West,Consumer,Electronics,Headphones,3,80.21,0.0,240.63,75.49,Cash
ORD-100229,2023-05-10 11:00:00,CUST-1697,Customer 162,43,Female,Central,Corporate,Electronics,Laptop,3,915.58,0.0,2746.74,239.72,UPI
ORD-100230,2023-12-05 09:00:00,CUST-1440,Customer 378,32,Female,South,Corporate,Clothing,T-Shirt,2,21.19,0.0,42.38,13.78,Credit Card
ORD-100231,2024-09-17 14:00:00,CUST-1284,Customer 74,18,Female,Central,Consumer,Home & Kitchen,Cookware Set,5,106.17,0.1,477.77,102.61,UPI
ORD-100232,2023-01-15 11:00:00,CUST-1684,Customer 592,69,Male,Central,Consumer,Furniture,Sofa,1,448.94,0.05,426.49,98.23,Credit Card
ORD-100233,2024-07-07 10:00:00,CUST-1643,Customer 376,28,Male,West,Home Office,Furniture,Lamp,7,40.29,0.05,267.93,60.49,Net Banking
ORD-100234,2023-12-26 12:00:00,CUST-1581,Customer 459,36,Male,West,Corporate,Clothing,T-Shirt,4,20.22,0.0,80.88,11.78,Credit Card
ORD-100235,2024-06-09 19:00:00,CUST-1121,Customer 463,25,Female,South,Home Office,Office Supplies,Stapler,2,14.38,0.05,27.32,7.96,Credit Card
ORD-100236,2024-04-29 15:00:00,CUST-1674,Customer 592,30,Female,South,Consumer,Electronics,Smartphone,6,595.12,0.05,3392.18,942.11,UPI
ORD-100237,2023-11-12 18:00:00,CUST-1512,Customer 663,21,Male,Central,Consumer,Electronics,Headphones,7,94.46,0.2,528.98,56.0,Credit Card
ORD-100238,2023-08-14 19:00:00,CUST-1559,Customer 871,35,Female,Central,Corporate,Furniture,Bookshelf,1,87.33,0.15,74.23,17.22,UPI
ORD-100239,2024-04-02 19:00:00,CUST-1706,Customer 653,67,Female,Central,Consumer,Office Supplies,Pen Set,2,8.8,0.05,16.72,5.66,UPI
ORD-100240,2023-04-13 12:00:00,CUST-1213,Customer 761,29,Male,Central,Consumer,Electronics,Laptop,2,985.12,0.1,1773.22,558.94,Credit Card
ORD-100241,2024-03-02 19:00:00,CUST-1377,Customer 63,68,Female,East,Consumer,Furniture,Office Chair,1,127.37,0.0,127.37,31.71,Credit Card
ORD-100242,2023-03-11 19:00:00,CUST-1271,Customer 110,50,Male,West,Consumer,Furniture,Bookshelf,6,82.98,0.0,497.88,66.54,UPI
ORD-100243,2024-04-19 20:00:00,CUST-1133,Customer 394,64,Female,West,Home Office,Electronics,Smartphone,2,653.07,0.05,1240.83,215.59,UPI
ORD-100244,2024-04-03 12:00:00,CUST-1407,Customer 125,50,Female,West,Home Office,Office Supplies,Pen Set,3,9.16,0.1,24.73,2.98,UPI
ORD-100245,2023-03-03 10:00:00,CUST-1463,Customer 759,69,Male,Central,Consumer,Office Supplies,Notebook,6,3.51,0.0,21.06,6.36,Credit Card
ORD-100246,2024-07-06 15:00:00,CUST-1214,Customer 772,46,Male,South,Consumer,Office Supplies,Notebook,5,4.59,0.0,22.95,6.66,UPI
ORD-100247,2023-10-31 20:00:00,CUST-1598,Customer 537,61,Female,South,Home Office,Electronics,Laptop,5,824.58,0.05,3916.76,1276.07,Credit Card
ORD-100248,2024-07-28 19:00:00,CUST-1241,Customer 438,19,Female,South,Corporate,Electronics,Smartphone,1,615.15,0.0,615.15,59.74,Credit Card
ORD-100249,2023-01-31 15:00:00,CUST-1692,Customer 769,66,Female,South,Corporate,Clothing,T-Shirt,7,17.44,0.0,122.08,41.56,UPI
ORD-100250,2023-05-12 09:00:00,CUST-1589,Customer 511,18,Male,Central,Corporate,Office Supplies,Pen Set,1,9.35,0.05,8.88,3.03,Credit Card
ORD-100251,2023-12-27 13:00:00,CUST-1303,Customer 855,28,Female,Central,Consumer,Electronics,Smartphone,5,555.38,0.15,2360.37,618.63,UPI
ORD-100252,2023-05-18 17:00:00,CUST-1588,Customer 725,56,Male,East,Consumer,Electronics,Smartphone,5,651.62,0.0,3258.1,1036.31,Credit Card
ORD-100253,2023-08-29 15:00:00,CUST-1227,Customer 301,31,Male,South,Home Office,Clothing,T-Shirt,3,16.23,0.0,48.69,9.66,UPI
ORD-100254,2024-04-27 12:00:00,CUST-1477,Customer 582,20,Male,East,Consumer,Clothing,T-Shirt,6,21.15,0.0,126.9,20.89,Credit Card
ORD-100255,2023-04-16 12:00:00,CUST-1548,Customer 120,62,Female,Central,Corporate,Home & Kitchen,Storage Box,7,18.07,0.0,126.49,15.39,Credit Card
ORD-100256,2024-05-09 08:00:00,CUST-1161,Customer 43,44,Female,East,Home Office,Office Supplies,Printer Paper,1,16.77,0.1,15.09,1.34,Cash
ORD-100257,2023-03-17 11:00:00,CUST-1199,Customer 76,42,Male,West,Consumer,Furniture,Office Chair,7,133.59,0.0,935.13,85.41,Net Banking
ORD-100258,2023-05-08 16:00:00,CUST-1100,Customer 887,34,Female,West,Home Office,Furniture,Desk,2,216.38,0.0,432.76,115.43,Net Banking
ORD-100259,2024-03-04 11:00:00,CUST-1194,Customer 114,55,Female,Central,Consumer,Electronics,Smartphone,6,614.98,0.15,3136.4,535.93,UPI
ORD-100260,2024-08-02 20:00:00,CUST-1558,Customer 186,34,Male,South,Home Office,Office Supplies,Binder,6,6.82,0.1,36.83,3.48,Credit Card
ORD-100261,2023-05-05 09:00:00,CUST-1145,Customer 614,47,Male,East,Consumer,Office Supplies,Binder,4,6.29,0.0,25.16,2.78,Cash
ORD-100262,2023-08-07 15:00:00,CUST-1708,Customer 157,24,Male,East,Consumer,Electronics,Smartwatch,7,189.96,0.0,1329.72,345.23,UPI
ORD-100263,2024-11-06 14:00:00,CUST-1293,Customer 108,33,Male,South,Corporate,Home & Kitchen,Blender,6,60.6,0.1,327.24,109.12,Net Banking
ORD-100264,2024-12-23 18:00:00,CUST-1240,Customer 626,19,Male,East,Home Office,Furniture,Bookshelf,4,90.92,0.05,345.5,65.7,UPI
ORD-100265,2024-02-29 19:00:00,CUST-1351,Customer 857,32,Female,Central,Corporate,Electronics,Headphones,2,71.59,0.15,121.7,35.29,UPI
ORD-100266,2023-11-23 15:00:00,CUST-1507,Customer 116,37,Male,South,Corporate,Furniture,Sofa,4,426.06,0.0,1704.24,584.33,Credit Card
ORD-100267,2023-09-11 16:00:00,CUST-1579,Customer 593,56,Female,Central,Home Office,Home & Kitchen,Storage Box,7,15.43,0.1,97.21,26.37,Credit Card
ORD-100268,2024-03-23 17:00:00,CUST-1540,Customer 481,60,Female,East,Corporate,Home & Kitchen,Coffee Maker,2,74.27,0.0,148.54,40.88,UPI
ORD-100269,2024-03-07 14:00:00,CUST-1086,Customer 860,45,Male,Central,Home Office,Office Supplies,Stapler,7,10.77,0.0,75.39,18.57,Net Banking
ORD-100270,2023-08-04 10:00:00,CUST-1698,Customer 858,66,Male,South,Consumer,Home & Kitchen,Coffee Maker,2,72.98,0.1,131.36,45.18,UPI
ORD-100271,2023-01-17 13:00:00,CUST-1340,Customer 507,36,Male,West,Consumer,Home & Kitchen,Coffee Maker,5,66.11,0.1,297.5,47.88,Credit Card
ORD-100272,2023-04-21 11:00:00,CUST-1688,Customer 796,43,Female,Central,Consumer,Clothing,Jeans,5,49.2,0.0,246.0,71.69,Credit Card
ORD-100273,2024-11-30 14:00:00,CUST-1526,Customer 182,50,Female,East,Home Office,Home & Kitchen,Towel Pack,2,18.92,0.0,37.84,7.27,Credit Card
ORD-100274,2023-11-02 15:00:00,CUST-1057,Customer 532,27,Female,South,Consumer,Furniture,Bookshelf,4,91.27,0.1,328.57,40.07,Net Banking
ORD-100275,2023-12-19 10:00:00,CUST-1435,Customer 152,39,Female,East,Consumer,Clothing,Sneakers,2,73.8,0.0,147.6,41.27,Credit Card
ORD-100276,2023-12-07 11:00:00,CUST-1665,Customer 23,64,Female,West,Consumer,Office Supplies,Printer Paper,3,17.38,0.0,52.14,15.85,Credit Card
ORD-100277,2024-07-25 18:00:00,CUST-1630,Customer 691,42,Female,East,Consumer,Clothing,Jeans,7,38.5,0.0,269.5,84.4,UPI
ORD-100278,2023-02-17 12:00:00,CUST-1580,Customer 509,66,Female,South,Corporate,Electronics,Tablet,1,344.82,0.0,344.82,113.41,UPI
ORD-100279,2023-03-02 10:00:00,CUST-1713,Customer 1,53,Female,Central,Consumer,Clothing,T-Shirt,7,20.13,0.1,126.82,35.65,UPI
ORD-100280,2023-07-21 17:00:00,CUST-1450,Customer 726,26,Female,East,Home Office,Home & Kitchen,Storage Box,5,14.16,0.0,70.8,15.75,Credit Card
ORD-100281,2023-12-22 17:00:00,CUST-1170,Customer 787,41,Male,East,Home Office,Furniture,Office Chair,6,155.03,0.05,883.67,294.66,Net Banking
ORD-100282,2024-05-04 18:00:00,CUST-1002,Customer 358,37,Female,South,Corporate,Home & Kitchen,Coffee Maker,2,73.81,0.05,140.24,19.15,UPI
ORD-100283,2023-12-25 17:00:00,CUST-1726,Customer 27,67,Female,East,Consumer,Furniture,Lamp,7,35.93,0.0,251.51,25.37,Credit Card
ORD-100284,2023-11-19 20:00:00,CUST-1518,Customer 266,35,Female,Central,Home Office,Electronics,Smartwatch,2,201.37,0.05,382.6,75.2,Credit Card
ORD-100285,2024-11-15 15:00:00,CUST-1708,Customer 544,43,Female,Central,Consumer,Electronics,Smartphone,4,599.89,0.0,2399.56,569.17,UPI
ORD-100286,2023-04-28 11:00:00,CUST-1634,Customer 49,53,Male,Central,Consumer,Clothing,Hoodie,1,43.94,0.1,39.55,10.43,UPI
ORD-100287,2024-02-22 19:00:00,CUST-1291,Customer 350,68,Female,Central,Consumer,Office Supplies,Notebook,7,4.49,0.1,28.29,8.49,UPI
ORD-100288,2024-01-31 11:00:00,CUST-1134,Customer 198,46,Female,South,Consumer,Furniture,Sofa,5,538.74,0.1,2424.33,211.46,Credit Card
ORD-100289,2023-12-12 11:00:00,CUST-1650,Customer 550,62,Female,East,Corporate,Office Supplies,Stapler,2,11.33,0.0,22.66,6.72,Credit Card
ORD-100290,2024-08-12 18:00:00,CUST-1684,Customer 186,24,Male,West,Consumer,Furniture,Desk,5,237.35,0.1,1068.08,258.51,Credit Card
ORD-100291,2023-07-14 19:00:00,CUST-1412,Customer 704,64,Male,East,Corporate,Furniture,Lamp,2,31.56,0.05,59.96,20.22,UPI
ORD-100292,2024-11-27 12:00:00,CUST-1198,Customer 273,28,Male,West,Corporate,Home & Kitchen,Towel Pack,4,22.51,0.0,90.04,15.66,UPI
ORD-100293,2023-08-31 17:00:00,CUST-1648,Customer 101,57,Male,West,Consumer,Office Supplies,Notebook,4,3.4,0.0,13.6,3.35,Credit Card
ORD-100294,2024-02-02 19:00:00,CUST-1671,Customer 244,45,Female,Central,Consumer,Clothing,T-Shirt,7,16.52,0.0,115.64,33.18,UPI
ORD-100295,2024-01-16 18:00:00,CUST-1598,Customer 851,49,Male,South,Corporate,Office Supplies,Notebook,3,4.28,0.0,12.84,2.82,Net Banking
ORD-100296,2024-09-12 08:00:00,CUST-1421,Customer 717,22,Female,South,Consumer,Home & Kitchen,Cookware Set,1,138.72,0.0,138.72,16.94,Credit Card
ORD-100297,2023-11-17 16:00:00,CUST-1769,Customer 536,45,Female,West,Consumer,Electronics,Headphones,4,69.37,0.15,235.86,22.04,Credit Card
ORD-100298,2023-07-27 10:00:00,CUST-1756,Customer 187,22,Female,Central,Corporate,Electronics,Smartwatch,7,198.64,0.2,1112.38,122.45,Credit Card
ORD-100299,2023-01-16 19:00:00,CUST-1176,Customer 344,46,Female,Central,Consumer,Electronics,Smartwatch,6,203.85,0.0,1223.1,261.28,Credit Card
ORD-100300,2023-09-23 08:00:00,CUST-1250,Customer 420,39,Female,South,Consumer,Office Supplies,Notebook,1,4.71,0.15,4.0,1.01,Credit Card
ORD-100301,2024-08-26 20:00:00,CUST-1588,Customer 881,28,Male,East,Consumer,Office Supplies,Stapler,1,12.95,0.1,11.66,2.73,Net Banking
ORD-100302,2023-01-08 10:00:00,CUST-1123,Customer 292,43,Male,Central,Corporate,Clothing,Sneakers,6,75.32,0.05,429.32,116.98,Cash
ORD-100303,2024-10-16 13:00:00,CUST-1011,Customer 730,29,Female,West,Consumer,Furniture,Lamp,6,31.55,0.2,151.44,13.71,UPI
ORD-100304,2024-02-01 11:00:00,CUST-1412,Customer 258,22,Male,West,Corporate,Electronics,Smartphone,4,664.96,0.1,2393.86,279.63,Net Banking
ORD-100305,2023-04-13 18:00:00,CUST-1737,Customer 146,19,Male,Central,Consumer,Office Supplies,Notebook,1,3.7,0.05,3.52,1.0,Credit Card
ORD-100306,2023-08-09 13:00:00,CUST-1702,Customer 694,35,Female,East,Consumer,Home & Kitchen,Blender,2,64.62,0.0,129.24,37.6,Net Banking
ORD-100307,2024-02-09 17:00:00,CUST-1159,Customer 80,56,Female,East,Home Office,Furniture,Desk,6,257.89,0.0,1547.34,417.19,Net Banking
ORD-100308,2023-08-19 08:00:00,CUST-1181,Customer 690,47,Male,Central,Corporate,Electronics,Headphones,1,94.56,0.15,80.38,22.61,UPI
ORD-100309,2023-03-21 13:00:00,CUST-1298,Customer 830,24,Female,East,Home Office,Furniture,Desk,2,209.56,0.0,419.12,142.55,Net Banking
ORD-100310,2024-05-01 19:00:00,CUST-1741,Customer 133,41,Male,West,Consumer,Furniture,Office Chair,4,154.13,0.0,616.52,206.5,Cash
ORD-100311,2024-05-05 20:00:00,CUST-1674,Customer 526,48,Male,Central,Consumer,Electronics,Smartphone,6,670.87,0.0,4025.22,1022.45,Credit Card
ORD-100312,2023-03-28 10:00:00,CUST-1725,Customer 150,30,Male,Central,Corporate,Furniture,Desk,6,189.74,0.05,1081.52,179.77,Credit Card
ORD-100313,2023-07-25 13:00:00,CUST-1382,Customer 417,25,Male,Central,Home Office,Office Supplies,Stapler,5,11.32,0.0,56.6,4.74,UPI
ORD-100314,2023-06-28 13:00:00,CUST-1062,Customer 416,30,Male,South,Corporate,Furniture,Office Chair,4,129.13,0.15,439.04,109.99,UPI
ORD-100315,2024-04-26 15:00:00,CUST-1531,Customer 70,21,Female,West,Corporate,Furniture,Sofa,3,470.3,0.0,1410.9,277.17,Credit Card
ORD-100316,2024-06-17 14:00:00,CUST-1721,Customer 168,30,Male,East,Corporate,Electronics,Headphones,1,94.69,0.15,80.49,9.63,Credit Card
ORD-100317,2024-06-14 09:00:00,CUST-1289,Customer 488,45,Male,East,Consumer,Home & Kitchen,Coffee Maker,2,80.22,0.05,152.42,21.05,Credit Card
ORD-100318,2024-11-16 17:00:00,CUST-1192,Customer 755,59,Male,West,Corporate,Furniture,Lamp,2,33.34,0.05,63.35,21.09,Credit Card
ORD-100319,2024-07-15 10:00:00,CUST-1444,Customer 245,63,Male,West,Corporate,Furniture,Sofa,1,497.05,0.0,497.05,48.65,UPI
ORD-100320,2023-08-23 12:00:00,CUST-1192,Customer 755,52,Female,South,Consumer,Electronics,Laptop,6,779.7,0.0,4678.2,1368.92,Credit Card
ORD-100321,2023-03-20 18:00:00,CUST-1676,Customer 174,36,Male,West,Consumer,Office Supplies,Notebook,3,3.79,0.15,9.66,3.13,Credit Card
ORD-100322,2024-03-24 16:00:00,CUST-1321,Customer 22,66,Female,West,Consumer,Home & Kitchen,Blender,4,48.0,0.1,172.8,45.94,Net Banking
ORD-100323,2024-10-30 13:00:00,CUST-1714,Customer 352,65,Male,South,Consumer,Electronics,Headphones,2,85.99,0.0,171.98,16.61,UPI
ORD-100324,2024-12-12 19:00:00,CUST-1482,Customer 2,36,Male,Central,Consumer,Electronics,Smartphone,5,669.55,0.15,2845.59,877.52,Net Banking
ORD-100325,2023-06-18 13:00:00,CUST-1365,Customer 33,18,Female,Central,Consumer,Electronics,Smartphone,1,708.95,0.1,638.06,163.59,Credit Card
ORD-100326,2023-06-22 15:00:00,CUST-1363,Customer 275,40,Female,West,Corporate,Office Supplies,Stapler,5,13.86,0.0,69.3,10.73,Credit Card
ORD-100327,2023-01-28 11:00:00,CUST-1576,Customer 538,42,Female,East,Consumer,Home & Kitchen,Cookware Set,6,108.72,0.05,619.7,154.93,UPI
ORD-100328,2023-04-14 10:00:00,CUST-1195,Customer 866,53,Male,West,Consumer,Furniture,Office Chair,3,155.41,0.1,419.61,49.04,Net Banking
ORD-100329,2024-02-10 14:00:00,CUST-1373,Customer 559,25,Male,East,Corporate,Furniture,Office Chair,2,125.6,0.1,226.08,61.28,UPI
ORD-100330,2024-02-04 15:00:00,CUST-1691,Customer 606,46,Female,West,Consumer,Clothing,Sneakers,6,83.37,0.0,500.22,161.98,Net Banking
ORD-100331,2023-09-28 18:00:00,CUST-1751,Customer 625,34,Female,South,Consumer,Clothing,Hoodie,2,41.22,0.0,82.44,18.21,Credit Card
ORD-100332,2023-08-15 13:00:00,CUST-1034,Customer 472,43,Male,West,Home Office,Electronics,Tablet,2,294.89,0.0,589.78,198.8,Credit Card
ORD-100333,2024-08-28 19:00:00,CUST-1582,Customer 21,19,Female,East,Corporate,Electronics,Tablet,3,307.65,0.0,922.95,183.01,Net Banking
ORD-100334,2023-12-02 15:00:00,CUST-1673,Customer 307,45,Male,East,Corporate,Furniture,Bookshelf,7,85.04,0.0,595.28,185.46,UPI
ORD-100335,2024-08-13 08:00:00,CUST-1345,Customer 158,19,Female,South,Corporate,Clothing,Hoodie,4,35.79,0.05,136.0,39.29,Credit Card
ORD-100336,2024-12-04 17:00:00,CUST-1186,Customer 504,62,Male,East,Consumer,Clothing,Hoodie,2,47.08,0.05,89.45,9.29,Credit Card
ORD-100337,2023-08-20 15:00:00,CUST-1398,Customer 695,55,Male,West,Consumer,Office Supplies,Binder,4,5.71,0.0,22.84,7.46,Cash
ORD-100338,2023-05-28 13:00:00,CUST-1720,Customer 383,65,Female,Central,Consumer,Clothing,T-Shirt,3,18.46,0.05,52.61,17.14,Credit Card
ORD-100339,2024-11-26 14:00:00,CUST-1146,Customer 517,52,Female,East,Consumer,Electronics,Laptop,5,1018.97,0.0,5094.85,891.0,UPI
ORD-100340,2024-04-08 11:00:00,CUST-1253,Customer 575,68,Female,Central,Home Office,Furniture,Bookshelf,4,94.35,0.0,377.4,111.04,Credit Card
ORD-100341,2023-08-01 15:00:00,CUST-1752,Customer 9,28,Female,East,Corporate,Electronics,Headphones,5,79.52,0.1,357.84,50.33,Credit Card
ORD-100342,2024-03-29 15:00:00,CUST-1529,Customer 674,18,Female,Central,Corporate,Home & Kitchen,Storage Box,4,18.81,0.15,63.95,5.64,Credit Card
ORD-100343,2024-01-11 13:00:00,CUST-1204,Customer 657,64,Male,East,Corporate,Office Supplies,Pen Set,4,7.42,0.0,29.68,4.04,Credit Card
ORD-100344,2024-10-23 11:00:00,CUST-1542,Customer 868,52,Male,East,Corporate,Furniture,Lamp,4,31.95,0.15,108.63,22.89,UPI
ORD-100345,2023-07-06 13:00:00,CUST-1145,Customer 375,53,Female,East,Consumer,Electronics,Tablet,3,352.71,0.15,899.41,85.98,Credit Card
ORD-100346,2024-12-24 14:00:00,CUST-1576,Customer 874,33,Male,South,Home Office,Clothing,Hoodie,7,39.98,0.05,265.87,32.76,Cash
ORD-100347,2024-11-14 14:00:00,CUST-1361,Customer 237,35,Male,West,Corporate,Clothing,T-Shirt,2,20.32,0.2,32.51,10.94,UPI
ORD-100348,2023-05-12 12:00:00,CUST-1706,Customer 366,53,Male,South,Corporate,Office Supplies,Pen Set,6,6.92,0.0,41.52,8.86,Credit Card
ORD-100349,2023-05-01 15:00:00,CUST-1580,Customer 679,39,Female,Central,Consumer,Electronics,Smartphone,5,661.05,0.0,3305.25,998.97,UPI
ORD-100350,2024-01-25 10:00:00,CUST-1096,Customer 448,21,Male,South,Corporate,Home & Kitchen,Towel Pack,4,24.17,0.1,87.01,11.81,UPI
ORD-100351,2023-02-02 14:00:00,CUST-1546,Customer 324,33,Female,West,Consumer,Clothing,Sneakers,3,101.16,0.05,288.31,29.96,Credit Card
ORD-100352,2023-08-07 09:00:00,CUST-1527,Customer 519,37,Female,West,Consumer,Office Supplies,Stapler,4,10.81,0.0,43.24,12.57,Credit Card
ORD-100353,2023-11-14 14:00:00,CUST-1203,Customer 408,61,Male,Central,Corporate,Office Supplies,Notebook,6,3.74,0.0,22.44,3.91,UPI
ORD-100354,2024-12-08 18:00:00,CUST-1413,Customer 85,35,Male,East,Home Office,Home & Kitchen,Cookware Set,2,141.16,0.0,282.32,57.63,Credit Card
ORD-100355,2024-12-25 18:00:00,CUST-1211,Customer 774,43,Female,South,Corporate,Home & Kitchen,Towel Pack,5,23.56,0.0,117.8,40.98,UPI
ORD-100356,2023-04-21 17:00:00,CUST-1591,Customer 685,49,Female,South,Consumer,Office Supplies,Stapler,6,10.36,0.0,62.16,10.29,Credit Card
ORD-100357,2024-10-12 17:00:00,CUST-1188,Customer 135,25,Female,East,Consumer,Furniture,Desk,5,192.96,0.2,771.84,160.35,Credit Card
ORD-100358,2023-03-08 08:00:00,CUST-1326,Customer 194,48,Male,South,Consumer,Furniture,Bookshelf,2,101.24,0.0,202.48,50.9,Credit Card
ORD-100359,2024-06-30 12:00:00,CUST-1482,Customer 509,28,Female,East,Consumer,Clothing,Sneakers,4,89.13,0.1,320.87,33.39,Credit Card
ORD-100360,2024-09-09 16:00:00,CUST-1037,Customer 406,63,Female,Central,Consumer,Office Supplies,Stapler,2,12.57,0.0,25.14,6.87,Credit Card
ORD-100361,2024-10-12 18:00:00,CUST-1765,Customer 94,33,Male,South,Consumer,Electronics,Tablet,7,393.7,0.0,2755.9,556.6,Credit Card
ORD-100362,2023-06-13 15:00:00,CUST-1033,Customer 322,33,Female,East,Consumer,Electronics,Smartphone,3,579.32,0.15,1477.27,187.99,Credit Card
ORD-100363,2024-10-14 19:00:00,CUST-1711,Customer 880,38,Male,East,Consumer,Home & Kitchen,Towel Pack,3,19.94,0.0,59.82,11.74,UPI
ORD-100364,2023-03-26 11:00:00,CUST-1521,Customer 255,36,Female,Central,Consumer,Home & Kitchen,Storage Box,7,17.04,0.0,119.28,24.38,Credit Card
ORD-100365,2024-01-14 09:00:00,CUST-1403,Customer 281,48,Female,West,Home Office,Home & Kitchen,Coffee Maker,3,81.12,0.1,219.02,55.41,Net Banking
ORD-100366,2023-12-09 09:00:00,CUST-1391,Customer 737,55,Female,West,Home Office,Furniture,Desk,2,207.42,0.0,414.84,138.15,UPI
ORD-100367,2023-08-19 15:00:00,CUST-1302,Customer 819,68,Male,Central,Corporate,Clothing,T-Shirt,7,19.59,0.0,137.13,39.3,Cash
ORD-100368,2023-01-17 16:00:00,CUST-1575,Customer 170,64,Male,East,Consumer,Clothing,Jeans,5,40.65,0.2,162.6,29.8,UPI
ORD-100369,2024-07-17 11:00:00,CUST-1316,Customer 330,31,Female,East,Consumer,Furniture,Office Chair,5,127.42,0.0,637.1,217.76,Credit Card
ORD-100370,2023-09-02 18:00:00,CUST-1421,Customer 761,49,Female,South,Corporate,Electronics,Smartwatch,1,221.45,0.05,210.38,61.75,UPI
ORD-100371,2024-04-28 17:00:00,CUST-1644,Customer 761,35,Female,Central,Corporate,Home & Kitchen,Blender,4,49.02,0.0,196.08,17.17,UPI
ORD-100372,2023-10-27 12:00:00,CUST-1521,Customer 362,59,Other,Central,Corporate,Electronics,Smartwatch,4,163.12,0.0,652.48,72.74,UPI
ORD-100373,2023-09-30 11:00:00,CUST-1520,Customer 688,19,Male,West,Corporate,Office Supplies,Stapler,2,13.45,0.05,25.55,3.55,Net Banking
ORD-100374,2024-10-08 17:00:00,CUST-1455,Customer 275,69,Male,South,Consumer,Office Supplies,Binder,4,5.86,0.05,22.27,2.28,Credit Card
ORD-100375,2023-03-10 16:00:00,CUST-1033,Customer 210,37,Male,East,Home Office,Clothing,Jeans,2,44.5,0.0,89.0,18.78,Credit Card
ORD-100376,2024-06-21 10:00:00,CUST-1054,Customer 850,56,Female,East,Corporate,Electronics,Smartphone,4,700.57,0.15,2381.94,409.68,UPI
ORD-100377,2024-06-29 11:00:00,CUST-1060,Customer 582,53,Female,West,Consumer,Clothing,Jeans,6,41.08,0.1,221.83,76.02,Credit Card
ORD-100378,2023-10-05 14:00:00,CUST-1217,Customer 703,37,Female,Central,Consumer,Electronics,Headphones,6,86.21,0.05,491.4,102.03,Cash
ORD-100379,2023-07-11 14:00:00,CUST-1385,Customer 210,68,Female,East,Corporate,Clothing,Jeans,2,43.19,0.05,82.06,11.27,UPI
ORD-100380,2023-01-04 10:00:00,CUST-1191,Customer 18,31,Male,West,Consumer,Electronics,Laptop,2,753.52,0.05,1431.69,489.78,Cash
ORD-100381,2024-11-14 20:00:00,CUST-1425,Customer 18,56,Male,West,Consumer,Clothing,Hoodie,1,43.62,0.1,39.26,8.59,Credit Card
ORD-100382,2024-11-22 13:00:00,CUST-1700,Customer 627,66,Female,Central,Corporate,Clothing,Sneakers,3,81.73,0.0,245.19,24.45,Credit Card
ORD-100383,2023-06-25 12:00:00,CUST-1768,Customer 271,24,Male,East,Corporate,Electronics,Laptop,1,980.31,0.15,833.26,84.86,UPI
ORD-100384,2023-01-24 08:00:00,CUST-1525,Customer 466,65,Female,Central,Home Office,Electronics,Smartwatch,1,222.62,0.05,211.49,55.48,Credit Card
ORD-100385,2023-03-31 19:00:00,CUST-1112,Customer 639,64,Male,West,Consumer,Clothing,Jeans,7,51.62,0.15,307.14,65.6,Cash
ORD-100386,2023-02-19 11:00:00,CUST-1595,Customer 690,37,Male,West,Home Office,Electronics,Laptop,6,818.4,0.2,3928.32,976.35,UPI
ORD-100387,2024-08-29 20:00:00,CUST-1646,Customer 161,61,Male,East,Consumer,Electronics,Headphones,4,74.62,0.0,298.48,92.35,UPI
ORD-100388,2024-10-13 14:00:00,CUST-1627,Customer 517,18,Male,South,Home Office,Furniture,Sofa,6,557.99,0.0,3347.94,883.77,Credit Card
ORD-100389,2023-04-22 19:00:00,CUST-1716,Customer 565,27,Other,Central,Consumer,Home & Kitchen,Blender,4,55.47,0.05,210.79,65.91,UPI
ORD-100390,2024-06-29 10:00:00,CUST-1003,Customer 511,57,Male,East,Consumer,Office Supplies,Pen Set,5,8.78,0.05,41.7,11.7,Credit Card
ORD-100391,2023-05-11 10:00:00,CUST-1302,Customer 688,66,Female,West,Home Office,Furniture,Lamp,7,39.88,0.1,251.24,65.85,UPI
ORD-100392,2023-09-26 18:00:00,CUST-1472,Customer 324,24,Male,East,Consumer,Home & Kitchen,Coffee Maker,1,66.3,0.0,66.3,7.72,Credit Card
ORD-100393,2024-03-13 18:00:00,CUST-1129,Customer 279,55,Female,West,Home Office,Office Supplies,Notebook,3,3.57,0.05,10.17,2.14,UPI
ORD-100394,2024-06-09 15:00:00,CUST-1318,Customer 286,23,Female,Central,Consumer,Furniture,Bookshelf,1,96.18,0.15,81.75,16.1,Cash
ORD-100395,2024-09-30 08:00:00,CUST-1197,Customer 92,58,Male,East,Consumer,Furniture,Sofa,6,507.15,0.2,2434.32,550.13,Credit Card
ORD-100396,2023-02-02 20:00:00,CUST-1173,Customer 39,64,Male,South,Corporate,Furniture,Lamp,6,33.06,0.0,198.36,36.82,Credit Card
ORD-100397,2023-05-24 13:00:00,CUST-1530,Customer 537,41,Male,West,Consumer,Furniture,Sofa,6,506.23,0.2,2429.9,601.44,UPI
ORD-100398,2023-07-24 20:00:00,CUST-1532,Customer 897,23,Female,East,Corporate,Clothing,T-Shirt,5,20.28,0.0,101.4,18.86,UPI
ORD-100399,2023-08-15 19:00:00,CUST-1055,Customer 119,28,Male,East,Consumer,Electronics,Tablet,4,330.65,0.05,1256.47,289.69,Credit Card
ORD-100400,2024-12-29 19:00:00,CUST-1546,Customer 226,44,Male,East,Corporate,Clothing,Sneakers,1,79.46,0.0,79.46,14.83,Credit Card
ORD-100401,2024-07-21 16:00:00,CUST-1708,Customer 3,59,Female,South,Corporate,Electronics,Smartwatch,6,209.71,0.05,1195.35,386.67,UPI
ORD-100402,2023-08-22 16:00:00,CUST-1032,Customer 220,45,Female,West,Consumer,Furniture,Lamp,7,39.38,0.0,275.66,49.85,UPI
ORD-100403,2024-12-10 14:00:00,CUST-1605,Customer 118,42,Male,Central,Consumer,Electronics,Smartwatch,7,224.96,0.0,1574.72,436.75,Credit Card
ORD-100404,2023-12-31 08:00:00,CUST-1562,Customer 896,49,Male,East,Corporate,Office Supplies,Pen Set,3,7.21,0.0,21.63,5.31,Credit Card
ORD-100405,2024-01-01 13:00:00,CUST-1635,Customer 240,68,Female,West,Consumer,Clothing,Jacket,2,87.09,0.15,148.05,27.25,UPI
ORD-100406,2023-11-13 17:00:00,CUST-1770,Customer 839,59,Male,West,Corporate,Furniture,Bookshelf,5,100.6,0.05,477.85,142.43,Credit Card
ORD-100407,2023-04-16 18:00:00,CUST-1592,Customer 609,25,Female,West,Home Office,Electronics,Headphones,1,87.65,0.1,78.89,26.07,UPI
ORD-100408,2024-11-13 15:00:00,CUST-1287,Customer 278,28,Male,East,Consumer,Electronics,Smartwatch,1,182.32,0.05,173.2,49.42,UPI
ORD-100409,2023-01-11 17:00:00,CUST-1102,Customer 300,36,Other,East,Consumer,Clothing,Sneakers,6,72.91,0.0,437.46,147.04,UPI
ORD-100410,2023-05-08 08:00:00,CUST-1723,Customer 85,32,Female,South,Home Office,Electronics,Laptop,7,873.5,0.0,6114.5,1209.47,Credit Card
ORD-100411,2023-06-17 14:00:00,CUST-1584,Customer 826,56,Female,Central,Home Office,Clothing,Jacket,3,71.25,0.0,213.75,69.83,Credit Card
ORD-100412,2023-07-23 14:00:00,CUST-1356,Customer 723,69,Female,East,Consumer,Furniture,Office Chair,4,133.2,0.05,506.16,160.24,UPI
ORD-100413,2023-04-07 19:00:00,CUST-1479,Customer 668,47,Other,Central,Corporate,Electronics,Headphones,4,93.96,0.15,319.46,91.32,Net Banking
ORD-100414,2023-01-14 12:00:00,CUST-1426,Customer 20,64,Female,West,Consumer,Clothing,Jacket,1,67.77,0.0,67.77,20.7,Net Banking
ORD-100415,2024-05-09 10:00:00,CUST-1040,Customer 888,40,Female,Central,Corporate,Office Supplies,Pen Set,2,9.42,0.05,17.9,4.96,Cash
ORD-100416,2024-12-08 12:00:00,CUST-1203,Customer 223,53,Female,South,Consumer,Electronics,Tablet,3,348.95,0.1,942.16,205.7,UPI
ORD-100417,2023-03-30 10:00:00,CUST-1227,Customer 599,54,Male,East,Consumer,Home & Kitchen,Coffee Maker,6,80.04,0.15,408.2,93.54,Net Banking
ORD-100418,2023-08-05 15:00:00,CUST-1495,Customer 516,33,Female,South,Consumer,Electronics,Laptop,4,806.87,0.0,3227.48,622.18,Credit Card
ORD-100419,2024-01-05 16:00:00,CUST-1338,Customer 20,56,Female,East,Consumer,Furniture,Desk,6,235.81,0.15,1202.63,311.91,Net Banking
ORD-100420,2024-11-08 18:00:00,CUST-1338,Customer 356,45,Female,East,Consumer,Furniture,Sofa,2,501.51,0.05,952.87,159.79,UPI
ORD-100421,2024-05-21 20:00:00,CUST-1434,Customer 134,48,Female,Central,Consumer,Office Supplies,Notebook,7,4.69,0.05,31.19,8.72,UPI
ORD-100422,2024-07-13 08:00:00,CUST-1712,Customer 155,31,Female,Central,Home Office,Clothing,Jacket,7,68.46,0.1,431.3,93.33,Credit Card
ORD-100423,2024-02-29 11:00:00,CUST-1144,Customer 243,34,Female,East,Corporate,Electronics,Headphones,4,73.73,0.0,294.92,51.72,UPI
ORD-100424,2023-11-01 11:00:00,CUST-1090,Customer 5,62,Female,East,Corporate,Home & Kitchen,Storage Box,2,18.91,0.1,34.04,4.08,Credit Card
ORD-100425,2023-05-26 11:00:00,CUST-1421,Customer 633,50,Female,East,Consumer,Office Supplies,Notebook,7,3.54,0.05,23.54,3.51,Credit Card
ORD-100426,2024-09-22 18:00:00,CUST-1684,Customer 669,24,Male,West,Home Office,Home & Kitchen,Blender,6,58.97,0.1,318.44,80.52,UPI
ORD-100427,2024-08-10 09:00:00,CUST-1766,Customer 581,46,Male,West,Consumer,Clothing,Jacket,4,65.34,0.15,222.16,39.96,Net Banking
ORD-100428,2023-01-19 08:00:00,CUST-1266,Customer 411,50,Female,East,Consumer,Home & Kitchen,Blender,2,48.23,0.05,91.64,8.15,Cash
ORD-100429,2024-06-06 19:00:00,CUST-1283,Customer 185,59,Male,South,Corporate,Office Supplies,Printer Paper,5,19.06,0.0,95.3,16.11,Credit Card
ORD-100430,2023-03-03 20:00:00,CUST-1665,Customer 553,62,Female,Central,Consumer,Furniture,Desk,3,229.46,0.0,688.38,123.16,UPI
ORD-100431,2024-06-23 10:00:00,CUST-1121,Customer 628,51,Female,South,Consumer,Furniture,Bookshelf,5,94.55,0.15,401.84,57.57,UPI
ORD-100432,2024-08-25 12:00:00,CUST-1289,Customer 193,18,Male,East,Consumer,Office Supplies,Notebook,6,4.06,0.05,23.14,3.64,Credit Card
ORD-100433,2023-04-06 14:00:00,CUST-1374,Customer 251,43,Female,East,Consumer,Furniture,Sofa,4,532.72,0.15,1811.25,489.64,Net Banking
ORD-100434,2023-11-13 14:00:00,CUST-1236,Customer 772,28,Female,West,Consumer,Clothing,Jacket,1,89.79,0.0,89.79,25.28,Credit Card
ORD-100435,2023-04-01 20:00:00,CUST-1360,Customer 601,18,Other,Central,Corporate,Electronics,Laptop,4,804.54,0.05,3057.25,1036.11,Cash
ORD-100436,2024-02-19 13:00:00,CUST-1790,Customer 444,66,Male,Central,Consumer,Clothing,Jeans,7,43.34,0.15,257.87,28.85,Credit Card
ORD-100437,2024-11-08 08:00:00,CUST-1733,Customer 280,26,Male,East,Consumer,Electronics,Laptop,2,818.61,0.1,1473.5,241.9,Net Banking
ORD-100438,2023-03-01 13:00:00,CUST-1306,Customer 198,30,Female,South,Consumer,Home & Kitchen,Blender,7,61.44,0.0,430.08,43.35,UPI
ORD-100439,2023-10-18 15:00:00,CUST-1369,Customer 190,35,Female,West,Consumer,Electronics,Smartwatch,3,184.64,0.0,553.92,136.04,UPI
ORD-100440,2024-12-11 14:00:00,CUST-1739,Customer 797,42,Female,West,Consumer,Electronics,Headphones,5,86.95,0.15,369.54,31.2,Credit Card
ORD-100441,2023-08-08 14:00:00,CUST-1194,Customer 445,49,Female,West,Consumer,Clothing,Hoodie,5,40.24,0.1,181.08,24.53,Credit Card
ORD-100442,2023-04-07 19:00:00,CUST-1456,Customer 505,34,Male,East,Consumer,Clothing,Jeans,2,47.82,0.0,95.64,22.81,Credit Card
ORD-100443,2023-12-23 18:00:00,CUST-1179,Customer 882,59,Male,East,Home Office,Clothing,Sneakers,1,96.91,0.05,92.06,16.28,Cash
ORD-100444,2024-01-07 11:00:00,CUST-1507,Customer 626,26,Female,South,Consumer,Home & Kitchen,Towel Pack,7,22.66,0.0,158.62,36.0,UPI
ORD-100445,2024-04-28 12:00:00,CUST-1027,Customer 582,67,Male,West,Consumer,Electronics,Smartwatch,5,193.1,0.0,965.5,244.14,Credit Card
ORD-100446,2023-08-18 16:00:00,CUST-1170,Customer 203,62,Female,East,Corporate,Clothing,Hoodie,5,37.74,0.0,188.7,57.84,Credit Card
ORD-100447,2024-11-28 13:00:00,CUST-1593,Customer 317,49,Female,East,Consumer,Furniture,Sofa,3,494.67,0.0,1484.01,276.14,Credit Card
ORD-100448,2024-01-16 13:00:00,CUST-1555,Customer 59,20,Female,East,Consumer,Office Supplies,Printer Paper,1,16.95,0.1,15.26,2.37,UPI
ORD-100449,2023-07-29 10:00:00,CUST-1214,Customer 467,55,Female,South,Home Office,Furniture,Sofa,2,549.72,0.0,1099.44,247.9,Credit Card
ORD-100450,2024-12-02 11:00:00,CUST-1162,Customer 246,54,Male,South,Corporate,Electronics,Headphones,4,78.89,0.1,284.0,28.06,Cash
ORD-100451,2024-11-06 17:00:00,CUST-1630,Customer 395,50,Male,West,Consumer,Office Supplies,Printer Paper,5,16.11,0.05,76.52,6.99,UPI
ORD-100452,2023-12-31 18:00:00,CUST-1784,Customer 382,32,Female,South,Corporate,Clothing,Hoodie,3,37.36,0.0,112.08,22.65,Credit Card
ORD-100453,2023-01-19 18:00:00,CUST-1440,Customer 29,40,Female,West,Corporate,Electronics,Smartwatch,2,197.05,0.0,394.1,54.73,Credit Card
ORD-100454,2024-03-11 12:00:00,CUST-1577,Customer 453,39,Female,South,Consumer,Home & Kitchen,Towel Pack,2,25.76,0.0,51.52,4.22,UPI
ORD-100455,2024-02-10 09:00:00,CUST-1569,Customer 607,49,Male,West,Home Office,Office Supplies,Notebook,7,3.82,0.05,25.4,6.69,Net Banking
ORD-100456,2023-04-19 10:00:00,CUST-1721,Customer 723,35,Female,South,Consumer,Electronics,Headphones,5,75.4,0.15,320.45,96.25,Credit Card
ORD-100457,2024-04-07 13:00:00,CUST-1162,Customer 185,38,Male,South,Consumer,Office Supplies,Notebook,7,3.97,0.1,25.01,3.0,Credit Card
ORD-100458,2024-09-05 14:00:00,CUST-1454,Customer 355,65,Male,West,Consumer,Electronics,Laptop,1,1010.41,0.1,909.37,211.2,UPI
ORD-100459,2023-03-19 19:00:00,CUST-1123,Customer 481,41,Other,East,Corporate,Electronics,Smartphone,4,710.41,0.15,2415.39,834.94,Credit Card
ORD-100460,2024-06-12 19:00:00,CUST-1266,Customer 745,48,Male,East,Home Office,Clothing,Jacket,4,67.68,0.1,243.65,37.17,Credit Card
ORD-100461,2023-04-13 08:00:00,CUST-1334,Customer 64,65,Male,East,Corporate,Electronics,Headphones,3,85.19,0.05,242.79,67.33,UPI
ORD-100462,2024-06-30 17:00:00,CUST-1746,Customer 444,67,Male,East,Consumer,Electronics,Tablet,3,383.23,0.1,1034.72,128.06,Credit Card
ORD-100463,2023-11-02 11:00:00,CUST-1285,Customer 711,47,Female,West,Corporate,Clothing,Sneakers,1,95.1,0.0,95.1,31.54,UPI
ORD-100464,2023-01-05 10:00:00,CUST-1020,Customer 38,31,Male,West,Home Office,Electronics,Headphones,1,81.69,0.0,81.69,6.54,Net Banking
ORD-100465,2024-12-06 15:00:00,CUST-1404,Customer 16,23,Male,East,Consumer,Clothing,Jeans,6,49.78,0.1,268.81,42.9,Net Banking
ORD-100466,2023-05-02 08:00:00,CUST-1340,Customer 79,62,Male,South,Consumer,Clothing,Sneakers,4,89.61,0.1,322.6,110.86,UPI
ORD-100467,2024-03-11 12:00:00,CUST-1598,Customer 289,45,Female,East,Corporate,Electronics,Smartphone,2,570.71,0.0,1141.42,298.01,Credit Card
ORD-100468,2023-05-13 15:00:00,CUST-1002,Customer 106,47,Male,East,Corporate,Office Supplies,Binder,3,5.22,0.2,12.53,1.72,Credit Card
ORD-100469,2024-11-12 11:00:00,CUST-1727,Customer 345,67,Female,East,Consumer,Electronics,Smartwatch,7,186.07,0.0,1302.49,382.5,Credit Card
ORD-100470,2024-06-22 15:00:00,CUST-1592,Customer 269,37,Female,South,Consumer,Office Supplies,Printer Paper,4,15.69,0.1,56.48,18.21,UPI
ORD-100471,2024-08-10 13:00:00,CUST-1475,Customer 695,23,Female,West,Corporate,Electronics,Smartphone,7,612.72,0.2,3431.23,725.92,Credit Card
ORD-100472,2023-11-12 18:00:00,CUST-1687,Customer 340,53,Male,East,Corporate,Home & Kitchen,Towel Pack,2,25.08,0.0,50.16,6.13,Credit Card
ORD-100473,2023-12-08 10:00:00,CUST-1180,Customer 876,68,Female,East,Consumer,Electronics,Tablet,1,389.47,0.15,331.05,49.6,Credit Card
ORD-100474,2024-04-08 08:00:00,CUST-1320,Customer 141,26,Male,West,Corporate,Clothing,T-Shirt,4,15.51,0.1,55.84,18.69,Credit Card
ORD-100475,2024-07-26 14:00:00,CUST-1236,Customer 173,69,Male,South,Corporate,Electronics,Laptop,5,743.19,0.1,3344.36,413.02,UPI
ORD-100476,2024-09-10 11:00:00,CUST-1220,Customer 721,46,Female,West,Consumer,Electronics,Headphones,7,86.76,0.2,485.86,79.79,Net Banking
ORD-100477,2023-01-14 17:00:00,CUST-1724,Customer 126,47,Male,West,Consumer,Furniture,Desk,4,225.5,0.05,856.9,102.22,UPI
ORD-100478,2024-04-29 09:00:00,CUST-1723,Customer 338,67,Male,West,Consumer,Office Supplies,Printer Paper,2,16.24,0.05,30.86,3.35,Credit Card
ORD-100479,2023-03-21 15:00:00,CUST-1167,Customer 559,35,Male,East,Corporate,Home & Kitchen,Cookware Set,4,135.83,0.05,516.15,114.04,UPI
ORD-100480,2023-07-30 20:00:00,CUST-1199,Customer 803,56,Male,West,Corporate,Electronics,Tablet,3,314.76,0.0,944.28,176.69,UPI
ORD-100481,2024-08-28 09:00:00,CUST-1075,Customer 196,18,Male,West,Home Office,Electronics,Smartphone,2,543.96,0.0,1087.92,100.6,Net Banking
ORD-100482,2023-07-02 11:00:00,CUST-1123,Customer 249,52,Male,Central,Corporate,Furniture,Desk,1,244.71,0.0,244.71,29.17,UPI
ORD-100483,2024-08-04 18:00:00,CUST-1736,Customer 22,18,Female,East,Consumer,Furniture,Office Chair,6,148.8,0.0,892.8,80.5,Credit Card
ORD-100484,2023-12-04 14:00:00,CUST-1153,Customer 365,18,Male,East,Consumer,Home & Kitchen,Coffee Maker,5,69.16,0.1,311.22,26.96,UPI
ORD-100485,2023-06-19 10:00:00,CUST-1021,Customer 209,38,Male,Central,Consumer,Home & Kitchen,Coffee Maker,2,76.47,0.15,130.0,16.66,Credit Card
ORD-100486,2023-09-01 10:00:00,CUST-1699,Customer 262,37,Female,Central,Corporate,Home & Kitchen,Towel Pack,4,25.72,0.2,82.3,23.11,Credit Card
ORD-100487,2024-01-23 17:00:00,CUST-1599,Customer 211,58,Female,West,Home Office,Electronics,Smartphone,7,534.42,0.0,3740.94,314.19,Net Banking
ORD-100488,2024-07-12 19:00:00,CUST-1569,Customer 896,64,Female,Central,Consumer,Furniture,Desk,6,235.33,0.05,1341.38,217.58,Net Banking
ORD-100489,2024-03-18 12:00:00,CUST-1116,Customer 496,67,Female,South,Corporate,Clothing,Jeans,4,41.69,0.05,158.42,36.83,Credit Card
ORD-100490,2024-11-12 14:00:00,CUST-1015,Customer 450,50,Male,South,Consumer,Furniture,Bookshelf,1,91.44,0.0,91.44,25.68,UPI
ORD-100491,2024-09-25 18:00:00,CUST-1533,Customer 405,26,Male,West,Corporate,Office Supplies,Printer Paper,5,17.97,0.05,85.36,22.45,Credit Card
ORD-100492,2024-07-03 10:00:00,CUST-1444,Customer 527,52,Female,South,Corporate,Electronics,Tablet,4,335.41,0.0,1341.64,465.38,Credit Card
ORD-100493,2024-03-16 10:00:00,CUST-1149,Customer 300,43,Female,Central,Corporate,Furniture,Office Chair,7,128.33,0.15,763.56,117.91,Net Banking
ORD-100494,2023-07-31 18:00:00,CUST-1362,Customer 136,45,Male,Central,Home Office,Home & Kitchen,Storage Box,4,18.09,0.0,72.36,5.79,Cash
ORD-100495,2023-10-29 10:00:00,CUST-1717,Customer 260,44,Female,West,Home Office,Electronics,Smartphone,6,609.36,0.1,3290.54,297.2,Credit Card
ORD-100496,2023-03-28 18:00:00,CUST-1723,Customer 289,63,Male,East,Consumer,Home & Kitchen,Storage Box,4,18.57,0.15,63.14,6.71,Cash
ORD-100497,2023-10-01 14:00:00,CUST-1039,Customer 241,37,Male,West,Home Office,Furniture,Office Chair,4,136.38,0.1,490.97,168.56,Credit Card
ORD-100498,2024-11-07 20:00:00,CUST-1027,Customer 132,68,Male,Central,Corporate,Electronics,Smartwatch,3,217.34,0.0,652.02,152.52,UPI
ORD-100499,2023-11-07 08:00:00,CUST-1243,Customer 775,46,Other,South,Corporate,Electronics,Tablet,3,353.79,0.0,1061.37,313.98,Net Banking
ORD-100500,2023-03-25 20:00:00,CUST-1599,Customer 389,53,Male,West,Consumer,Electronics,Laptop,3,837.22,0.2,2009.33,695.17,Cash
ORD-100501,2024-04-20 10:00:00,CUST-1626,Customer 415,66,Male,South,Home Office,Office Supplies,Printer Paper,4,19.74,0.0,78.96,24.32,UPI
ORD-100502,2024-12-03 08:00:00,CUST-1418,Customer 801,60,Female,East,Home Office,Electronics,Laptop,7,956.53,0.0,6695.71,1272.56,Credit Card
ORD-100503,2024-09-25 17:00:00,CUST-1453,Customer 769,40,Male,South,Consumer,Office Supplies,Binder,3,6.11,0.2,14.66,4.64,UPI
ORD-100504,2023-07-20 14:00:00,CUST-1377,Customer 222,28,Other,Central,Consumer,Home & Kitchen,Towel Pack,4,21.98,0.1,79.13,15.6,Net Banking
ORD-100505,2023-11-28 18:00:00,CUST-1337,Customer 896,25,Male,Central,Consumer,Furniture,Lamp,7,36.82,0.1,231.97,25.7,Credit Card
ORD-100506,2024-01-23 09:00:00,CUST-1100,Customer 379,36,Female,Central,Consumer,Electronics,Tablet,2,358.63,0.0,717.26,163.53,Credit Card
ORD-100507,2023-06-30 09:00:00,CUST-1348,Customer 446,52,Male,South,Corporate,Furniture,Desk,2,219.76,0.05,417.54,136.64,Credit Card
ORD-100508,2023-07-16 15:00:00,CUST-1787,Customer 840,59,Male,East,Consumer,Clothing,Jacket,4,83.64,0.1,301.1,87.87,UPI
ORD-100509,2023-06-22 19:00:00,CUST-1401,Customer 835,19,Female,West,Corporate,Office Supplies,Printer Paper,3,17.82,0.0,53.46,10.08,Credit Card
ORD-100510,2024-12-27 13:00:00,CUST-1475,Customer 845,42,Female,South,Consumer,Electronics,Laptop,3,857.27,0.0,2571.81,799.35,UPI
ORD-100511,2024-06-28 18:00:00,CUST-1795,Customer 157,66,Male,East,Corporate,Office Supplies,Pen Set,6,8.49,0.0,50.94,10.46,Credit Card
ORD-100512,2024-09-05 19:00:00,CUST-1022,Customer 72,60,Male,West,Corporate,Office Supplies,Notebook,4,4.78,0.05,18.16,4.81,Net Banking
ORD-100513,2024-08-19 19:00:00,CUST-1538,Customer 279,66,Male,West,Home Office,Furniture,Lamp,3,32.94,0.0,98.82,16.79,Credit Card
ORD-100514,2024-12-01 14:00:00,CUST-1203,Customer 256,67,Male,South,Consumer,Electronics,Smartphone,4,577.33,0.15,1962.92,260.23,Cash
ORD-100515,2023-03-18 17:00:00,CUST-1389,Customer 593,22,Female,South,Consumer,Home & Kitchen,Cookware Set,7,109.43,0.0,766.01,126.11,Net Banking
ORD-100516,2024-10-05 14:00:00,CUST-1009,Customer 145,53,Female,East,Consumer,Electronics,Headphones,7,87.3,0.0,611.1,193.29,UPI
ORD-100517,2023-02-18 16:00:00,CUST-1257,Customer 214,46,Female,Central,Home Office,Electronics,Smartphone,2,624.45,0.2,999.12,346.93,Credit Card
ORD-100518,2023-12-14 15:00:00,CUST-1434,Customer 718,42,Male,West,Home Office,Electronics,Smartwatch,1,187.34,0.2,149.87,22.67,Net Banking
ORD-100519,2024-03-09 14:00:00,CUST-1403,Customer 532,59,Female,Central,Consumer,Office Supplies,Binder,1,5.53,0.05,5.25,0.65,UPI
ORD-100520,2023-09-19 13:00:00,CUST-1315,Customer 715,66,Female,East,Consumer,Furniture,Bookshelf,4,104.57,0.15,355.54,35.27,UPI
ORD-100521,2023-04-17 16:00:00,CUST-1738,Customer 809,42,Male,East,Corporate,Electronics,Tablet,5,341.74,0.0,1708.7,484.47,Credit Card
ORD-100522,2023-05-21 17:00:00,CUST-1173,Customer 843,51,Male,West,Corporate,Furniture,Office Chair,1,148.78,0.05,141.34,31.46,Credit Card
ORD-100523,2024-08-25 19:00:00,CUST-1175,Customer 876,42,Female,East,Corporate,Office Supplies,Binder,4,5.34,0.0,21.36,4.92,UPI
ORD-100524,2023-08-21 15:00:00,CUST-1457,Customer 606,51,Female,Central,Consumer,Furniture,Office Chair,3,124.29,0.05,354.23,32.66,UPI
ORD-100525,2023-08-15 09:00:00,CUST-1276,Customer 481,68,Male,East,Home Office,Home & Kitchen,Blender,7,48.05,0.1,302.71,30.84,Net Banking
ORD-100526,2024-11-05 15:00:00,CUST-1224,Customer 578,60,Female,South,Corporate,Furniture,Office Chair,5,137.0,0.1,616.5,201.56,UPI
ORD-100527,2023-04-16 12:00:00,CUST-1051,Customer 663,29,Female,South,Corporate,Electronics,Smartphone,3,629.62,0.0,1888.86,445.24,Credit Card
ORD-100528,2024-10-30 08:00:00,CUST-1417,Customer 785,63,Female,Central,Consumer,Home & Kitchen,Storage Box,5,14.97,0.0,74.85,10.42,UPI
ORD-100529,2024-11-03 08:00:00,CUST-1503,Customer 543,45,Other,South,Consumer,Clothing,Jeans,1,43.76,0.2,35.01,4.76,Credit Card
ORD-100530,2024-03-12 15:00:00,CUST-1455,Customer 524,48,Male,South,Consumer,Furniture,Sofa,4,409.05,0.05,1554.39,225.45,Credit Card
ORD-100531,2023-05-01 20:00:00,CUST-1613,Customer 378,23,Male,Central,Consumer,Clothing,Jacket,3,72.97,0.0,218.91,21.28,Credit Card
ORD-100532,2023-04-24 14:00:00,CUST-1530,Customer 732,41,Female,Central,Home Office,Office Supplies,Notebook,2,3.57,0.0,7.14,0.67,Credit Card
ORD-100533,2023-07-27 13:00:00,CUST-1505,Customer 321,33,Female,West,Corporate,Furniture,Bookshelf,3,80.54,0.0,241.62,66.3,Credit Card
ORD-100534,2024-02-26 09:00:00,CUST-1251,Customer 309,22,Male,South,Home Office,Clothing,Jeans,5,38.32,0.0,191.6,28.97,Credit Card
ORD-100535,2023-04-23 16:00:00,CUST-1649,Customer 553,62,Female,Central,Corporate,Clothing,Jeans,5,49.22,0.0,246.1,45.23,Credit Card
ORD-100536,2023-11-29 08:00:00,CUST-1712,Customer 569,24,Female,West,Consumer,Furniture,Bookshelf,7,105.84,0.05,703.84,158.43,Cash
ORD-100537,2023-03-26 18:00:00,CUST-1616,Customer 311,55,Male,West,Corporate,Office Supplies,Printer Paper,2,19.22,0.05,36.52,6.08,Credit Card
ORD-100538,2024-01-30 18:00:00,CUST-1083,Customer 11,56,Male,East,Corporate,Furniture,Bookshelf,5,79.53,0.05,377.77,79.06,Net Banking
ORD-100539,2023-01-16 20:00:00,CUST-1777,Customer 674,49,Male,Central,Home Office,Electronics,Smartphone,4,741.75,0.0,2967.0,930.31,Net Banking
ORD-100540,2024-06-01 11:00:00,CUST-1442,Customer 80,61,Male,South,Corporate,Home & Kitchen,Towel Pack,7,26.21,0.0,183.47,26.77,Net Banking
ORD-100541,2023-02-10 10:00:00,CUST-1361,Customer 114,23,Female,East,Consumer,Office Supplies,Printer Paper,7,18.25,0.0,127.75,37.51,Credit Card
ORD-100542,2023-05-23 11:00:00,CUST-1181,Customer 99,18,Male,East,Corporate,Office Supplies,Pen Set,5,7.1,0.15,30.18,4.57,Credit Card
ORD-100543,2023-05-08 18:00:00,CUST-1067,Customer 647,62,Female,South,Corporate,Office Supplies,Binder,3,6.61,0.1,17.85,2.33,UPI
ORD-100544,2024-08-29 10:00:00,CUST-1670,Customer 677,27,Male,East,Consumer,Office Supplies,Binder,4,7.12,0.0,28.48,2.84,UPI
ORD-100545,2023-02-08 19:00:00,CUST-1428,Customer 460,33,Female,Central,Consumer,Furniture,Sofa,5,538.82,0.05,2559.4,677.56,Credit Card
ORD-100546,2023-11-10 10:00:00,CUST-1731,Customer 84,53,Male,West,Consumer,Home & Kitchen,Coffee Maker,6,74.79,0.05,426.3,81.48,Credit Card
ORD-100547,2024-03-07 08:00:00,CUST-1616,Customer 74,45,Female,West,Home Office,Office Supplies,Pen Set,2,8.51,0.05,16.17,4.66,UPI
ORD-100548,2024-01-12 10:00:00,CUST-1647,Customer 506,28,Male,East,Consumer,Office Supplies,Stapler,7,14.31,0.05,95.16,11.02,UPI
ORD-100549,2024-05-11 17:00:00,CUST-1325,Customer 755,30,Female,East,Corporate,Furniture,Office Chair,6,122.58,0.2,588.38,142.92,Credit Card
ORD-100550,2024-08-09 15:00:00,CUST-1299,Customer 637,61,Male,Central,Consumer,Furniture,Desk,1,198.52,0.0,198.52,16.58,Credit Card
ORD-100551,2023-10-15 12:00:00,CUST-1359,Customer 495,45,Female,West,Consumer,Electronics,Laptop,2,969.67,0.05,1842.37,263.71,UPI
ORD-100552,2024-08-27 16:00:00,CUST-1004,Customer 453,65,Male,Central,Consumer,Furniture,Office Chair,2,126.11,0.05,239.61,58.61,UPI
ORD-100553,2023-08-21 16:00:00,CUST-1589,Customer 661,47,Male,South,Consumer,Electronics,Smartwatch,5,186.99,0.05,888.2,84.49,UPI
ORD-100554,2024-12-19 15:00:00,CUST-1718,Customer 191,52,Female,South,Consumer,Office Supplies,Notebook,2,3.79,0.0,7.58,1.38,Cash
ORD-100555,2024-01-04 14:00:00,CUST-1013,Customer 112,35,Male,West,Corporate,Home & Kitchen,Cookware Set,3,112.22,0.05,319.83,74.09,UPI
ORD-100556,2024-06-21 09:00:00,CUST-1713,Customer 320,19,Female,West,Consumer,Furniture,Bookshelf,2,77.31,0.0,154.62,42.74,Credit Card
ORD-100557,2024-09-30 11:00:00,CUST-1525,Customer 140,44,Female,East,Consumer,Furniture,Office Chair,1,146.75,0.1,132.08,35.73,Credit Card
ORD-100558,2024-08-01 14:00:00,CUST-1442,Customer 243,55,Male,Central,Corporate,Office Supplies,Binder,4,5.94,0.05,22.57,2.71,Credit Card
ORD-100559,2024-09-13 09:00:00,CUST-1565,Customer 790,39,Female,West,Consumer,Electronics,Tablet,3,354.64,0.0,1063.92,106.71,UPI
ORD-100560,2024-01-27 14:00:00,CUST-1017,Customer 432,62,Male,South,Consumer,Home & Kitchen,Towel Pack,4,21.04,0.2,67.33,12.23,Net Banking
ORD-100561,2023-02-01 09:00:00,CUST-1776,Customer 420,54,Female,Central,Corporate,Furniture,Sofa,2,566.17,0.1,1019.11,147.79,UPI
ORD-100562,2023-12-26 18:00:00,CUST-1696,Customer 674,44,Male,East,Consumer,Electronics,Smartphone,3,655.32,0.05,1867.66,303.56,UPI
ORD-100563,2023-05-13 09:00:00,CUST-1583,Customer 267,46,Female,West,Corporate,Electronics,Tablet,7,403.38,0.2,2258.93,389.6,Credit Card
ORD-100564,2024-10-11 09:00:00,CUST-1265,Customer 637,29,Female,Central,Consumer,Home & Kitchen,Towel Pack,6,21.4,0.1,115.56,21.64,UPI
ORD-100565,2023-06-22 16:00:00,CUST-1104,Customer 467,63,Male,South,Consumer,Electronics,Headphones,2,68.06,0.0,136.12,29.95,Credit Card
ORD-100566,2023-06-16 10:00:00,CUST-1242,Customer 515,21,Female,West,Consumer,Office Supplies,Printer Paper,2,20.22,0.05,38.42,3.17,Credit Card
ORD-100567,2023-07-02 12:00:00,CUST-1398,Customer 334,20,Male,Central,Home Office,Electronics,Tablet,7,387.46,0.05,2576.61,413.44,UPI
ORD-100568,2024-04-14 12:00:00,CUST-1789,Customer 837,58,Female,East,Consumer,Electronics,Smartwatch,5,165.4,0.05,785.65,118.93,Credit Card
ORD-100569,2024-02-21 10:00:00,CUST-1324,Customer 876,19,Male,South,Corporate,Home & Kitchen,Blender,4,58.79,0.15,199.89,28.74,Credit Card
ORD-100570,2024-11-23 17:00:00,CUST-1583,Customer 113,44,Male,Central,Corporate,Electronics,Smartphone,5,670.44,0.05,3184.59,932.85,Credit Card
ORD-100571,2023-10-31 16:00:00,CUST-1320,Customer 178,27,Male,Central,Consumer,Electronics,Laptop,2,765.86,0.0,1531.72,226.47,Credit Card
ORD-100572,2023-07-26 11:00:00,CUST-1050,Customer 673,53,Female,West,Consumer,Office Supplies,Pen Set,3,8.35,0.05,23.8,2.87,Credit Card
ORD-100573,2023-02-05 16:00:00,CUST-1628,Customer 477,24,Other,South,Consumer,Home & Kitchen,Storage Box,3,14.96,0.1,40.39,12.52,UPI
ORD-100574,2023-01-06 17:00:00,CUST-1270,Customer 693,31,Other,Central,Consumer,Furniture,Office Chair,6,119.81,0.0,718.86,131.83,Credit Card
ORD-100575,2023-09-30 15:00:00,CUST-1464,Customer 299,45,Female,East,Home Office,Electronics,Tablet,2,392.16,0.0,784.32,101.72,Credit Card
ORD-100576,2024-11-06 15:00:00,CUST-1266,Customer 582,37,Female,West,Consumer,Home & Kitchen,Coffee Maker,4,71.55,0.0,286.2,80.94,Credit Card
ORD-100577,2024-01-18 20:00:00,CUST-1584,Customer 149,28,Female,East,Consumer,Office Supplies,Stapler,6,13.48,0.05,76.84,19.78,Credit Card
ORD-100578,2024-10-14 13:00:00,CUST-1652,Customer 865,21,Female,South,Consumer,Home & Kitchen,Cookware Set,2,132.36,0.0,264.72,88.74,Cash
ORD-100579,2023-03-16 13:00:00,CUST-1596,Customer 613,18,Male,Central,Corporate,Clothing,T-Shirt,1,21.56,0.0,21.56,6.83,Cash
ORD-100580,2023-03-10 15:00:00,CUST-1718,Customer 580,27,Female,West,Consumer,Clothing,T-Shirt,6,18.06,0.0,108.36,28.98,UPI
ORD-100581,2024-08-31 18:00:00,CUST-1550,Customer 124,32,Male,West,Consumer,Furniture,Desk,7,219.92,0.05,1462.47,180.57,UPI
ORD-100582,2023-03-19 17:00:00,CUST-1422,Customer 803,24,Female,South,Consumer,Furniture,Office Chair,4,132.81,0.0,531.24,111.8,UPI
ORD-100583,2023-02-07 08:00:00,CUST-1606,Customer 247,44,Male,South,Home Office,Clothing,Sneakers,1,90.85,0.0,90.85,10.18,Credit Card
ORD-100584,2023-10-22 13:00:00,CUST-1546,Customer 111,64,Male,West,Corporate,Clothing,Jacket,4,76.51,0.05,290.74,66.39,UPI
ORD-100585,2024-11-06 17:00:00,CUST-1174,Customer 439,55,Female,Central,Consumer,Home & Kitchen,Storage Box,3,17.68,0.0,53.04,17.37,UPI
ORD-100586,2024-05-18 10:00:00,CUST-1235,Customer 870,33,Male,East,Corporate,Office Supplies,Binder,5,5.85,0.0,29.25,2.37,UPI
ORD-100587,2023-03-14 20:00:00,CUST-1078,Customer 381,40,Other,West,Corporate,Furniture,Desk,1,197.08,0.05,187.23,59.26,Cash
ORD-100588,2024-09-03 18:00:00,CUST-1611,Customer 7,58,Female,South,Consumer,Office Supplies,Binder,6,6.91,0.0,41.46,9.35,Cash
ORD-100589,2024-09-07 19:00:00,CUST-1129,Customer 819,68,Female,Central,Home Office,Office Supplies,Notebook,5,4.56,0.0,22.8,2.76,UPI
ORD-100590,2024-08-07 09:00:00,CUST-1068,Customer 588,46,Female,East,Consumer,Furniture,Bookshelf,5,87.56,0.0,437.8,136.19,Net Banking
ORD-100591,2024-10-20 15:00:00,CUST-1647,Customer 586,28,Male,West,Home Office,Clothing,Sneakers,4,92.79,0.0,371.16,83.5,UPI
ORD-100592,2023-06-25 14:00:00,CUST-1040,Customer 501,63,Male,West,Home Office,Office Supplies,Stapler,2,12.27,0.05,23.31,4.69,UPI
ORD-100593,2024-12-16 16:00:00,CUST-1764,Customer 63,44,Female,East,Corporate,Electronics,Smartwatch,7,212.1,0.2,1187.76,255.28,UPI
ORD-100594,2023-08-23 19:00:00,CUST-1176,Customer 629,19,Male,South,Corporate,Office Supplies,Binder,2,5.92,0.0,11.84,1.42,Cash
ORD-100595,2024-08-08 12:00:00,CUST-1749,Customer 129,31,Male,East,Consumer,Office Supplies,Stapler,3,12.45,0.05,35.48,3.92,Net Banking
ORD-100596,2024-02-27 14:00:00,CUST-1525,Customer 187,45,Male,West,Consumer,Home & Kitchen,Coffee Maker,7,60.92,0.15,362.47,93.74,UPI
ORD-100597,2024-07-23 16:00:00,CUST-1010,Customer 528,59,Female,South,Consumer,Furniture,Bookshelf,1,82.01,0.05,77.91,24.75,Credit Card
ORD-100598,2024-04-03 17:00:00,CUST-1624,Customer 466,62,Female,East,Home Office,Office Supplies,Binder,1,6.74,0.1,6.07,1.62,UPI
ORD-100599,2024-04-14 18:00:00,CUST-1796,Customer 203,27,Male,West,Consumer,Office Supplies,Binder,6,5.9,0.05,33.63,10.32,Credit Card
ORD-100600,2024-03-25 12:00:00,CUST-1739,Customer 60,55,Male,Central,Consumer,Office Supplies,Binder,3,5.17,0.05,14.73,4.54,UPI
ORD-100601,2024-07-22 20:00:00,CUST-1709,Customer 176,68,Female,West,Consumer,Electronics,Smartphone,5,563.38,0.15,2394.37,212.26,Net Banking
ORD-100602,2024-06-23 08:00:00,CUST-1193,Customer 40,59,Male,West,Consumer,Home & Kitchen,Coffee Maker,5,69.58,0.0,347.9,100.25,Net Banking
ORD-100603,2023-04-09 14:00:00,CUST-1159,Customer 888,55,Male,West,Consumer,Home & Kitchen,Cookware Set,6,132.15,0.15,673.96,194.41,UPI
ORD-100604,2024-08-26 15:00:00,CUST-1249,Customer 71,59,Male,South,Home Office,Office Supplies,Stapler,5,11.73,0.05,55.72,9.72,Credit Card
ORD-100605,2024-01-27 08:00:00,CUST-1445,Customer 638,46,Female,South,Consumer,Office Supplies,Printer Paper,3,19.99,0.05,56.97,10.86,UPI
ORD-100606,2023-08-24 13:00:00,CUST-1621,Customer 338,49,Male,East,Consumer,Electronics,Tablet,4,391.11,0.05,1486.22,418.05,Credit Card
ORD-100607,2024-01-11 15:00:00,CUST-1787,Customer 272,45,Male,West,Consumer,Office Supplies,Stapler,6,11.63,0.0,69.78,24.17,Net Banking
ORD-100608,2024-12-06 15:00:00,CUST-1385,Customer 3,67,Female,Central,Corporate,Furniture,Desk,3,248.63,0.0,745.89,258.61,Credit Card
ORD-100609,2024-09-18 09:00:00,CUST-1376,Customer 26,36,Male,West,Consumer,Clothing,Hoodie,2,35.78,0.15,60.83,12.65,Cash
ORD-100610,2024-08-31 11:00:00,CUST-1679,Customer 897,58,Female,East,Consumer,Electronics,Headphones,4,79.63,0.05,302.59,88.71,UPI
ORD-100611,2023-12-04 11:00:00,CUST-1762,Customer 715,19,Female,Central,Consumer,Clothing,Sneakers,7,75.15,0.15,447.14,92.04,UPI
ORD-100612,2024-07-26 16:00:00,CUST-1342,Customer 254,39,Female,West,Consumer,Furniture,Office Chair,1,121.57,0.0,121.57,38.15,Net Banking
ORD-100613,2023-10-09 12:00:00,CUST-1435,Customer 519,65,Male,South,Consumer,Office Supplies,Stapler,2,10.47,0.0,20.94,5.35,UPI
ORD-100614,2024-05-15 15:00:00,CUST-1208,Customer 807,30,Male,East,Corporate,Office Supplies,Stapler,7,10.64,0.0,74.48,24.79,UPI
ORD-100615,2024-04-11 17:00:00,CUST-1275,Customer 280,59,Female,East,Corporate,Electronics,Laptop,6,971.13,0.0,5826.78,2035.03,Credit Card
ORD-100616,2023-07-02 18:00:00,CUST-1609,Customer 865,44,Male,South,Consumer,Furniture,Desk,1,228.86,0.05,217.42,36.78,Credit Card
ORD-100617,2023-07-14 10:00:00,CUST-1128,Customer 475,25,Female,South,Corporate,Clothing,Sneakers,2,100.43,0.15,170.73,58.8,UPI
ORD-100618,2023-02-14 19:00:00,CUST-1229,Customer 409,23,Male,West,Consumer,Office Supplies,Notebook,5,4.15,0.15,17.64,4.71,Credit Card
ORD-100619,2023-04-13 10:00:00,CUST-1083,Customer 806,24,Female,Central,Consumer,Electronics,Laptop,6,909.54,0.05,5184.38,748.02,UPI
ORD-100620,2023-11-13 08:00:00,CUST-1202,Customer 411,42,Male,South,Corporate,Furniture,Office Chair,6,128.04,0.0,768.24,62.1,Credit Card
ORD-100621,2023-12-15 08:00:00,CUST-1565,Customer 58,34,Female,East,Corporate,Furniture,Office Chair,7,145.49,0.05,967.51,256.04,Credit Card
ORD-100622,2023-05-01 10:00:00,CUST-1686,Customer 134,64,Male,Central,Consumer,Office Supplies,Stapler,4,11.82,0.05,44.92,6.29,Cash
ORD-100623,2023-11-01 19:00:00,CUST-1262,Customer 659,57,Male,Central,Consumer,Office Supplies,Stapler,7,14.11,0.05,93.83,13.37,Cash
ORD-100624,2024-03-17 10:00:00,CUST-1718,Customer 568,25,Male,West,Consumer,Electronics,Smartwatch,5,223.61,0.05,1062.15,243.32,Net Banking
ORD-100625,2023-06-19 17:00:00,CUST-1326,Customer 776,44,Male,South,Consumer,Office Supplies,Stapler,4,11.03,0.0,44.12,3.9,Credit Card
ORD-100626,2023-09-04 13:00:00,CUST-1212,Customer 178,57,Other,South,Consumer,Clothing,Jacket,5,80.03,0.0,400.15,77.0,Credit Card
ORD-100627,2023-09-26 08:00:00,CUST-1749,Customer 468,52,Male,West,Corporate,Clothing,Hoodie,4,42.93,0.2,137.38,40.64,Credit Card
ORD-100628,2024-01-04 13:00:00,CUST-1411,Customer 338,18,Male,East,Consumer,Electronics,Smartphone,5,649.07,0.1,2920.82,255.16,Net Banking
ORD-100629,2023-09-25 08:00:00,CUST-1159,Customer 864,18,Female,South,Corporate,Furniture,Sofa,6,428.89,0.15,2187.34,543.48,UPI
ORD-100630,2024-06-21 14:00:00,CUST-1177,Customer 719,48,Male,West,Home Office,Furniture,Office Chair,7,151.05,0.0,1057.35,129.8,Net Banking
ORD-100631,2023-08-28 15:00:00,CUST-1298,Customer 209,66,Female,East,Consumer,Electronics,Tablet,5,384.09,0.05,1824.43,570.99,Net Banking
ORD-100632,2023-11-13 14:00:00,CUST-1086,Customer 669,20,Male,Central,Consumer,Furniture,Desk,1,213.58,0.0,213.58,39.62,Credit Card
ORD-100633,2023-10-05 11:00:00,CUST-1727,Customer 649,26,Female,Central,Consumer,Electronics,Smartphone,5,638.66,0.15,2714.3,812.32,UPI
ORD-100634,2023-05-14 17:00:00,CUST-1494,Customer 351,27,Female,East,Corporate,Electronics,Laptop,2,757.11,0.0,1514.22,417.06,UPI
ORD-100635,2024-05-15 15:00:00,CUST-1752,Customer 382,34,Male,East,Home Office,Office Supplies,Stapler,2,14.11,0.05,26.81,8.5,UPI
ORD-100636,2023-06-21 11:00:00,CUST-1191,Customer 213,64,Male,South,Home Office,Electronics,Smartphone,7,550.77,0.0,3855.39,846.46,Net Banking
ORD-100637,2023-08-05 13:00:00,CUST-1642,Customer 341,67,Female,South,Consumer,Clothing,Hoodie,4,36.92,0.0,147.68,31.2,Credit Card
ORD-100638,2024-08-01 09:00:00,CUST-1540,Customer 92,33,Female,West,Corporate,Electronics,Laptop,6,811.3,0.0,4867.8,438.62,Cash
ORD-100639,2024-11-23 20:00:00,CUST-1306,Customer 573,56,Male,East,Consumer,Office Supplies,Stapler,3,13.67,0.05,38.96,8.73,Credit Card
ORD-100640,2024-05-04 17:00:00,CUST-1279,Customer 452,18,Female,West,Corporate,Furniture,Lamp,5,38.33,0.1,172.48,38.11,UPI
ORD-100641,2024-10-30 11:00:00,CUST-1100,Customer 548,44,Female,West,Home Office,Clothing,Hoodie,5,34.1,0.2,136.4,33.24,Credit Card
ORD-100642,2024-09-15 16:00:00,CUST-1639,Customer 866,50,Female,West,Corporate,Clothing,Sneakers,7,77.71,0.05,516.77,59.62,UPI
ORD-100643,2023-12-18 16:00:00,CUST-1631,Customer 331,62,Female,Central,Consumer,Furniture,Bookshelf,2,100.13,0.05,190.25,42.96,UPI
ORD-100644,2024-07-16 15:00:00,CUST-1448,Customer 114,60,Female,East,Consumer,Office Supplies,Binder,4,5.95,0.1,21.42,4.34,UPI
ORD-100645,2023-08-28 08:00:00,CUST-1671,Customer 338,21,Female,South,Corporate,Electronics,Smartphone,3,532.69,0.0,1598.07,385.0,Net Banking
ORD-100646,2023-12-03 19:00:00,CUST-1496,Customer 317,39,Male,South,Consumer,Office Supplies,Binder,4,7.12,0.1,25.63,6.62,UPI
ORD-100647,2024-01-26 20:00:00,CUST-1571,Customer 432,21,Male,Central,Consumer,Electronics,Headphones,6,72.23,0.1,390.04,69.26,Credit Card
ORD-100648,2024-12-02 20:00:00,CUST-1797,Customer 759,18,Male,West,Corporate,Furniture,Desk,1,226.31,0.05,214.99,46.46,Credit Card
ORD-100649,2024-09-11 20:00:00,CUST-1269,Customer 893,26,Male,Central,Corporate,Electronics,Smartphone,4,580.88,0.0,2323.52,433.75,Credit Card
ORD-100650,2023-12-24 20:00:00,CUST-1522,Customer 569,66,Male,West,Corporate,Home & Kitchen,Cookware Set,3,132.97,0.0,398.91,114.36,Credit Card
ORD-100651,2024-04-21 17:00:00,CUST-1521,Customer 718,31,Female,West,Consumer,Furniture,Office Chair,7,157.06,0.0,1099.42,324.37,Credit Card
ORD-100652,2023-05-28 08:00:00,CUST-1726,Customer 260,56,Male,Central,Corporate,Office Supplies,Printer Paper,2,17.8,0.15,30.26,4.81,Credit Card
ORD-100653,2024-08-10 14:00:00,CUST-1561,Customer 330,54,Female,South,Corporate,Furniture,Desk,2,237.7,0.05,451.63,67.78,Net Banking
ORD-100654,2024-02-08 11:00:00,CUST-1213,Customer 789,63,Male,South,Consumer,Furniture,Desk,1,257.0,0.05,244.15,64.25,Net Banking
ORD-100655,2024-01-24 10:00:00,CUST-1709,Customer 327,45,Male,East,Consumer,Electronics,Laptop,4,964.91,0.05,3666.66,1059.61,Credit Card
ORD-100656,2024-07-13 18:00:00,CUST-1650,Customer 334,68,Male,Central,Corporate,Home & Kitchen,Cookware Set,1,119.43,0.1,107.49,8.91,Cash
ORD-100657,2024-04-07 18:00:00,CUST-1111,Customer 807,40,Male,East,Consumer,Clothing,Jeans,4,45.2,0.0,180.8,35.33,Credit Card
ORD-100658,2023-02-22 14:00:00,CUST-1589,Customer 721,58,Male,Central,Consumer,Electronics,Laptop,2,986.35,0.0,1972.7,321.72,UPI
ORD-100659,2023-07-30 17:00:00,CUST-1211,Customer 701,58,Male,West,Consumer,Clothing,Hoodie,3,34.48,0.05,98.27,28.2,Credit Card
ORD-100660,2023-05-10 09:00:00,CUST-1217,Customer 652,46,Female,Central,Corporate,Furniture,Sofa,5,411.83,0.0,2059.15,244.54,Credit Card
ORD-100661,2024-06-20 10:00:00,CUST-1322,Customer 588,34,Male,South,Consumer,Electronics,Smartphone,5,571.66,0.0,2858.3,829.27,UPI
ORD-100662,2023-01-26 19:00:00,CUST-1251,Customer 495,26,Male,East,Consumer,Office Supplies,Notebook,1,4.56,0.05,4.33,1.12,UPI
ORD-100663,2023-05-28 13:00:00,CUST-1649,Customer 643,22,Male,South,Consumer,Electronics,Tablet,2,307.23,0.0,614.46,189.0,UPI
ORD-100664,2024-03-12 15:00:00,CUST-1156,Customer 32,43,Male,Central,Consumer,Electronics,Smartwatch,3,180.47,0.15,460.2,159.86,Cash
ORD-100665,2024-05-22 14:00:00,CUST-1714,Customer 52,38,Male,West,Consumer,Clothing,Jacket,4,80.26,0.1,288.94,60.29,Credit Card
ORD-100666,2024-01-03 10:00:00,CUST-1044,Customer 783,28,Male,West,Consumer,Electronics,Smartwatch,7,173.75,0.2,973.0,261.58,UPI
ORD-100667,2024-09-20 18:00:00,CUST-1222,Customer 84,57,Female,West,Consumer,Home & Kitchen,Blender,1,52.58,0.2,42.06,11.43,Credit Card
ORD-100668,2024-11-01 17:00:00,CUST-1362,Customer 585,26,Female,East,Consumer,Office Supplies,Stapler,1,12.16,0.0,12.16,3.75,Credit Card
ORD-100669,2023-04-07 16:00:00,CUST-1403,Customer 284,42,Female,East,Consumer,Clothing,T-Shirt,5,16.74,0.0,83.7,18.41,Credit Card
ORD-100670,2024-11-26 12:00:00,CUST-1707,Customer 671,40,Female,Central,Consumer,Office Supplies,Printer Paper,7,21.55,0.05,143.31,15.63,Credit Card
ORD-100671,2024-03-24 16:00:00,CUST-1486,Customer 425,68,Male,East,Consumer,Home & Kitchen,Storage Box,6,14.52,0.0,87.12,30.01,Cash
ORD-100672,2024-04-09 20:00:00,CUST-1423,Customer 273,23,Male,West,Consumer,Furniture,Bookshelf,4,103.27,0.2,330.46,31.51,UPI
ORD-100673,2023-03-11 16:00:00,CUST-1132,Customer 640,62,Female,South,Consumer,Office Supplies,Printer Paper,1,18.26,0.0,18.26,6.21,UPI
ORD-100674,2024-03-29 14:00:00,CUST-1034,Customer 882,53,Male,Central,Consumer,Office Supplies,Printer Paper,5,16.11,0.05,76.52,11.4,Credit Card
ORD-100675,2024-06-13 11:00:00,CUST-1633,Customer 704,59,Male,East,Consumer,Home & Kitchen,Storage Box,4,14.26,0.05,54.19,11.54,Credit Card
ORD-100676,2024-02-28 14:00:00,CUST-1460,Customer 206,58,Female,Central,Consumer,Electronics,Laptop,4,871.34,0.15,2962.56,997.43,UPI
ORD-100677,2023-03-03 12:00:00,CUST-1376,Customer 796,58,Female,East,Consumer,Office Supplies,Pen Set,4,7.79,0.05,29.6,7.78,Credit Card
ORD-100678,2024-01-17 15:00:00,CUST-1402,Customer 898,40,Male,Central,Home Office,Clothing,Jeans,4,41.94,0.05,159.37,37.95,Credit Card
ORD-100679,2024-11-14 08:00:00,CUST-1715,Customer 244,48,Male,East,Consumer,Furniture,Sofa,6,569.1,0.0,3414.6,573.62,Credit Card
ORD-100680,2024-06-12 10:00:00,CUST-1365,Customer 585,36,Male,East,Corporate,Home & Kitchen,Cookware Set,2,121.46,0.05,230.77,36.68,Net Banking
ORD-100681,2023-04-11 18:00:00,CUST-1438,Customer 673,64,Male,South,Consumer,Furniture,Sofa,1,564.04,0.1,507.64,45.1,UPI
ORD-100682,2024-12-01 12:00:00,CUST-1412,Customer 560,29,Male,East,Consumer,Electronics,Headphones,1,72.59,0.05,68.96,16.43,Credit Card
ORD-100683,2024-11-30 13:00:00,CUST-1666,Customer 895,48,Female,East,Consumer,Office Supplies,Binder,3,5.49,0.1,14.82,2.91,UPI
ORD-100684,2023-05-04 15:00:00,CUST-1179,Customer 227,28,Male,East,Consumer,Furniture,Sofa,4,508.13,0.0,2032.52,285.69,Net Banking
ORD-100685,2024-08-07 13:00:00,CUST-1039,Customer 188,37,Male,West,Corporate,Electronics,Laptop,6,802.79,0.0,4816.74,885.02,Credit Card
ORD-100686,2023-10-24 17:00:00,CUST-1766,Customer 797,68,Male,South,Consumer,Electronics,Tablet,4,311.01,0.2,995.23,332.46,Credit Card
ORD-100687,2024-03-09 11:00:00,CUST-1351,Customer 63,28,Female,East,Corporate,Electronics,Tablet,4,300.27,0.0,1201.08,371.22,Net Banking
ORD-100688,2023-11-21 17:00:00,CUST-1461,Customer 29,64,Male,East,Corporate,Clothing,T-Shirt,7,15.78,0.05,104.94,20.59,Net Banking
ORD-100689,2024-07-25 10:00:00,CUST-1335,Customer 806,60,Male,South,Corporate,Home & Kitchen,Coffee Maker,6,77.95,0.05,444.32,153.11,UPI
ORD-100690,2024-12-28 12:00:00,CUST-1235,Customer 763,37,Female,East,Consumer,Office Supplies,Binder,5,5.69,0.15,24.18,4.95,Credit Card
ORD-100691,2024-08-03 15:00:00,CUST-1155,Customer 122,37,Male,East,Consumer,Electronics,Tablet,3,405.43,0.0,1216.29,211.96,Credit Card
ORD-100692,2024-11-10 19:00:00,CUST-1542,Customer 743,18,Male,East,Corporate,Office Supplies,Stapler,2,10.97,0.0,21.94,4.05,Net Banking
ORD-100693,2024-11-21 11:00:00,CUST-1449,Customer 648,59,Male,South,Consumer,Home & Kitchen,Cookware Set,7,116.89,0.15,695.5,219.88,UPI
ORD-100694,2023-03-07 15:00:00,CUST-1500,Customer 815,52,Other,West,Corporate,Clothing,T-Shirt,4,17.66,0.05,67.11,10.22,Credit Card
ORD-100695,2023-07-04 08:00:00,CUST-1600,Customer 349,69,Female,Central,Consumer,Furniture,Bookshelf,1,92.25,0.05,87.64,12.27,Credit Card
ORD-100696,2024-06-10 08:00:00,CUST-1239,Customer 292,33,Female,Central,Corporate,Electronics,Smartwatch,4,219.4,0.0,877.6,297.81,Credit Card
ORD-100697,2024-03-06 17:00:00,CUST-1394,Customer 320,38,Female,West,Corporate,Home & Kitchen,Coffee Maker,1,79.95,0.0,79.95,22.25,UPI
ORD-100698,2023-02-06 17:00:00,CUST-1480,Customer 591,53,Female,Central,Consumer,Home & Kitchen,Coffee Maker,7,59.74,0.15,355.45,101.74,UPI
ORD-100699,2023-03-11 12:00:00,CUST-1665,Customer 846,35,Male,South,Home Office,Electronics,Tablet,4,337.7,0.05,1283.26,359.16,Credit Card
ORD-100700,2024-01-15 16:00:00,CUST-1078,Customer 846,34,Male,Central,Corporate,Clothing,Jacket,6,85.48,0.15,435.95,115.26,UPI
ORD-100701,2024-03-25 12:00:00,CUST-1234,Customer 316,26,Male,South,Consumer,Electronics,Smartphone,4,527.04,0.2,1686.53,176.47,Cash
ORD-100702,2023-05-03 11:00:00,CUST-1157,Customer 61,69,Male,East,Consumer,Electronics,Smartphone,1,642.8,0.05,610.66,173.12,UPI
ORD-100703,2023-05-06 13:00:00,CUST-1238,Customer 367,42,Female,West,Corporate,Clothing,Jacket,5,70.56,0.05,335.16,49.34,Credit Card
ORD-100704,2023-04-05 12:00:00,CUST-1747,Customer 403,58,Male,Central,Corporate,Office Supplies,Pen Set,5,7.96,0.05,37.81,4.38,Net Banking
ORD-100705,2024-02-17 18:00:00,CUST-1133,Customer 15,52,Male,East,Home Office,Furniture,Bookshelf,2,89.74,0.1,161.53,55.79,Credit Card
ORD-100706,2023-01-06 13:00:00,CUST-1600,Customer 879,49,Male,East,Corporate,Home & Kitchen,Storage Box,6,15.79,0.05,90.0,7.88,UPI
ORD-100707,2024-02-22 12:00:00,CUST-1627,Customer 166,34,Male,East,Consumer,Clothing,Sneakers,2,98.79,0.0,197.58,17.49,Credit Card
ORD-100708,2023-12-14 14:00:00,CUST-1595,Customer 521,34,Other,East,Consumer,Electronics,Smartphone,5,643.41,0.15,2734.49,447.57,UPI
ORD-100709,2023-12-07 17:00:00,CUST-1118,Customer 325,43,Female,South,Corporate,Office Supplies,Stapler,6,14.0,0.05,79.8,24.57,UPI
ORD-100710,2024-05-10 11:00:00,CUST-1066,Customer 642,25,Male,East,Consumer,Clothing,Jacket,1,82.83,0.15,70.41,24.22,Credit Card
ORD-100711,2024-01-17 20:00:00,CUST-1119,Customer 599,45,Female,Central,Home Office,Office Supplies,Printer Paper,3,17.51,0.0,52.53,5.88,UPI
ORD-100712,2024-06-15 14:00:00,CUST-1668,Customer 820,22,Female,East,Corporate,Home & Kitchen,Towel Pack,2,22.5,0.05,42.75,7.98,UPI
ORD-100713,2024-07-11 16:00:00,CUST-1005,Customer 58,32,Male,Central,Home Office,Clothing,Jacket,6,73.98,0.05,421.69,117.34,UPI
ORD-100714,2024-11-02 20:00:00,CUST-1576,Customer 252,50,Female,East,Corporate,Electronics,Smartphone,2,706.8,0.1,1272.24,323.52,Credit Card
ORD-100715,2024-08-06 13:00:00,CUST-1310,Customer 315,19,Female,East,Corporate,Electronics,Smartwatch,5,173.98,0.0,869.9,124.41,Credit Card
ORD-100716,2024-01-13 10:00:00,CUST-1758,Customer 808,20,Male,West,Corporate,Clothing,T-Shirt,3,21.2,0.0,63.6,10.74,Net Banking
ORD-100717,2023-12-26 17:00:00,CUST-1349,Customer 329,29,Female,East,Corporate,Home & Kitchen,Towel Pack,1,23.17,0.1,20.85,5.01,Credit Card
ORD-100718,2023-06-22 08:00:00,CUST-1368,Customer 460,57,Female,West,Consumer,Electronics,Tablet,7,361.8,0.2,2026.08,181.46,UPI
ORD-100719,2024-03-13 13:00:00,CUST-1360,Customer 712,59,Female,Central,Home Office,Electronics,Smartwatch,5,195.87,0.0,979.35,278.84,Credit Card
ORD-100720,2023-04-12 20:00:00,CUST-1645,Customer 826,18,Female,South,Consumer,Clothing,Jacket,2,78.31,0.0,156.62,24.18,Cash
ORD-100721,2024-11-10 13:00:00,CUST-1612,Customer 248,32,Female,Central,Home Office,Electronics,Tablet,7,368.45,0.05,2450.19,744.01,UPI
ORD-100722,2024-09-08 16:00:00,CUST-1766,Customer 595,20,Male,West,Corporate,Electronics,Headphones,5,86.34,0.0,431.7,114.22,UPI
ORD-100723,2023-03-29 14:00:00,CUST-1331,Customer 802,18,Female,West,Consumer,Home & Kitchen,Cookware Set,6,110.99,0.0,665.94,169.32,UPI
ORD-100724,2024-07-27 10:00:00,CUST-1672,Customer 242,66,Female,West,Consumer,Clothing,Hoodie,2,42.15,0.05,80.08,23.0,UPI
ORD-100725,2023-03-27 12:00:00,CUST-1003,Customer 849,40,Male,West,Consumer,Home & Kitchen,Blender,1,53.58,0.05,50.9,5.1,Net Banking
ORD-100726,2024-06-10 14:00:00,CUST-1495,Customer 355,59,Female,Central,Corporate,Office Supplies,Printer Paper,1,19.31,0.0,19.31,2.9,UPI
ORD-100727,2023-03-06 09:00:00,CUST-1487,Customer 200,53,Female,West,Consumer,Furniture,Sofa,4,500.04,0.0,2000.16,441.77,UPI
ORD-100728,2023-12-23 13:00:00,CUST-1040,Customer 716,41,Female,Central,Consumer,Home & Kitchen,Cookware Set,6,109.55,0.2,525.84,152.41,UPI
ORD-100729,2024-04-25 13:00:00,CUST-1136,Customer 340,57,Male,West,Consumer,Furniture,Office Chair,7,155.0,0.05,1030.75,318.75,UPI
ORD-100730,2024-06-16 18:00:00,CUST-1779,Customer 374,30,Male,East,Consumer,Electronics,Smartwatch,7,191.89,0.1,1208.91,221.43,UPI
ORD-100731,2023-11-02 09:00:00,CUST-1020,Customer 660,39,Female,Central,Home Office,Home & Kitchen,Coffee Maker,5,73.01,0.0,365.05,107.43,UPI
ORD-100732,2024-11-03 18:00:00,CUST-1404,Customer 200,37,Other,Central,Corporate,Clothing,Hoodie,5,43.42,0.1,195.39,27.25,Net Banking
ORD-100733,2024-07-19 13:00:00,CUST-1621,Customer 242,47,Male,Central,Consumer,Home & Kitchen,Towel Pack,3,23.73,0.1,64.07,6.55,Net Banking
ORD-100734,2023-06-02 16:00:00,CUST-1786,Customer 644,28,Male,East,Home Office,Electronics,Smartphone,1,689.52,0.0,689.52,101.07,UPI
ORD-100735,2024-05-04 15:00:00,CUST-1196,Customer 743,56,Female,Central,Consumer,Home & Kitchen,Cookware Set,2,110.68,0.05,210.29,68.1,UPI
ORD-100736,2024-06-17 11:00:00,CUST-1499,Customer 162,61,Male,South,Home Office,Office Supplies,Notebook,1,3.55,0.05,3.37,0.76,Credit Card
ORD-100737,2023-09-01 20:00:00,CUST-1604,Customer 876,64,Female,East,Home Office,Office Supplies,Stapler,5,13.01,0.0,65.05,13.66,Cash
ORD-100738,2024-06-22 10:00:00,CUST-1723,Customer 45,64,Female,West,Corporate,Home & Kitchen,Blender,4,51.29,0.1,184.64,51.83,UPI
ORD-100739,2024-10-17 08:00:00,CUST-1513,Customer 568,51,Male,West,Corporate,Furniture,Lamp,6,31.15,0.0,186.9,15.46,Net Banking
ORD-100740,2024-08-19 17:00:00,CUST-1186,Customer 378,59,Female,Central,Home Office,Clothing,Sneakers,2,76.15,0.05,144.68,16.2,UPI
ORD-100741,2024-07-10 16:00:00,CUST-1706,Customer 146,53,Female,West,Consumer,Office Supplies,Pen Set,7,7.68,0.2,43.01,4.6,UPI
ORD-100742,2024-04-08 19:00:00,CUST-1755,Customer 704,67,Male,Central,Consumer,Clothing,Hoodie,6,47.89,0.0,287.34,32.43,Credit Card
ORD-100743,2023-07-17 13:00:00,CUST-1286,Customer 2,23,Male,East,Consumer,Home & Kitchen,Blender,7,49.78,0.0,348.46,70.54,UPI
ORD-100744,2024-08-03 08:00:00,CUST-1396,Customer 252,28,Female,East,Consumer,Clothing,Jacket,5,71.59,0.0,357.95,55.76,Credit Card
ORD-100745,2023-09-23 08:00:00,CUST-1520,Customer 369,39,Female,East,Consumer,Electronics,Laptop,3,996.42,0.2,2391.41,698.64,UPI
ORD-100746,2024-01-24 13:00:00,CUST-1665,Customer 623,50,Female,East,Home Office,Electronics,Laptop,5,1009.08,0.0,5045.4,1546.62,Credit Card
ORD-100747,2023-08-18 11:00:00,CUST-1454,Customer 204,64,Female,South,Consumer,Home & Kitchen,Coffee Maker,5,65.11,0.0,325.55,107.34,Credit Card
ORD-100748,2023-08-17 19:00:00,CUST-1599,Customer 48,22,Male,East,Consumer,Home & Kitchen,Coffee Maker,2,81.07,0.05,154.03,20.48,Cash
ORD-100749,2023-04-26 09:00:00,CUST-1626,Customer 696,26,Female,East,Consumer,Home & Kitchen,Towel Pack,1,19.77,0.1,17.79,3.84,UPI
ORD-100750,2024-12-02 19:00:00,CUST-1166,Customer 75,62,Female,South,Consumer,Electronics,Tablet,5,379.62,0.05,1803.2,167.97,Credit Card
ORD-100751,2023-04-18 10:00:00,CUST-1263,Customer 423,34,Male,West,Home Office,Furniture,Sofa,1,410.19,0.2,328.15,47.51,Cash
ORD-100752,2023-03-04 09:00:00,CUST-1675,Customer 601,18,Male,Central,Home Office,Clothing,Sneakers,1,84.35,0.0,84.35,20.76,Credit Card
ORD-100753,2024-11-14 11:00:00,CUST-1479,Customer 569,53,Male,East,Corporate,Clothing,Jacket,1,70.24,0.05,66.73,12.95,Credit Card
ORD-100754,2024-02-10 09:00:00,CUST-1160,Customer 95,63,Male,South,Corporate,Electronics,Smartphone,5,679.77,0.05,3228.91,860.47,Credit Card
ORD-100755,2023-11-16 13:00:00,CUST-1432,Customer 546,64,Female,West,Corporate,Office Supplies,Pen Set,7,6.84,0.0,47.88,14.68,Credit Card
ORD-100756,2024-06-22 12:00:00,CUST-1169,Customer 12,62,Female,East,Consumer,Electronics,Tablet,4,344.32,0.15,1170.69,112.47,Cash
ORD-100757,2023-10-07 14:00:00,CUST-1034,Customer 33,21,Male,Central,Consumer,Office Supplies,Stapler,2,13.13,0.05,24.95,8.32,UPI
ORD-100758,2023-04-04 14:00:00,CUST-1367,Customer 213,25,Male,West,Consumer,Electronics,Headphones,4,69.31,0.0,277.24,25.35,UPI
ORD-100759,2024-06-16 08:00:00,CUST-1027,Customer 637,63,Female,West,Consumer,Electronics,Laptop,4,989.48,0.0,3957.92,1365.68,UPI
ORD-100760,2023-05-09 09:00:00,CUST-1763,Customer 191,54,Female,West,Home Office,Electronics,Headphones,5,78.11,0.0,390.55,98.48,Credit Card
ORD-100761,2024-02-08 10:00:00,CUST-1722,Customer 743,29,Female,West,Corporate,Home & Kitchen,Towel Pack,4,19.97,0.15,67.9,6.23,UPI
ORD-100762,2024-11-23 10:00:00,CUST-1174,Customer 124,38,Male,Central,Consumer,Clothing,Jacket,4,69.67,0.0,278.68,51.91,UPI
ORD-100763,2024-11-14 09:00:00,CUST-1512,Customer 424,62,Male,East,Consumer,Home & Kitchen,Towel Pack,3,21.31,0.15,54.34,8.14,UPI
ORD-100764,2023-09-21 12:00:00,CUST-1309,Customer 433,66,Male,Central,Corporate,Office Supplies,Binder,7,5.52,0.0,38.64,11.42,UPI
ORD-100765,2024-07-23 15:00:00,CUST-1490,Customer 524,64,Female,East,Home Office,Furniture,Office Chair,4,144.02,0.2,460.86,64.92,Credit Card
ORD-100766,2024-03-23 12:00:00,CUST-1417,Customer 343,41,Male,Central,Home Office,Furniture,Lamp,3,37.5,0.1,101.25,30.69,Credit Card
ORD-100767,2023-12-16 12:00:00,CUST-1594,Customer 130,58,Male,East,Corporate,Office Supplies,Binder,1,6.01,0.0,6.01,0.99,Credit Card
ORD-100768,2023-04-13 14:00:00,CUST-1606,Customer 654,20,Female,West,Corporate,Furniture,Bookshelf,5,89.95,0.0,449.75,156.09,UPI
ORD-100769,2023-10-02 15:00:00,CUST-1012,Customer 593,66,Male,West,Consumer,Clothing,Sneakers,3,95.51,0.1,257.88,39.46,Credit Card
ORD-100770,2024-04-20 12:00:00,CUST-1676,Customer 590,29,Other,Central,Consumer,Clothing,T-Shirt,2,17.2,0.0,34.4,9.11,UPI
ORD-100771,2024-12-21 10:00:00,CUST-1185,Customer 845,67,Female,Central,Consumer,Home & Kitchen,Coffee Maker,4,74.76,0.0,299.04,88.53,UPI
ORD-100772,2023-01-04 13:00:00,CUST-1508,Customer 797,18,Male,West,Corporate,Electronics,Laptop,4,988.14,0.1,3557.3,492.49,UPI
ORD-100773,2024-06-07 08:00:00,CUST-1520,Customer 641,66,Male,South,Home Office,Office Supplies,Printer Paper,6,16.7,0.15,85.17,8.56,UPI
ORD-100774,2024-09-09 14:00:00,CUST-1506,Customer 391,45,Female,South,Home Office,Electronics,Tablet,4,362.77,0.1,1305.97,298.85,Credit Card
ORD-100775,2024-11-25 20:00:00,CUST-1574,Customer 14,44,Female,South,Consumer,Electronics,Smartwatch,5,224.54,0.15,954.3,250.8,Net Banking
ORD-100776,2023-11-06 13:00:00,CUST-1104,Customer 196,53,Male,West,Consumer,Clothing,Sneakers,5,88.01,0.05,418.05,125.69,Credit Card
ORD-100777,2023-03-28 09:00:00,CUST-1503,Customer 279,42,Female,East,Consumer,Office Supplies,Notebook,6,4.77,0.1,25.76,3.96,Cash
ORD-100778,2023-07-17 17:00:00,CUST-1300,Customer 267,67,Female,Central,Corporate,Clothing,Hoodie,1,38.34,0.0,38.34,12.1,Credit Card
ORD-100779,2024-09-12 09:00:00,CUST-1328,Customer 858,23,Female,East,Corporate,Electronics,Laptop,3,890.38,0.1,2404.03,786.74,UPI
ORD-100780,2024-10-02 10:00:00,CUST-1117,Customer 57,52,Male,Central,Corporate,Home & Kitchen,Cookware Set,6,115.06,0.05,655.84,190.44,UPI
ORD-100781,2024-04-10 09:00:00,CUST-1471,Customer 601,29,Male,East,Home Office,Home & Kitchen,Towel Pack,1,18.73,0.05,17.79,1.46,Credit Card
ORD-100782,2023-03-31 19:00:00,CUST-1258,Customer 436,19,Female,Central,Corporate,Office Supplies,Binder,4,7.19,0.2,23.01,2.38,Credit Card
ORD-100783,2023-03-31 20:00:00,CUST-1559,Customer 292,51,Male,East,Corporate,Home & Kitchen,Storage Box,3,14.94,0.05,42.58,14.88,UPI
ORD-100784,2023-12-16 15:00:00,CUST-1380,Customer 661,53,Female,South,Home Office,Electronics,Headphones,6,95.25,0.05,542.92,151.02,Cash
ORD-100785,2024-03-05 16:00:00,CUST-1325,Customer 540,24,Male,Central,Corporate,Clothing,Jacket,7,80.89,0.05,537.92,134.07,UPI
ORD-100786,2023-01-24 16:00:00,CUST-1407,Customer 759,55,Male,East,Consumer,Home & Kitchen,Cookware Set,1,139.97,0.0,139.97,45.26,Credit Card
ORD-100787,2024-05-15 15:00:00,CUST-1451,Customer 147,67,Female,West,Consumer,Clothing,Jacket,2,89.14,0.0,178.28,16.17,Credit Card
ORD-100788,2024-02-02 15:00:00,CUST-1541,Customer 244,54,Female,West,Consumer,Clothing,Sneakers,6,89.14,0.2,427.87,121.73,Net Banking
ORD-100789,2023-01-09 20:00:00,CUST-1063,Customer 832,29,Male,South,Consumer,Office Supplies,Printer Paper,2,21.6,0.0,43.2,11.09,Credit Card
ORD-100790,2023-03-11 17:00:00,CUST-1640,Customer 783,22,Female,West,Consumer,Clothing,Jacket,4,83.89,0.05,318.78,98.51,UPI
ORD-100791,2023-11-28 09:00:00,CUST-1135,Customer 351,22,Female,West,Corporate,Clothing,Jacket,7,77.5,0.05,515.38,149.48,Credit Card
ORD-100792,2024-06-11 13:00:00,CUST-1185,Customer 364,50,Male,West,Consumer,Electronics,Laptop,7,917.35,0.15,5458.23,1151.31,UPI
ORD-100793,2024-08-25 20:00:00,CUST-1618,Customer 173,30,Male,Central,Consumer,Electronics,Laptop,7,780.3,0.1,4915.89,487.47,Credit Card
ORD-100794,2023-11-11 13:00:00,CUST-1003,Customer 72,37,Female,East,Consumer,Clothing,Jacket,1,64.04,0.0,64.04,20.85,Net Banking
ORD-100795,2023-08-04 10:00:00,CUST-1304,Customer 68,20,Female,South,Home Office,Office Supplies,Pen Set,2,7.52,0.0,15.04,4.3,UPI
ORD-100796,2024-12-07 19:00:00,CUST-1531,Customer 6,40,Male,Central,Consumer,Office Supplies,Printer Paper,2,18.04,0.1,32.47,5.72,Credit Card
ORD-100797,2023-12-01 16:00:00,CUST-1622,Customer 32,26,Male,South,Consumer,Home & Kitchen,Storage Box,6,14.88,0.0,89.28,30.86,UPI
ORD-100798,2023-08-19 15:00:00,CUST-1714,Customer 337,40,Female,Central,Corporate,Office Supplies,Printer Paper,2,18.54,0.05,35.23,5.78,Credit Card
ORD-100799,2023-11-19 13:00:00,CUST-1539,Customer 580,48,Male,East,Corporate,Furniture,Lamp,4,37.81,0.0,151.24,27.23,Net Banking
ORD-100800,2023-01-09 09:00:00,CUST-1186,Customer 579,67,Female,East,Consumer,Furniture,Bookshelf,6,97.16,0.0,582.96,200.05,Credit Card
ORD-100801,2023-08-09 12:00:00,CUST-1290,Customer 613,33,Male,East,Corporate,Office Supplies,Binder,4,6.98,0.2,22.34,5.82,Net Banking
ORD-100802,2024-01-12 13:00:00,CUST-1018,Customer 580,34,Female,East,Consumer,Clothing,Hoodie,7,47.53,0.15,282.8,89.76,Cash
ORD-100803,2024-11-01 20:00:00,CUST-1616,Customer 593,59,Other,East,Corporate,Office Supplies,Notebook,4,4.65,0.1,16.74,5.35,Credit Card
ORD-100804,2024-06-22 11:00:00,CUST-1005,Customer 346,67,Male,South,Corporate,Office Supplies,Printer Paper,3,19.21,0.0,57.63,12.96,Net Banking
ORD-100805,2024-07-24 09:00:00,CUST-1101,Customer 283,39,Female,West,Consumer,Clothing,Jacket,7,69.15,0.2,387.24,58.89,Net Banking
ORD-100806,2024-02-02 13:00:00,CUST-1778,Customer 383,35,Male,Central,Consumer,Clothing,Hoodie,4,47.21,0.05,179.4,55.4,Cash
ORD-100807,2023-03-22 20:00:00,CUST-1128,Customer 713,55,Female,West,Consumer,Clothing,Jacket,2,68.34,0.2,109.34,23.56,UPI
ORD-100808,2023-10-13 14:00:00,CUST-1227,Customer 487,57,Other,East,Consumer,Electronics,Laptop,5,767.55,0.0,3837.75,891.8,UPI
ORD-100809,2024-12-28 12:00:00,CUST-1327,Customer 756,54,Other,West,Consumer,Clothing,Jeans,6,43.25,0.0,259.5,58.69,Credit Card
ORD-100810,2023-02-02 16:00:00,CUST-1110,Customer 297,51,Male,East,Consumer,Office Supplies,Notebook,6,4.2,0.05,23.94,1.98,Net Banking
ORD-100811,2024-10-03 16:00:00,CUST-1524,Customer 543,25,Female,South,Consumer,Electronics,Smartphone,1,674.88,0.15,573.65,53.0,Credit Card
ORD-100812,2024-05-14 11:00:00,CUST-1248,Customer 579,31,Female,Central,Home Office,Office Supplies,Notebook,1,3.42,0.0,3.42,0.84,UPI
ORD-100813,2023-07-27 20:00:00,CUST-1238,Customer 554,20,Male,East,Corporate,Clothing,Sneakers,5,95.4,0.0,477.0,140.48,Cash
ORD-100814,2024-07-21 15:00:00,CUST-1458,Customer 96,38,Female,Central,Home Office,Office Supplies,Stapler,6,10.94,0.05,62.36,12.68,Net Banking
ORD-100815,2024-09-02 08:00:00,CUST-1258,Customer 174,61,Male,West,Consumer,Clothing,Sneakers,5,81.07,0.2,324.28,42.61,Cash
ORD-100816,2023-02-01 13:00:00,CUST-1174,Customer 560,29,Other,East,Consumer,Furniture,Lamp,3,33.7,0.1,90.99,17.27,Cash
ORD-100817,2023-03-19 19:00:00,CUST-1689,Customer 772,54,Female,East,Consumer,Electronics,Smartwatch,6,183.61,0.15,936.41,269.17,UPI
ORD-100818,2024-04-30 13:00:00,CUST-1464,Customer 435,39,Female,East,Consumer,Furniture,Bookshelf,5,100.45,0.05,477.14,52.16,UPI
ORD-100819,2024-12-30 15:00:00,CUST-1719,Customer 77,27,Male,South,Consumer,Furniture,Desk,7,190.15,0.15,1131.39,261.64,Credit Card
ORD-100820,2023-01-18 15:00:00,CUST-1286,Customer 783,29,Female,South,Consumer,Clothing,Sneakers,3,78.1,0.05,222.58,60.01,Net Banking
ORD-100821,2024-04-30 17:00:00,CUST-1730,Customer 722,53,Male,Central,Corporate,Clothing,Jacket,6,64.34,0.0,386.04,74.23,UPI
ORD-100822,2023-04-10 19:00:00,CUST-1710,Customer 729,59,Female,East,Consumer,Clothing,Sneakers,2,95.4,0.1,171.72,41.61,Cash
ORD-100823,2024-04-19 09:00:00,CUST-1017,Customer 377,35,Female,West,Consumer,Electronics,Laptop,6,1015.16,0.05,5786.41,1843.2,Credit Card
ORD-100824,2024-03-31 14:00:00,CUST-1100,Customer 584,65,Male,West,Corporate,Furniture,Office Chair,6,151.32,0.05,862.52,118.56,UPI
ORD-100825,2023-03-08 14:00:00,CUST-1638,Customer 89,20,Male,East,Consumer,Electronics,Laptop,2,898.07,0.0,1796.14,209.2,UPI
ORD-100826,2024-05-11 09:00:00,CUST-1236,Customer 24,47,Male,Central,Home Office,Clothing,Sneakers,1,99.26,0.1,89.33,8.61,Net Banking
ORD-100827,2024-10-16 16:00:00,CUST-1609,Customer 56,29,Other,East,Home Office,Electronics,Headphones,7,75.14,0.1,473.38,130.69,Credit Card
ORD-100828,2024-09-22 09:00:00,CUST-1346,Customer 383,64,Female,East,Consumer,Office Supplies,Pen Set,1,6.99,0.0,6.99,2.26,UPI
ORD-100829,2023-01-22 13:00:00,CUST-1206,Customer 889,57,Female,Central,Consumer,Clothing,Jeans,4,46.28,0.15,157.35,41.92,Credit Card
ORD-100830,2023-06-29 12:00:00,CUST-1174,Customer 49,21,Female,East,Home Office,Office Supplies,Printer Paper,1,16.94,0.0,16.94,5.82,UPI
ORD-100831,2023-06-25 10:00:00,CUST-1181,Customer 512,38,Female,Central,Corporate,Furniture,Lamp,3,35.28,0.0,105.84,28.7,UPI
ORD-100832,2023-11-27 18:00:00,CUST-1531,Customer 680,56,Female,Central,Home Office,Furniture,Lamp,6,35.34,0.0,212.04,33.48,Credit Card
ORD-100833,2023-04-15 11:00:00,CUST-1027,Customer 400,46,Female,Central,Consumer,Office Supplies,Stapler,4,11.54,0.05,43.85,6.53,UPI
ORD-100834,2024-09-15 11:00:00,CUST-1151,Customer 47,43,Female,South,Corporate,Office Supplies,Printer Paper,2,18.36,0.0,36.72,9.55,Cash
ORD-100835,2024-07-21 19:00:00,CUST-1657,Customer 832,25,Male,Central,Consumer,Electronics,Laptop,3,835.6,0.1,2256.12,592.16,Cash
ORD-100836,2024-08-13 19:00:00,CUST-1255,Customer 809,47,Female,Central,Consumer,Home & Kitchen,Storage Box,1,14.23,0.1,12.81,2.84,UPI
ORD-100837,2023-05-25 08:00:00,CUST-1486,Customer 417,22,Female,Central,Consumer,Office Supplies,Notebook,5,4.61,0.05,21.9,4.87,Credit Card
ORD-100838,2023-01-11 11:00:00,CUST-1239,Customer 757,34,Male,South,Corporate,Office Supplies,Pen Set,1,8.76,0.15,7.45,1.43,UPI
ORD-100839,2024-10-26 17:00:00,CUST-1012,Customer 762,30,Other,West,Corporate,Electronics,Smartwatch,3,164.25,0.2,394.2,68.78,UPI
ORD-100840,2023-07-30 18:00:00,CUST-1358,Customer 586,52,Female,West,Corporate,Furniture,Lamp,1,31.17,0.0,31.17,7.83,Cash
ORD-100841,2024-04-24 20:00:00,CUST-1180,Customer 768,42,Male,West,Consumer,Furniture,Office Chair,2,123.73,0.0,247.46,69.74,UPI
ORD-100842,2024-10-25 15:00:00,CUST-1588,Customer 629,40,Male,Central,Home Office,Electronics,Smartwatch,1,165.61,0.0,165.61,49.62,UPI
ORD-100843,2023-01-27 08:00:00,CUST-1664,Customer 675,62,Female,West,Consumer,Office Supplies,Notebook,7,3.48,0.05,23.14,3.77,UPI
ORD-100844,2023-01-04 19:00:00,CUST-1705,Customer 100,38,Female,South,Home Office,Office Supplies,Notebook,6,3.62,0.0,21.72,6.77,Net Banking
ORD-100845,2023-01-04 10:00:00,CUST-1481,Customer 86,57,Male,Central,Corporate,Home & Kitchen,Cookware Set,7,137.61,0.05,915.11,148.01,UPI
ORD-100846,2023-04-25 09:00:00,CUST-1064,Customer 142,64,Female,West,Consumer,Home & Kitchen,Cookware Set,5,136.79,0.05,649.75,105.47,Credit Card
ORD-100847,2023-02-07 16:00:00,CUST-1684,Customer 859,26,Female,West,Corporate,Electronics,Smartphone,4,696.94,0.05,2648.37,788.21,Cash
ORD-100848,2024-08-21 15:00:00,CUST-1675,Customer 371,56,Male,Central,Corporate,Electronics,Tablet,2,362.15,0.0,724.3,247.52,UPI
ORD-100849,2024-03-18 08:00:00,CUST-1117,Customer 564,21,Male,South,Consumer,Clothing,Sneakers,7,93.77,0.0,656.39,217.73,UPI
ORD-100850,2024-12-16 10:00:00,CUST-1326,Customer 517,51,Male,Central,Consumer,Home & Kitchen,Cookware Set,7,133.02,0.0,931.14,102.42,Credit Card
ORD-100851,2024-08-08 15:00:00,CUST-1762,Customer 368,29,Female,East,Home Office,Home & Kitchen,Cookware Set,3,139.35,0.1,376.24,59.4,Credit Card
ORD-100852,2024-12-04 11:00:00,CUST-1645,Customer 638,31,Male,South,Home Office,Electronics,Headphones,2,88.51,0.05,168.17,47.96,Cash
ORD-100853,2023-06-24 16:00:00,CUST-1165,Customer 690,62,Female,South,Corporate,Electronics,Laptop,3,941.6,0.05,2683.56,798.86,Credit Card
ORD-100854,2023-07-30 13:00:00,CUST-1501,Customer 859,27,Female,South,Consumer,Electronics,Smartwatch,3,214.97,0.05,612.66,132.43,UPI
ORD-100855,2024-09-12 15:00:00,CUST-1242,Customer 67,44,Female,Central,Consumer,Clothing,Sneakers,7,88.8,0.05,590.52,49.81,UPI
ORD-100856,2023-06-28 14:00:00,CUST-1694,Customer 323,58,Other,East,Consumer,Office Supplies,Stapler,1,11.09,0.0,11.09,2.39,Credit Card
ORD-100857,2023-02-11 12:00:00,CUST-1740,Customer 161,59,Female,South,Corporate,Office Supplies,Stapler,5,10.56,0.0,52.8,4.67,UPI
ORD-100858,2024-05-03 12:00:00,CUST-1625,Customer 492,28,Female,East,Consumer,Office Supplies,Binder,6,5.98,0.0,35.88,5.6,Credit Card
ORD-100859,2024-08-07 17:00:00,CUST-1250,Customer 610,37,Male,East,Consumer,Electronics,Smartwatch,6,167.6,0.0,1005.6,258.79,Credit Card
ORD-100860,2024-12-07 14:00:00,CUST-1315,Customer 162,47,Male,Central,Corporate,Office Supplies,Pen Set,2,7.27,0.0,14.54,1.69,Net Banking
ORD-100861,2024-11-08 15:00:00,CUST-1476,Customer 566,48,Male,West,Home Office,Electronics,Laptop,3,729.59,0.1,1969.89,536.54,UPI
ORD-100862,2023-03-29 15:00:00,CUST-1758,Customer 46,26,Male,Central,Consumer,Office Supplies,Binder,3,5.73,0.0,17.19,4.26,Net Banking
ORD-100863,2024-07-17 10:00:00,CUST-1275,Customer 472,48,Male,Central,Consumer,Clothing,Sneakers,3,101.11,0.0,303.33,59.46,UPI
ORD-100864,2024-09-09 19:00:00,CUST-1444,Customer 877,18,Male,East,Corporate,Office Supplies,Printer Paper,1,17.69,0.0,17.69,3.19,Cash
ORD-100865,2024-05-24 15:00:00,CUST-1591,Customer 607,50,Male,Central,Consumer,Furniture,Desk,1,205.55,0.0,205.55,67.21,Credit Card
ORD-100866,2024-08-21 17:00:00,CUST-1297,Customer 704,56,Female,South,Consumer,Clothing,T-Shirt,1,17.84,0.0,17.84,4.09,Credit Card
ORD-100867,2024-09-03 19:00:00,CUST-1249,Customer 854,42,Female,South,Consumer,Clothing,Jacket,7,71.66,0.0,501.62,160.52,Credit Card
ORD-100868,2023-11-22 20:00:00,CUST-1312,Customer 468,30,Male,East,Consumer,Electronics,Smartwatch,3,206.31,0.0,618.93,118.44,Credit Card
ORD-100869,2023-01-30 16:00:00,CUST-1353,Customer 118,30,Male,West,Corporate,Electronics,Smartphone,2,664.68,0.2,1063.49,255.83,Net Banking
ORD-100870,2023-11-30 18:00:00,CUST-1074,Customer 526,53,Female,East,Consumer,Office Supplies,Stapler,6,10.31,0.0,61.86,20.89,UPI
ORD-100871,2023-05-28 14:00:00,CUST-1067,Customer 309,40,Male,Central,Corporate,Furniture,Lamp,4,36.01,0.0,144.04,16.35,UPI
ORD-100872,2023-03-25 17:00:00,CUST-1559,Customer 860,66,Female,Central,Consumer,Electronics,Smartphone,3,534.86,0.05,1524.35,230.1,UPI
ORD-100873,2023-04-02 12:00:00,CUST-1736,Customer 264,68,Male,West,Corporate,Electronics,Smartphone,1,673.99,0.0,673.99,220.74,Credit Card
ORD-100874,2024-05-24 17:00:00,CUST-1644,Customer 475,40,Male,East,Corporate,Electronics,Smartphone,3,730.07,0.05,2080.7,403.53,Net Banking
ORD-100875,2024-01-04 09:00:00,CUST-1724,Customer 841,32,Female,Central,Home Office,Office Supplies,Binder,5,7.01,0.0,35.05,5.38,UPI
ORD-100876,2024-01-30 19:00:00,CUST-1670,Customer 674,60,Female,Central,Consumer,Office Supplies,Stapler,5,11.06,0.15,47.0,16.42,Credit Card
ORD-100877,2024-06-27 11:00:00,CUST-1643,Customer 169,55,Female,West,Corporate,Electronics,Tablet,3,377.37,0.15,962.29,103.54,UPI
ORD-100878,2024-02-05 16:00:00,CUST-1046,Customer 783,26,Male,East,Home Office,Clothing,Hoodie,5,45.1,0.1,202.95,49.75,Credit Card
ORD-100879,2024-04-04 08:00:00,CUST-1698,Customer 331,67,Male,West,Consumer,Furniture,Bookshelf,6,103.73,0.0,622.38,182.22,UPI
ORD-100880,2023-03-04 10:00:00,CUST-1357,Customer 638,28,Male,South,Consumer,Furniture,Office Chair,7,131.72,0.05,875.94,256.14,UPI
ORD-100881,2024-09-13 20:00:00,CUST-1482,Customer 815,47,Female,Central,Consumer,Electronics,Smartphone,4,624.83,0.0,2499.32,498.11,Net Banking
ORD-100882,2023-11-24 18:00:00,CUST-1711,Customer 881,27,Male,Central,Home Office,Clothing,Jacket,2,69.56,0.1,125.21,11.5,Net Banking
ORD-100883,2023-04-24 10:00:00,CUST-1068,Customer 603,43,Male,East,Consumer,Home & Kitchen,Coffee Maker,1,60.1,0.0,60.1,18.46,Credit Card
ORD-100884,2024-08-16 09:00:00,CUST-1203,Customer 665,50,Female,West,Consumer,Office Supplies,Notebook,2,4.32,0.05,8.21,2.44,Credit Card
ORD-100885,2024-06-20 18:00:00,CUST-1056,Customer 29,24,Female,East,Home Office,Electronics,Tablet,1,340.34,0.0,340.34,49.04,Net Banking
ORD-100886,2023-02-08 20:00:00,CUST-1335,Customer 855,31,Male,West,Consumer,Electronics,Smartphone,4,580.84,0.05,2207.19,379.51,UPI
ORD-100887,2023-05-21 10:00:00,CUST-1628,Customer 864,57,Female,East,Consumer,Electronics,Smartwatch,2,217.83,0.0,435.66,95.15,UPI
ORD-100888,2023-01-12 16:00:00,CUST-1393,Customer 194,67,Female,West,Corporate,Clothing,Hoodie,2,40.94,0.0,81.88,9.07,UPI
ORD-100889,2023-07-17 11:00:00,CUST-1413,Customer 55,65,Female,West,Consumer,Electronics,Headphones,6,95.85,0.05,546.34,164.75,UPI
ORD-100890,2023-03-14 17:00:00,CUST-1187,Customer 851,57,Male,South,Consumer,Home & Kitchen,Towel Pack,3,24.81,0.05,70.71,23.26,UPI
ORD-100891,2024-06-02 13:00:00,CUST-1221,Customer 470,68,Female,West,Consumer,Office Supplies,Notebook,6,4.62,0.0,27.72,4.52,Net Banking
ORD-100892,2024-01-17 09:00:00,CUST-1445,Customer 160,26,Male,East,Corporate,Office Supplies,Printer Paper,1,20.17,0.0,20.17,6.65,UPI
ORD-100893,2024-12-16 12:00:00,CUST-1029,Customer 218,28,Male,East,Corporate,Clothing,Hoodie,3,35.48,0.15,90.47,26.8,Credit Card
ORD-100894,2024-07-01 15:00:00,CUST-1354,Customer 596,39,Male,East,Consumer,Electronics,Tablet,1,296.74,0.05,281.9,77.95,Credit Card
ORD-100895,2024-03-22 18:00:00,CUST-1787,Customer 569,65,Male,Central,Consumer,Clothing,T-Shirt,4,21.06,0.05,80.03,27.34,Net Banking
ORD-100896,2024-01-07 08:00:00,CUST-1456,Customer 550,59,Female,Central,Home Office,Electronics,Smartphone,1,556.99,0.05,529.14,88.71,UPI
ORD-100897,2023-02-09 20:00:00,CUST-1077,Customer 255,37,Female,Central,Consumer,Clothing,T-Shirt,2,17.76,0.05,33.74,11.04,UPI
ORD-100898,2023-02-21 16:00:00,CUST-1335,Customer 686,18,Male,South,Home Office,Office Supplies,Binder,6,6.38,0.05,36.37,3.88,Credit Card
ORD-100899,2024-03-25 19:00:00,CUST-1291,Customer 736,50,Male,East,Home Office,Electronics,Smartphone,7,572.98,0.0,4010.86,838.53,Net Banking
ORD-100900,2023-01-04 20:00:00,CUST-1559,Customer 37,34,Male,West,Consumer,Clothing,Jacket,4,69.66,0.05,264.71,60.63,UPI
ORD-100901,2023-01-31 09:00:00,CUST-1544,Customer 509,29,Female,East,Corporate,Electronics,Headphones,7,81.05,0.05,538.98,60.99,Net Banking
ORD-100902,2023-06-09 09:00:00,CUST-1783,Customer 628,29,Male,East,Home Office,Electronics,Smartwatch,6,185.5,0.0,1113.0,310.62,Credit Card
ORD-100903,2024-10-07 18:00:00,CUST-1498,Customer 282,30,Female,West,Corporate,Clothing,Hoodie,6,43.47,0.1,234.74,48.9,Credit Card
ORD-100904,2023-12-02 10:00:00,CUST-1189,Customer 628,34,Male,Central,Corporate,Office Supplies,Pen Set,7,7.01,0.0,49.07,9.96,Credit Card
ORD-100905,2024-06-01 09:00:00,CUST-1101,Customer 779,50,Female,South,Consumer,Home & Kitchen,Towel Pack,1,22.46,0.0,22.46,5.32,Credit Card
ORD-100906,2023-10-28 14:00:00,CUST-1126,Customer 806,26,Female,West,Home Office,Office Supplies,Pen Set,2,7.29,0.1,13.12,1.53,Net Banking
ORD-100907,2023-05-07 19:00:00,CUST-1496,Customer 699,43,Male,West,Consumer,Office Supplies,Notebook,4,4.25,0.15,14.45,1.94,UPI
ORD-100908,2023-09-28 18:00:00,CUST-1477,Customer 636,65,Female,South,Corporate,Furniture,Office Chair,5,124.69,0.0,623.45,80.29,Cash
ORD-100909,2023-03-08 14:00:00,CUST-1269,Customer 444,68,Female,Central,Home Office,Electronics,Smartphone,7,569.89,0.05,3789.77,1277.24,Cash
ORD-100910,2024-07-16 10:00:00,CUST-1589,Customer 87,61,Female,Central,Consumer,Home & Kitchen,Cookware Set,1,135.76,0.0,135.76,39.2,Credit Card
ORD-100911,2023-05-14 12:00:00,CUST-1136,Customer 442,31,Male,West,Corporate,Electronics,Smartwatch,2,177.14,0.1,318.85,71.07,UPI
ORD-100912,2023-10-02 16:00:00,CUST-1571,Customer 706,25,Female,West,Corporate,Office Supplies,Binder,3,6.65,0.05,18.95,4.89,Net Banking
ORD-100913,2024-12-16 10:00:00,CUST-1493,Customer 421,63,Male,Central,Home Office,Electronics,Headphones,5,75.65,0.1,340.42,86.98,UPI
ORD-100914,2024-03-08 14:00:00,CUST-1140,Customer 834,39,Female,East,Consumer,Electronics,Headphones,7,74.58,0.0,522.06,78.74,Credit Card
ORD-100915,2023-12-01 08:00:00,CUST-1720,Customer 486,41,Female,West,Corporate,Office Supplies,Notebook,7,3.82,0.0,26.74,2.76,Net Banking
ORD-100916,2024-02-01 12:00:00,CUST-1695,Customer 7,40,Female,East,Consumer,Clothing,Hoodie,6,46.33,0.1,250.18,57.5,UPI
ORD-100917,2024-07-26 11:00:00,CUST-1601,Customer 772,24,Female,Central,Consumer,Clothing,Jeans,6,44.51,0.0,267.06,40.33,Net Banking
ORD-100918,2023-07-05 16:00:00,CUST-1531,Customer 400,55,Male,West,Consumer,Home & Kitchen,Towel Pack,3,20.58,0.0,61.74,19.5,UPI
ORD-100919,2024-04-09 19:00:00,CUST-1129,Customer 67,30,Female,East,Consumer,Furniture,Sofa,5,498.16,0.0,2490.8,358.01,UPI
ORD-100920,2024-09-29 09:00:00,CUST-1773,Customer 619,30,Female,West,Corporate,Office Supplies,Binder,2,5.91,0.05,11.23,2.64,UPI
ORD-100921,2024-02-22 18:00:00,CUST-1139,Customer 350,57,Male,East,Consumer,Electronics,Tablet,4,383.03,0.0,1532.12,296.35,Net Banking
ORD-100922,2023-11-22 16:00:00,CUST-1645,Customer 706,55,Male,Central,Consumer,Clothing,Sneakers,3,101.72,0.05,289.9,81.34,Net Banking
ORD-100923,2023-04-16 20:00:00,CUST-1375,Customer 675,60,Female,South,Consumer,Furniture,Sofa,7,496.46,0.0,3475.22,1170.11,UPI
ORD-100924,2023-07-01 19:00:00,CUST-1535,Customer 853,54,Male,West,Home Office,Office Supplies,Notebook,3,4.03,0.05,11.49,2.2,Credit Card
ORD-100925,2024-11-21 09:00:00,CUST-1016,Customer 867,20,Female,East,Consumer,Electronics,Laptop,3,824.55,0.15,2102.6,193.39,Credit Card
ORD-100926,2024-01-31 17:00:00,CUST-1253,Customer 679,39,Male,South,Consumer,Clothing,Jacket,3,89.3,0.0,267.9,69.28,Credit Card
ORD-100927,2023-08-08 15:00:00,CUST-1016,Customer 138,39,Female,South,Corporate,Clothing,Sneakers,7,86.63,0.05,576.09,66.18,Credit Card
ORD-100928,2023-11-02 09:00:00,CUST-1582,Customer 737,34,Female,Central,Home Office,Home & Kitchen,Towel Pack,7,20.07,0.05,133.47,14.44,UPI
ORD-100929,2024-02-26 11:00:00,CUST-1201,Customer 40,43,Male,West,Corporate,Electronics,Smartphone,4,737.32,0.0,2949.28,762.74,Credit Card
ORD-100930,2024-01-28 20:00:00,CUST-1251,Customer 413,43,Male,East,Consumer,Home & Kitchen,Cookware Set,7,142.36,0.1,896.87,96.65,UPI
ORD-100931,2024-05-25 15:00:00,CUST-1085,Customer 724,49,Male,South,Consumer,Electronics,Tablet,6,340.85,0.15,1738.34,199.51,Net Banking
ORD-100932,2023-07-07 12:00:00,CUST-1105,Customer 812,67,Female,West,Consumer,Furniture,Office Chair,6,136.06,0.1,734.72,145.88,Credit Card
ORD-100933,2024-04-18 12:00:00,CUST-1437,Customer 873,51,Male,West,Corporate,Electronics,Smartphone,7,674.65,0.15,4014.17,811.38,UPI
ORD-100934,2023-11-20 18:00:00,CUST-1273,Customer 114,66,Male,Central,Consumer,Electronics,Tablet,3,387.64,0.05,1104.77,360.93,Credit Card
ORD-100935,2024-11-17 11:00:00,CUST-1034,Customer 643,61,Female,Central,Consumer,Office Supplies,Notebook,4,4.1,0.05,15.58,2.41,UPI
ORD-100936,2023-04-26 10:00:00,CUST-1671,Customer 75,56,Female,East,Consumer,Electronics,Smartphone,2,598.79,0.0,1197.58,225.45,Net Banking
ORD-100937,2023-04-19 15:00:00,CUST-1194,Customer 499,32,Male,South,Consumer,Furniture,Bookshelf,3,85.99,0.2,206.38,55.94,Credit Card
ORD-100938,2023-12-04 20:00:00,CUST-1034,Customer 315,48,Female,West,Consumer,Office Supplies,Printer Paper,4,17.36,0.05,65.97,20.01,Cash
ORD-100939,2024-01-07 10:00:00,CUST-1046,Customer 210,23,Female,East,Consumer,Clothing,Jeans,1,40.11,0.0,40.11,6.99,Credit Card
ORD-100940,2024-05-19 11:00:00,CUST-1324,Customer 673,66,Female,East,Consumer,Clothing,Sneakers,2,95.41,0.1,171.74,43.0,Credit Card
ORD-100941,2023-10-22 14:00:00,CUST-1424,Customer 862,27,Female,West,Consumer,Office Supplies,Pen Set,6,7.09,0.05,40.41,10.04,Credit Card
ORD-100942,2024-10-29 10:00:00,CUST-1102,Customer 312,30,Female,Central,Consumer,Electronics,Smartphone,2,613.43,0.15,1042.83,168.8,Credit Card
ORD-100943,2023-12-13 16:00:00,CUST-1282,Customer 650,66,Female,East,Corporate,Clothing,Jacket,5,85.67,0.1,385.52,43.19,Credit Card
ORD-100944,2023-04-05 11:00:00,CUST-1277,Customer 688,24,Female,West,Corporate,Electronics,Laptop,6,842.72,0.15,4297.87,1135.84,UPI
ORD-100945,2023-03-29 09:00:00,CUST-1066,Customer 625,46,Male,West,Corporate,Electronics,Smartwatch,2,181.1,0.05,344.09,52.43,Credit Card
ORD-100946,2024-12-11 11:00:00,CUST-1520,Customer 299,47,Female,West,Consumer,Electronics,Smartwatch,4,224.56,0.05,853.33,141.6,Cash
ORD-100947,2023-04-08 20:00:00,CUST-1283,Customer 793,29,Female,South,Corporate,Office Supplies,Binder,7,5.37,0.1,33.83,7.93,Credit Card
ORD-100948,2024-11-22 20:00:00,CUST-1560,Customer 636,38,Male,East,Consumer,Furniture,Desk,6,255.13,0.0,1530.78,188.93,Credit Card
ORD-100949,2023-07-22 14:00:00,CUST-1000,Customer 788,58,Male,South,Consumer,Office Supplies,Pen Set,7,6.97,0.0,48.79,7.08,UPI
ORD-100950,2023-03-10 13:00:00,CUST-1027,Customer 222,54,Female,West,Consumer,Furniture,Lamp,5,34.82,0.2,139.28,27.92,UPI
ORD-100951,2023-08-11 18:00:00,CUST-1660,Customer 73,48,Male,East,Home Office,Furniture,Office Chair,7,149.95,0.15,892.2,283.0,Net Banking
ORD-100952,2024-03-24 10:00:00,CUST-1260,Customer 619,46,Male,East,Consumer,Furniture,Bookshelf,3,88.16,0.2,211.58,61.04,Cash
ORD-100953,2023-11-09 16:00:00,CUST-1290,Customer 18,37,Male,South,Consumer,Electronics,Headphones,5,82.97,0.0,414.85,68.76,UPI
ORD-100954,2024-07-27 16:00:00,CUST-1334,Customer 179,50,Male,East,Consumer,Furniture,Bookshelf,5,82.93,0.0,414.65,66.99,Net Banking
ORD-100955,2024-03-22 17:00:00,CUST-1532,Customer 201,18,Female,East,Corporate,Office Supplies,Stapler,7,12.59,0.15,74.91,25.96,Credit Card
ORD-100956,2023-10-20 10:00:00,CUST-1569,Customer 175,21,Male,West,Consumer,Office Supplies,Printer Paper,3,16.15,0.0,48.45,12.42,Net Banking
ORD-100957,2024-04-08 17:00:00,CUST-1567,Customer 819,58,Male,Central,Corporate,Electronics,Laptop,7,959.34,0.05,6379.61,1691.2,Credit Card
ORD-100958,2024-12-10 15:00:00,CUST-1698,Customer 787,27,Male,West,Consumer,Office Supplies,Binder,4,6.33,0.0,25.32,2.4,Credit Card
ORD-100959,2023-10-28 19:00:00,CUST-1443,Customer 480,55,Female,East,Consumer,Furniture,Lamp,1,35.65,0.15,30.3,3.28,Credit Card
ORD-100960,2023-04-23 10:00:00,CUST-1201,Customer 607,18,Female,West,Corporate,Electronics,Laptop,5,738.76,0.05,3509.11,559.71,UPI
ORD-100961,2023-10-26 15:00:00,CUST-1471,Customer 583,31,Male,South,Consumer,Electronics,Tablet,7,348.47,0.0,2439.29,749.7,UPI
ORD-100962,2024-09-05 18:00:00,CUST-1233,Customer 785,66,Male,South,Consumer,Office Supplies,Pen Set,4,8.38,0.05,31.84,10.38,Credit Card
ORD-100963,2023-06-08 11:00:00,CUST-1342,Customer 312,31,Male,South,Corporate,Furniture,Office Chair,4,132.02,0.0,528.08,69.48,Credit Card
ORD-100964,2024-11-23 17:00:00,CUST-1022,Customer 634,69,Male,West,Home Office,Clothing,Jeans,7,48.92,0.1,308.2,84.09,UPI
ORD-100965,2024-03-05 09:00:00,CUST-1325,Customer 382,32,Female,East,Consumer,Electronics,Smartwatch,7,166.6,0.05,1107.89,350.11,UPI
ORD-100966,2024-03-15 17:00:00,CUST-1479,Customer 458,51,Female,East,Corporate,Clothing,Hoodie,3,36.92,0.05,105.22,33.39,Net Banking
ORD-100967,2023-08-20 15:00:00,CUST-1244,Customer 270,52,Female,South,Consumer,Furniture,Sofa,6,531.91,0.0,3191.46,650.67,Net Banking
ORD-100968,2024-11-02 10:00:00,CUST-1087,Customer 678,50,Female,Central,Corporate,Office Supplies,Binder,5,5.41,0.0,27.05,4.05,UPI
ORD-100969,2023-01-27 08:00:00,CUST-1056,Customer 846,33,Female,Central,Corporate,Clothing,Jeans,5,42.12,0.0,210.6,71.22,UPI
ORD-100970,2023-08-07 17:00:00,CUST-1094,Customer 884,57,Male,West,Corporate,Furniture,Lamp,6,37.72,0.15,192.37,29.76,UPI
ORD-100971,2023-11-02 11:00:00,CUST-1279,Customer 371,34,Female,West,Consumer,Electronics,Smartwatch,3,209.97,0.0,629.91,93.37,Cash
ORD-100972,2023-12-15 14:00:00,CUST-1796,Customer 78,60,Male,West,Consumer,Office Supplies,Notebook,3,3.47,0.05,9.89,1.34,UPI
ORD-100973,2023-12-13 08:00:00,CUST-1370,Customer 752,37,Female,West,Corporate,Home & Kitchen,Blender,1,49.19,0.0,49.19,11.01,UPI
ORD-100974,2023-04-18 20:00:00,CUST-1727,Customer 25,61,Male,West,Corporate,Home & Kitchen,Coffee Maker,6,70.43,0.2,338.06,36.83,UPI
ORD-100975,2023-06-14 15:00:00,CUST-1106,Customer 140,68,Male,East,Corporate,Electronics,Laptop,2,898.86,0.1,1617.95,378.74,Net Banking
ORD-100976,2023-03-11 20:00:00,CUST-1777,Customer 804,57,Male,East,Consumer,Clothing,Jeans,5,45.4,0.0,227.0,76.0,UPI
ORD-100977,2024-02-22 10:00:00,CUST-1726,Customer 286,41,Male,East,Consumer,Furniture,Lamp,5,37.68,0.05,178.98,38.72,Credit Card
ORD-100978,2023-09-14 10:00:00,CUST-1069,Customer 489,39,Male,South,Corporate,Electronics,Smartphone,5,691.05,0.05,3282.49,1118.16,UPI
ORD-100979,2024-02-18 15:00:00,CUST-1006,Customer 164,37,Female,South,Consumer,Office Supplies,Printer Paper,7,21.28,0.1,134.06,43.51,Credit Card
ORD-100980,2024-03-06 15:00:00,CUST-1514,Customer 242,36,Male,Central,Home Office,Office Supplies,Binder,7,5.83,0.2,32.65,9.6,Credit Card
ORD-100981,2024-05-27 18:00:00,CUST-1179,Customer 264,42,Other,South,Consumer,Office Supplies,Pen Set,1,7.26,0.1,6.53,1.59,UPI
ORD-100982,2024-02-04 20:00:00,CUST-1512,Customer 197,43,Male,East,Corporate,Clothing,Sneakers,6,80.11,0.15,408.56,129.83,UPI
ORD-100983,2024-04-18 18:00:00,CUST-1543,Customer 601,55,Female,East,Consumer,Furniture,Bookshelf,2,81.17,0.05,154.22,35.45,Net Banking
ORD-100984,2024-03-04 09:00:00,CUST-1051,Customer 606,64,Male,East,Consumer,Office Supplies,Pen Set,5,7.9,0.0,39.5,5.37,Net Banking
ORD-100985,2024-04-21 12:00:00,CUST-1658,Customer 128,63,Male,East,Home Office,Furniture,Lamp,5,40.44,0.05,192.09,63.35,UPI
ORD-100986,2024-03-26 19:00:00,CUST-1693,Customer 880,49,Male,Central,Corporate,Electronics,Smartwatch,1,184.58,0.1,166.12,35.81,Credit Card
ORD-100987,2023-08-19 15:00:00,CUST-1378,Customer 482,69,Male,East,Consumer,Furniture,Bookshelf,2,81.19,0.0,162.38,52.79,Credit Card
ORD-100988,2023-06-29 19:00:00,CUST-1744,Customer 649,64,Male,South,Home Office,Home & Kitchen,Storage Box,7,16.53,0.05,109.92,20.46,Net Banking
ORD-100989,2024-07-28 15:00:00,CUST-1470,Customer 3,43,Female,Central,Consumer,Office Supplies,Binder,1,7.18,0.0,7.18,1.23,Credit Card
ORD-100990,2023-09-08 08:00:00,CUST-1584,Customer 350,39,Male,East,Corporate,Electronics,Smartwatch,2,174.01,0.0,348.02,99.82,Credit Card
ORD-100991,2024-02-05 14:00:00,CUST-1218,Customer 884,41,Male,South,Consumer,Clothing,Hoodie,1,44.89,0.15,38.16,9.59,UPI
ORD-100992,2023-05-24 18:00:00,CUST-1506,Customer 772,19,Male,South,Home Office,Home & Kitchen,Coffee Maker,2,79.67,0.0,159.34,31.66,Credit Card
ORD-100993,2023-11-11 16:00:00,CUST-1763,Customer 32,35,Female,West,Home Office,Home & Kitchen,Coffee Maker,5,69.33,0.1,311.98,98.97,UPI
ORD-100994,2024-01-22 09:00:00,CUST-1620,Customer 607,37,Male,East,Consumer,Office Supplies,Pen Set,6,8.53,0.0,51.18,11.23,Net Banking
ORD-100995,2024-04-01 10:00:00,CUST-1515,Customer 679,58,Male,West,Consumer,Furniture,Sofa,5,480.64,0.05,2283.04,190.53,UPI
ORD-100996,2024-01-20 19:00:00,CUST-1324,Customer 125,31,Male,West,Corporate,Office Supplies,Binder,2,5.65,0.15,9.6,2.56,UPI
ORD-100997,2023-09-21 20:00:00,CUST-1105,Customer 782,52,Female,Central,Consumer,Clothing,Sneakers,7,84.93,0.1,535.06,51.93,Credit Card
ORD-100998,2024-12-03 17:00:00,CUST-1273,Customer 162,34,Female,East,Consumer,Home & Kitchen,Cookware Set,3,106.0,0.1,286.2,60.07,Credit Card
ORD-100999,2024-01-10 09:00:00,CUST-1589,Customer 896,36,Male,South,Corporate,Clothing,Sneakers,3,93.28,0.0,279.84,36.9,Credit Card
ORD-101000,2024-08-13 16:00:00,CUST-1421,Customer 9,21,Female,East,Consumer,Furniture,Office Chair,4,159.63,0.0,638.52,92.8,Credit Card
ORD-101001,2024-06-21 18:00:00,CUST-1102,Customer 585,44,Male,South,Home Office,Electronics,Smartphone,1,593.71,0.1,534.34,184.11,Credit Card
ORD-101002,2024-02-12 16:00:00,CUST-1188,Customer 215,23,Female,East,Corporate,Office Supplies,Printer Paper,3,18.87,0.1,50.95,5.64,UPI
ORD-101003,2024-10-09 15:00:00,CUST-1322,Customer 546,28,Female,South,Consumer,Electronics,Laptop,6,791.56,0.1,4274.42,1216.42,Credit Card
ORD-101004,2023-04-04 14:00:00,CUST-1036,Customer 690,44,Female,East,Consumer,Electronics,Tablet,5,304.17,0.1,1368.76,345.08,UPI
ORD-101005,2024-11-03 11:00:00,CUST-1392,Customer 502,54,Male,Central,Home Office,Office Supplies,Notebook,7,4.33,0.0,30.31,4.02,Credit Card
ORD-101006,2024-09-12 11:00:00,CUST-1730,Customer 671,39,Female,South,Consumer,Office Supplies,Printer Paper,6,16.14,0.0,96.84,32.2,UPI
ORD-101007,2024-01-03 17:00:00,CUST-1577,Customer 688,31,Female,West,Home Office,Home & Kitchen,Towel Pack,3,24.72,0.15,63.04,8.47,UPI
ORD-101008,2024-06-19 08:00:00,CUST-1748,Customer 298,64,Female,East,Consumer,Clothing,Hoodie,6,37.8,0.05,215.46,47.23,Credit Card
ORD-101009,2024-01-15 09:00:00,CUST-1797,Customer 783,36,Female,South,Consumer,Home & Kitchen,Towel Pack,7,25.0,0.1,157.5,46.22,UPI
ORD-101010,2023-07-16 13:00:00,CUST-1043,Customer 74,34,Female,South,Consumer,Clothing,Jacket,5,73.42,0.05,348.74,99.8,UPI
ORD-101011,2024-08-06 18:00:00,CUST-1297,Customer 475,21,Male,Central,Consumer,Clothing,Sneakers,6,83.22,0.15,424.42,70.59,UPI
ORD-101012,2023-06-29 16:00:00,CUST-1161,Customer 678,36,Male,West,Consumer,Electronics,Smartphone,4,689.87,0.15,2345.56,719.16,Net Banking
ORD-101013,2023-08-18 15:00:00,CUST-1540,Customer 648,29,Male,East,Consumer,Office Supplies,Stapler,7,12.34,0.0,86.38,29.35,Cash
ORD-101014,2024-01-15 14:00:00,CUST-1028,Customer 286,36,Male,West,Consumer,Electronics,Tablet,2,312.92,0.15,531.96,110.64,UPI
ORD-101015,2024-09-03 09:00:00,CUST-1537,Customer 866,28,Male,Central,Consumer,Electronics,Laptop,3,975.5,0.0,2926.5,749.55,Net Banking
ORD-101016,2023-10-08 12:00:00,CUST-1309,Customer 888,28,Female,East,Consumer,Electronics,Smartphone,2,600.81,0.0,1201.62,214.39,Net Banking
ORD-101017,2023-12-27 09:00:00,CUST-1147,Customer 101,56,Female,East,Consumer,Clothing,T-Shirt,1,15.95,0.15,13.56,2.38,Cash
ORD-101018,2023-01-31 17:00:00,CUST-1166,Customer 87,42,Female,South,Consumer,Clothing,Jacket,5,74.67,0.0,373.35,77.22,UPI
ORD-101019,2023-03-26 17:00:00,CUST-1514,Customer 531,54,Female,Central,Consumer,Home & Kitchen,Towel Pack,1,23.12,0.0,23.12,3.08,Cash
ORD-101020,2023-02-10 11:00:00,CUST-1379,Customer 169,47,Male,Central,Home Office,Home & Kitchen,Blender,2,58.49,0.05,111.13,29.58,Credit Card
ORD-101021,2023-02-22 11:00:00,CUST-1703,Customer 61,45,Male,South,Consumer,Home & Kitchen,Cookware Set,6,137.1,0.2,658.08,82.07,Net Banking
ORD-101022,2024-09-26 12:00:00,CUST-1782,Customer 731,42,Male,West,Consumer,Electronics,Headphones,2,83.16,0.0,166.32,13.54,Credit Card
ORD-101023,2024-09-06 19:00:00,CUST-1444,Customer 392,38,Female,West,Home Office,Home & Kitchen,Towel Pack,7,20.42,0.1,128.65,25.56,Credit Card
ORD-101024,2024-08-22 14:00:00,CUST-1551,Customer 776,31,Male,South,Corporate,Clothing,Jeans,1,42.37,0.05,40.25,4.05,Credit Card
ORD-101025,2023-02-10 17:00:00,CUST-1383,Customer 653,64,Male,South,Consumer,Home & Kitchen,Blender,4,48.69,0.0,194.76,45.16,Cash
ORD-101026,2023-02-26 13:00:00,CUST-1313,Customer 594,39,Male,East,Home Office,Electronics,Laptop,1,941.44,0.1,847.3,186.83,UPI
ORD-101027,2023-07-24 17:00:00,CUST-1518,Customer 342,63,Female,West,Home Office,Electronics,Headphones,1,70.97,0.05,67.42,7.89,UPI
ORD-101028,2024-02-17 14:00:00,CUST-1010,Customer 671,57,Female,West,Corporate,Home & Kitchen,Cookware Set,6,127.44,0.1,688.18,100.76,UPI
ORD-101029,2023-09-01 11:00:00,CUST-1645,Customer 90,49,Female,East,Corporate,Electronics,Tablet,1,360.04,0.1,324.04,28.06,UPI
ORD-101030,2023-12-22 19:00:00,CUST-1547,Customer 280,61,Male,East,Corporate,Furniture,Bookshelf,7,101.24,0.2,566.94,136.27,Net Banking
ORD-101031,2023-05-07 17:00:00,CUST-1180,Customer 747,52,Female,East,Home Office,Furniture,Office Chair,5,122.66,0.1,551.97,87.8,UPI
ORD-101032,2024-06-17 18:00:00,CUST-1002,Customer 611,60,Male,Central,Consumer,Electronics,Smartwatch,4,174.99,0.0,699.96,190.74,UPI
ORD-101033,2023-08-18 20:00:00,CUST-1130,Customer 220,59,Female,East,Corporate,Electronics,Laptop,7,993.09,0.1,6256.47,1564.45,Net Banking
ORD-101034,2023-02-18 11:00:00,CUST-1561,Customer 765,51,Male,South,Consumer,Home & Kitchen,Coffee Maker,3,73.52,0.05,209.53,37.9,Credit Card
ORD-101035,2024-06-26 09:00:00,CUST-1520,Customer 452,55,Male,Central,Corporate,Home & Kitchen,Towel Pack,3,22.22,0.0,66.66,5.72,UPI
ORD-101036,2024-10-21 15:00:00,CUST-1532,Customer 661,60,Female,West,Home Office,Home & Kitchen,Coffee Maker,3,77.82,0.05,221.79,36.92,Credit Card
ORD-101037,2023-01-11 12:00:00,CUST-1027,Customer 135,29,Male,South,Consumer,Furniture,Bookshelf,5,104.93,0.1,472.19,79.19,UPI
ORD-101038,2023-11-15 13:00:00,CUST-1013,Customer 124,63,Female,Central,Consumer,Electronics,Headphones,6,75.36,0.0,452.16,76.79,Cash
ORD-101039,2024-08-26 11:00:00,CUST-1660,Customer 890,44,Male,Central,Corporate,Furniture,Lamp,4,40.79,0.0,163.16,55.06,Credit Card
ORD-101040,2024-05-30 13:00:00,CUST-1363,Customer 823,24,Female,South,Corporate,Furniture,Desk,2,195.37,0.05,371.2,46.19,Credit Card
ORD-101041,2024-09-17 13:00:00,CUST-1241,Customer 345,25,Male,South,Corporate,Electronics,Tablet,7,405.34,0.0,2837.38,433.88,UPI
ORD-101042,2023-10-31 12:00:00,CUST-1063,Customer 836,57,Male,Central,Home Office,Clothing,Sneakers,5,77.15,0.15,327.89,99.92,UPI
ORD-101043,2023-09-29 17:00:00,CUST-1088,Customer 739,60,Female,Central,Consumer,Home & Kitchen,Towel Pack,6,20.75,0.0,124.5,41.06,UPI
ORD-101044,2024-06-01 15:00:00,CUST-1592,Customer 245,52,Female,West,Corporate,Office Supplies,Notebook,4,3.54,0.1,12.74,2.63,Credit Card
ORD-101045,2023-04-23 14:00:00,CUST-1611,Customer 346,51,Female,Central,Corporate,Furniture,Office Chair,2,158.38,0.1,285.08,64.37,Credit Card
ORD-101046,2023-06-24 09:00:00,CUST-1225,Customer 477,63,Female,West,Consumer,Furniture,Sofa,7,573.35,0.0,4013.45,378.36,Credit Card
ORD-101047,2024-03-14 15:00:00,CUST-1178,Customer 315,68,Female,South,Consumer,Electronics,Headphones,5,76.32,0.05,362.52,108.09,UPI
ORD-101048,2024-05-02 10:00:00,CUST-1240,Customer 258,61,Male,West,Corporate,Electronics,Smartphone,3,597.66,0.0,1792.98,431.27,UPI
ORD-101049,2023-03-29 12:00:00,CUST-1321,Customer 217,25,Female,East,Corporate,Office Supplies,Binder,6,5.69,0.0,34.14,7.15,Net Banking
ORD-101050,2024-01-07 13:00:00,CUST-1678,Customer 575,59,Female,West,Corporate,Furniture,Desk,1,198.92,0.05,188.97,30.56,UPI
ORD-101051,2023-09-24 09:00:00,CUST-1331,Customer 364,44,Female,West,Consumer,Office Supplies,Stapler,7,13.51,0.0,94.57,18.9,Credit Card
ORD-101052,2024-01-02 13:00:00,CUST-1617,Customer 871,59,Female,West,Corporate,Clothing,Sneakers,5,74.06,0.1,333.27,92.83,Credit Card
ORD-101053,2024-11-30 11:00:00,CUST-1656,Customer 787,55,Male,Central,Consumer,Electronics,Tablet,5,404.17,0.05,1919.81,195.45,Cash
ORD-101054,2023-02-25 19:00:00,CUST-1477,Customer 88,53,Female,South,Consumer,Electronics,Tablet,1,399.35,0.0,399.35,86.59,UPI
ORD-101055,2024-12-27 19:00:00,CUST-1211,Customer 595,63,Female,East,Corporate,Electronics,Smartwatch,2,169.38,0.0,338.76,30.27,Cash
ORD-101056,2023-11-25 08:00:00,CUST-1789,Customer 570,25,Female,South,Corporate,Electronics,Laptop,6,880.03,0.15,4488.15,1294.87,UPI
ORD-101057,2024-07-17 15:00:00,CUST-1506,Customer 48,62,Female,Central,Corporate,Office Supplies,Notebook,4,4.79,0.0,19.16,2.62,Credit Card
ORD-101058,2023-11-06 16:00:00,CUST-1555,Customer 710,36,Male,East,Consumer,Clothing,Sneakers,1,97.62,0.1,87.86,28.46,Net Banking
ORD-101059,2023-08-16 12:00:00,CUST-1798,Customer 487,28,Female,East,Corporate,Home & Kitchen,Cookware Set,5,132.04,0.0,660.2,137.68,Credit Card
ORD-101060,2024-07-16 14:00:00,CUST-1488,Customer 750,55,Female,South,Home Office,Office Supplies,Notebook,6,3.43,0.15,17.49,3.56,Credit Card
ORD-101061,2024-05-16 18:00:00,CUST-1479,Customer 448,69,Male,South,Consumer,Furniture,Sofa,2,419.49,0.0,838.98,148.75,UPI
ORD-101062,2023-04-16 12:00:00,CUST-1663,Customer 379,22,Female,East,Corporate,Electronics,Tablet,5,383.49,0.05,1821.58,399.69,UPI
ORD-101063,2024-05-29 08:00:00,CUST-1112,Customer 618,69,Female,Central,Home Office,Furniture,Office Chair,7,137.45,0.05,914.04,156.55,UPI
ORD-101064,2024-07-03 12:00:00,CUST-1770,Customer 689,35,Female,East,Consumer,Furniture,Lamp,4,37.94,0.0,151.76,26.89,UPI
ORD-101065,2023-10-11 11:00:00,CUST-1226,Customer 680,68,Female,Central,Corporate,Home & Kitchen,Coffee Maker,2,77.61,0.1,139.7,18.55,UPI
ORD-101066,2024-11-06 12:00:00,CUST-1775,Customer 434,20,Male,East,Corporate,Office Supplies,Pen Set,7,7.98,0.0,55.86,9.68,Cash
ORD-101067,2024-04-12 10:00:00,CUST-1428,Customer 509,49,Male,West,Consumer,Electronics,Smartwatch,7,171.03,0.0,1197.21,358.16,Cash
ORD-101068,2023-09-01 09:00:00,CUST-1704,Customer 893,45,Male,West,Home Office,Furniture,Desk,4,216.78,0.0,867.12,126.89,UPI
ORD-101069,2023-01-08 20:00:00,CUST-1257,Customer 788,61,Female,West,Consumer,Electronics,Laptop,3,981.64,0.05,2797.67,844.18,Credit Card
ORD-101070,2024-05-07 09:00:00,CUST-1607,Customer 358,42,Female,East,Consumer,Home & Kitchen,Storage Box,6,15.45,0.15,78.79,24.63,UPI
ORD-101071,2023-06-02 17:00:00,CUST-1413,Customer 578,21,Female,Central,Consumer,Electronics,Smartphone,1,540.59,0.0,540.59,140.5,Cash
ORD-101072,2024-07-06 17:00:00,CUST-1517,Customer 149,27,Female,South,Home Office,Electronics,Laptop,3,1007.84,0.15,2569.99,226.89,Credit Card
ORD-101073,2024-01-19 16:00:00,CUST-1434,Customer 304,31,Female,Central,Consumer,Electronics,Smartwatch,4,206.77,0.1,744.37,172.31,Credit Card
ORD-101074,2023-12-07 19:00:00,CUST-1789,Customer 484,63,Female,South,Corporate,Clothing,Jeans,5,46.77,0.0,233.85,71.31,Net Banking
ORD-101075,2023-04-30 08:00:00,CUST-1588,Customer 339,22,Other,Central,Consumer,Office Supplies,Printer Paper,5,20.52,0.0,102.6,18.34,Cash
ORD-101076,2024-06-03 11:00:00,CUST-1201,Customer 837,61,Male,East,Consumer,Office Supplies,Notebook,3,3.98,0.0,11.94,1.87,Net Banking
ORD-101077,2023-05-02 10:00:00,CUST-1498,Customer 772,44,Male,East,Corporate,Furniture,Bookshelf,7,107.53,0.0,752.71,125.53,UPI
ORD-101078,2023-11-01 15:00:00,CUST-1292,Customer 26,47,Male,Central,Consumer,Electronics,Headphones,5,92.01,0.1,414.04,80.42,Credit Card
ORD-101079,2024-09-02 16:00:00,CUST-1558,Customer 234,68,Male,Central,Consumer,Home & Kitchen,Storage Box,4,15.17,0.05,57.65,5.7,Credit Card
ORD-101080,2024-11-02 19:00:00,CUST-1383,Customer 142,57,Female,South,Consumer,Electronics,Headphones,7,78.39,0.0,548.73,79.11,UPI
ORD-101081,2024-12-23 12:00:00,CUST-1174,Customer 129,51,Male,East,Consumer,Electronics,Tablet,1,321.81,0.1,289.63,73.76,Cash
ORD-101082,2024-11-30 11:00:00,CUST-1178,Customer 492,60,Male,East,Consumer,Office Supplies,Pen Set,5,8.65,0.0,43.25,8.98,UPI
ORD-101083,2024-02-10 20:00:00,CUST-1338,Customer 677,41,Male,South,Corporate,Electronics,Headphones,7,85.9,0.15,511.1,75.02,UPI
ORD-101084,2023-05-27 16:00:00,CUST-1386,Customer 656,66,Male,South,Consumer,Electronics,Tablet,5,351.18,0.05,1668.1,552.7,Cash
ORD-101085,2024-09-04 17:00:00,CUST-1660,Customer 385,59,Male,West,Consumer,Clothing,T-Shirt,4,21.38,0.0,85.52,13.67,Credit Card
ORD-101086,2024-08-08 13:00:00,CUST-1510,Customer 367,68,Female,West,Consumer,Office Supplies,Binder,3,6.09,0.05,17.36,1.99,Credit Card
ORD-101087,2024-12-23 13:00:00,CUST-1601,Customer 204,46,Female,South,Home Office,Electronics,Smartwatch,2,213.62,0.0,427.24,57.17,Net Banking
ORD-101088,2024-04-20 13:00:00,CUST-1119,Customer 776,51,Female,West,Corporate,Furniture,Sofa,4,518.56,0.2,1659.39,265.63,UPI
ORD-101089,2023-04-14 17:00:00,CUST-1145,Customer 746,41,Female,Central,Home Office,Clothing,Jeans,7,46.41,0.0,324.87,71.83,Cash
ORD-101090,2024-01-03 10:00:00,CUST-1029,Customer 331,66,Male,South,Corporate,Electronics,Tablet,4,294.01,0.15,999.63,97.87,Net Banking
ORD-101091,2023-11-24 20:00:00,CUST-1051,Customer 167,50,Female,East,Corporate,Electronics,Tablet,1,367.24,0.2,293.79,91.32,Cash
ORD-101092,2024-09-07 10:00:00,CUST-1116,Customer 422,26,Male,East,Consumer,Office Supplies,Pen Set,4,8.6,0.05,32.68,10.36,UPI
ORD-101093,2023-10-14 13:00:00,CUST-1522,Customer 659,44,Male,South,Corporate,Office Supplies,Stapler,1,10.72,0.1,9.65,1.6,UPI
ORD-101094,2023-08-28 12:00:00,CUST-1365,Customer 250,24,Female,West,Consumer,Home & Kitchen,Blender,7,62.07,0.05,412.77,119.43,UPI
ORD-101095,2023-02-28 16:00:00,CUST-1355,Customer 306,51,Female,East,Corporate,Furniture,Desk,4,222.96,0.0,891.84,215.75,Net Banking
ORD-101096,2024-09-01 16:00:00,CUST-1591,Customer 135,54,Female,West,Home Office,Electronics,Laptop,2,818.93,0.2,1310.29,403.92,Credit Card
ORD-101097,2024-07-05 19:00:00,CUST-1328,Customer 641,59,Male,Central,Corporate,Office Supplies,Stapler,5,13.66,0.05,64.88,10.04,UPI
ORD-101098,2023-01-31 18:00:00,CUST-1005,Customer 794,25,Female,East,Consumer,Office Supplies,Stapler,4,11.64,0.15,39.58,9.69,Net Banking
ORD-101099,2023-11-13 11:00:00,CUST-1020,Customer 695,42,Male,Central,Corporate,Electronics,Headphones,4,85.41,0.05,324.56,32.34,Credit Card
ORD-101100,2023-12-17 10:00:00,CUST-1143,Customer 722,36,Female,East,Corporate,Office Supplies,Printer Paper,5,19.19,0.0,95.95,7.92,UPI
ORD-101101,2023-12-09 19:00:00,CUST-1305,Customer 142,39,Female,East,Consumer,Electronics,Tablet,7,295.28,0.0,2066.96,653.51,Credit Card
ORD-101102,2024-11-01 14:00:00,CUST-1706,Customer 780,66,Female,East,Consumer,Clothing,T-Shirt,6,17.96,0.0,107.76,17.19,Credit Card
ORD-101103,2023-04-20 09:00:00,CUST-1142,Customer 742,47,Male,West,Corporate,Clothing,Jeans,2,41.76,0.0,83.52,16.73,Credit Card
ORD-101104,2023-08-12 18:00:00,CUST-1587,Customer 286,41,Female,South,Consumer,Furniture,Desk,2,202.37,0.1,364.27,51.94,UPI
ORD-101105,2023-05-13 16:00:00,CUST-1027,Customer 556,65,Female,West,Consumer,Home & Kitchen,Storage Box,7,17.27,0.0,120.89,38.29,Credit Card
ORD-101106,2023-06-28 08:00:00,CUST-1086,Customer 67,45,Female,South,Home Office,Home & Kitchen,Blender,5,46.97,0.2,187.88,34.54,UPI
ORD-101107,2024-10-24 18:00:00,CUST-1319,Customer 773,39,Female,East,Home Office,Electronics,Laptop,1,1010.8,0.0,1010.8,129.75,Credit Card
ORD-101108,2024-11-17 15:00:00,CUST-1509,Customer 5,46,Female,West,Consumer,Furniture,Office Chair,4,138.37,0.05,525.81,128.38,Credit Card
ORD-101109,2023-02-02 15:00:00,CUST-1659,Customer 29,62,Male,West,Home Office,Office Supplies,Printer Paper,1,17.18,0.0,17.18,2.33,Credit Card
ORD-101110,2024-04-06 19:00:00,CUST-1592,Customer 554,41,Female,South,Home Office,Electronics,Headphones,1,93.76,0.0,93.76,14.1,UPI
ORD-101111,2023-06-19 14:00:00,CUST-1713,Customer 681,50,Male,Central,Corporate,Furniture,Lamp,2,35.71,0.05,67.85,17.75,Credit Card
ORD-101112,2023-05-21 13:00:00,CUST-1346,Customer 735,27,Female,Central,Corporate,Electronics,Smartphone,2,660.31,0.0,1320.62,447.68,UPI
ORD-101113,2023-08-02 16:00:00,CUST-1190,Customer 887,18,Female,West,Home Office,Home & Kitchen,Coffee Maker,1,76.55,0.05,72.72,20.64,Cash
ORD-101114,2023-05-22 10:00:00,CUST-1336,Customer 18,21,Female,South,Corporate,Furniture,Bookshelf,6,103.95,0.05,592.52,67.26,Cash
ORD-101115,2023-12-24 09:00:00,CUST-1219,Customer 632,42,Female,South,Consumer,Clothing,T-Shirt,4,16.12,0.0,64.48,10.6,UPI
ORD-101116,2024-12-27 18:00:00,CUST-1284,Customer 286,55,Male,South,Consumer,Furniture,Lamp,4,30.75,0.05,116.85,34.47,UPI
ORD-101117,2024-03-04 10:00:00,CUST-1078,Customer 826,28,Male,East,Consumer,Electronics,Tablet,7,407.25,0.0,2850.75,439.84,UPI
ORD-101118,2024-06-11 14:00:00,CUST-1614,Customer 263,67,Female,East,Consumer,Home & Kitchen,Blender,6,46.92,0.0,281.52,78.77,UPI
ORD-101119,2023-12-27 11:00:00,CUST-1727,Customer 373,25,Male,Central,Consumer,Electronics,Tablet,6,373.28,0.1,2015.71,418.03,Credit Card
ORD-101120,2023-01-11 10:00:00,CUST-1076,Customer 269,54,Male,West,Consumer,Electronics,Headphones,2,85.11,0.0,170.22,54.26,Net Banking
ORD-101121,2023-03-03 15:00:00,CUST-1052,Customer 631,30,Female,Central,Consumer,Furniture,Desk,6,229.55,0.0,1377.3,243.74,Cash
ORD-101122,2023-07-16 18:00:00,CUST-1642,Customer 812,21,Female,East,Consumer,Clothing,Hoodie,7,45.0,0.05,299.25,99.45,UPI
ORD-101123,2023-06-27 13:00:00,CUST-1749,Customer 510,55,Male,Central,Home Office,Furniture,Bookshelf,1,107.76,0.05,102.37,19.45,UPI
ORD-101124,2024-09-05 09:00:00,CUST-1012,Customer 315,44,Male,East,Consumer,Electronics,Smartphone,7,537.17,0.15,3196.16,882.41,UPI
ORD-101125,2024-09-07 11:00:00,CUST-1513,Customer 302,50,Male,West,Corporate,Furniture,Lamp,7,37.28,0.1,234.86,31.17,Credit Card
ORD-101126,2024-09-15 10:00:00,CUST-1331,Customer 615,66,Female,East,Corporate,Electronics,Smartwatch,6,209.17,0.1,1129.52,252.24,Credit Card
ORD-101127,2024-04-10 19:00:00,CUST-1629,Customer 561,45,Female,South,Home Office,Electronics,Laptop,3,813.52,0.05,2318.53,379.63,Credit Card
ORD-101128,2024-02-11 12:00:00,CUST-1412,Customer 217,61,Male,East,Consumer,Office Supplies,Printer Paper,2,20.93,0.0,41.86,3.49,Cash
ORD-101129,2024-04-18 12:00:00,CUST-1175,Customer 325,43,Male,Central,Consumer,Electronics,Smartwatch,6,191.89,0.0,1151.34,228.04,UPI
ORD-101130,2023-10-24 08:00:00,CUST-1232,Customer 851,36,Female,East,Corporate,Furniture,Desk,5,199.66,0.1,898.47,113.72,Credit Card
ORD-101131,2024-05-04 13:00:00,CUST-1486,Customer 854,38,Male,East,Corporate,Office Supplies,Stapler,6,13.79,0.0,82.74,28.03,Credit Card
ORD-101132,2024-08-02 19:00:00,CUST-1206,Customer 351,35,Female,West,Corporate,Clothing,Hoodie,2,47.2,0.0,94.4,28.16,Net Banking
ORD-101133,2024-07-10 13:00:00,CUST-1087,Customer 718,64,Male,East,Consumer,Electronics,Laptop,2,752.11,0.05,1429.01,399.65,Cash
ORD-101134,2024-03-24 16:00:00,CUST-1425,Customer 65,44,Female,West,Consumer,Furniture,Sofa,7,534.28,0.1,3365.96,681.27,Cash
ORD-101135,2023-02-12 10:00:00,CUST-1526,Customer 783,66,Female,East,Consumer,Electronics,Tablet,4,314.59,0.05,1195.44,179.27,Credit Card
ORD-101136,2024-06-13 09:00:00,CUST-1638,Customer 287,31,Male,Central,Corporate,Home & Kitchen,Storage Box,6,13.64,0.0,81.84,13.71,UPI
ORD-101137,2023-09-25 17:00:00,CUST-1480,Customer 572,57,Male,South,Consumer,Electronics,Smartphone,7,583.55,0.15,3472.12,469.36,UPI
ORD-101138,2024-06-26 08:00:00,CUST-1321,Customer 555,24,Male,Central,Consumer,Electronics,Smartphone,4,712.52,0.0,2850.08,652.7,Credit Card
ORD-101139,2024-01-29 13:00:00,CUST-1659,Customer 756,32,Male,East,Corporate,Furniture,Lamp,2,31.48,0.2,50.37,15.06,Credit Card
ORD-101140,2024-10-05 12:00:00,CUST-1365,Customer 861,19,Male,West,Consumer,Electronics,Headphones,7,71.66,0.0,501.62,65.51,UPI
ORD-101141,2023-09-05 08:00:00,CUST-1515,Customer 330,65,Female,East,Consumer,Electronics,Headphones,6,88.69,0.15,452.32,36.74,UPI
ORD-101142,2024-11-10 14:00:00,CUST-1721,Customer 487,33,Female,West,Consumer,Electronics,Headphones,5,79.38,0.15,337.36,38.43,UPI
ORD-101143,2024-09-08 20:00:00,CUST-1777,Customer 595,60,Male,South,Home Office,Office Supplies,Stapler,7,10.82,0.0,75.74,15.49,Credit Card
ORD-101144,2023-08-30 08:00:00,CUST-1355,Customer 527,40,Male,East,Corporate,Office Supplies,Printer Paper,2,16.75,0.1,30.15,2.56,UPI
ORD-101145,2023-12-19 18:00:00,CUST-1392,Customer 301,24,Female,East,Consumer,Office Supplies,Stapler,3,13.54,0.0,40.62,7.67,UPI
ORD-101146,2024-01-23 15:00:00,CUST-1695,Customer 344,35,Male,South,Consumer,Clothing,Jeans,1,48.07,0.0,48.07,5.29,UPI
ORD-101147,2024-07-15 17:00:00,CUST-1441,Customer 535,35,Female,West,Home Office,Furniture,Bookshelf,3,100.47,0.0,301.41,32.88,Net Banking
ORD-101148,2024-05-18 09:00:00,CUST-1603,Customer 845,44,Female,East,Consumer,Home & Kitchen,Towel Pack,4,19.45,0.05,73.91,20.13,Credit Card
ORD-101149,2024-09-13 19:00:00,CUST-1060,Customer 65,35,Female,South,Consumer,Clothing,Hoodie,4,40.41,0.0,161.64,56.55,UPI
ORD-101150,2023-09-28 08:00:00,CUST-1659,Customer 204,53,Female,East,Home Office,Clothing,Jacket,2,84.67,0.05,160.87,21.32,UPI
ORD-101151,2024-01-04 19:00:00,CUST-1086,Customer 713,55,Female,Central,Corporate,Clothing,Sneakers,6,80.16,0.2,384.77,54.63,UPI
ORD-101152,2023-11-11 16:00:00,CUST-1311,Customer 535,26,Male,East,Home Office,Furniture,Bookshelf,4,81.83,0.15,278.22,44.52,Net Banking
ORD-101153,2024-10-25 12:00:00,CUST-1138,Customer 380,45,Male,South,Corporate,Furniture,Sofa,4,472.14,0.0,1888.56,551.42,UPI
ORD-101154,2023-08-11 08:00:00,CUST-1742,Customer 320,48,Male,Central,Corporate,Furniture,Desk,7,212.67,0.05,1414.26,306.32,Cash
ORD-101155,2024-03-04 15:00:00,CUST-1094,Customer 885,31,Male,East,Corporate,Electronics,Headphones,4,73.19,0.0,292.76,68.53,Credit Card
ORD-101156,2023-03-29 09:00:00,CUST-1436,Customer 795,58,Male,South,Consumer,Furniture,Office Chair,7,165.74,0.0,1160.18,264.01,Net Banking
ORD-101157,2024-09-12 15:00:00,CUST-1109,Customer 772,30,Male,East,Home Office,Electronics,Smartphone,2,631.83,0.15,1074.11,357.78,Cash
ORD-101158,2023-10-08 18:00:00,CUST-1014,Customer 258,63,Female,South,Corporate,Electronics,Smartwatch,6,201.94,0.2,969.31,86.67,Credit Card
ORD-101159,2023-09-06 11:00:00,CUST-1208,Customer 553,41,Male,Central,Consumer,Home & Kitchen,Blender,7,49.08,0.0,343.56,42.13,UPI
ORD-101160,2024-03-01 11:00:00,CUST-1062,Customer 862,37,Female,East,Consumer,Clothing,Jeans,6,47.86,0.0,287.16,52.6,UPI
ORD-101161,2023-12-31 10:00:00,CUST-1222,Customer 240,52,Male,West,Consumer,Office Supplies,Printer Paper,7,18.8,0.0,131.6,27.87,Net Banking
ORD-101162,2024-09-11 10:00:00,CUST-1128,Customer 187,50,Female,East,Consumer,Furniture,Lamp,6,41.17,0.0,247.02,27.36,Credit Card
ORD-101163,2024-01-23 09:00:00,CUST-1556,Customer 567,44,Male,Central,Consumer,Office Supplies,Stapler,5,11.93,0.0,59.65,19.16,UPI
ORD-101164,2024-01-13 11:00:00,CUST-1137,Customer 177,53,Male,Central,Consumer,Home & Kitchen,Cookware Set,6,134.85,0.0,809.1,212.81,UPI
ORD-101165,2023-03-18 16:00:00,CUST-1389,Customer 681,31,Female,West,Home Office,Office Supplies,Stapler,7,11.48,0.0,80.36,26.66,Credit Card
ORD-101166,2023-01-17 11:00:00,CUST-1000,Customer 776,60,Male,South,Corporate,Office Supplies,Printer Paper,5,18.95,0.0,94.75,31.65,Cash
ORD-101167,2023-10-18 18:00:00,CUST-1741,Customer 425,50,Female,South,Consumer,Office Supplies,Stapler,5,14.09,0.1,63.4,13.85,UPI
ORD-101168,2024-12-29 18:00:00,CUST-1353,Customer 892,29,Female,West,Consumer,Furniture,Office Chair,1,149.63,0.1,134.67,41.79,UPI
ORD-101169,2024-10-31 17:00:00,CUST-1274,Customer 533,69,Female,Central,Corporate,Clothing,Jacket,7,82.42,0.05,548.09,152.88,Net Banking
ORD-101170,2024-04-04 15:00:00,CUST-1259,Customer 370,63,Female,East,Corporate,Home & Kitchen,Coffee Maker,6,80.96,0.0,485.76,86.14,Net Banking
ORD-101171,2024-04-05 12:00:00,CUST-1050,Customer 788,27,Female,South,Consumer,Furniture,Sofa,2,563.47,0.1,1014.25,261.15,Cash
ORD-101172,2023-10-13 20:00:00,CUST-1207,Customer 561,58,Male,South,Home Office,Furniture,Office Chair,3,129.21,0.0,387.63,130.73,Credit Card
ORD-101173,2023-05-10 10:00:00,CUST-1675,Customer 124,45,Female,South,Consumer,Furniture,Sofa,2,440.9,0.15,749.53,214.58,Net Banking
ORD-101174,2023-01-07 14:00:00,CUST-1308,Customer 775,58,Male,Central,Consumer,Furniture,Office Chair,3,145.97,0.0,437.91,118.91,Credit Card
ORD-101175,2023-09-05 13:00:00,CUST-1674,Customer 450,37,Female,West,Consumer,Home & Kitchen,Storage Box,7,19.17,0.15,114.06,15.96,UPI
ORD-101176,2023-08-20 17:00:00,CUST-1143,Customer 308,30,Female,East,Home Office,Clothing,Sneakers,4,86.83,0.0,347.32,105.73,Net Banking
ORD-101177,2023-05-20 15:00:00,CUST-1290,Customer 779,29,Male,West,Home Office,Furniture,Office Chair,3,135.21,0.1,365.07,67.61,Credit Card
ORD-101178,2023-07-09 18:00:00,CUST-1505,Customer 696,21,Female,East,Corporate,Furniture,Lamp,6,36.33,0.0,217.98,54.17,Credit Card
ORD-101179,2023-01-19 19:00:00,CUST-1056,Customer 352,63,Female,West,Consumer,Furniture,Bookshelf,3,78.53,0.1,212.03,55.76,Net Banking
ORD-101180,2024-03-19 13:00:00,CUST-1282,Customer 886,34,Female,West,Consumer,Electronics,Smartwatch,7,173.28,0.05,1152.31,252.49,Credit Card
ORD-101181,2024-11-08 19:00:00,CUST-1704,Customer 795,67,Male,Central,Consumer,Office Supplies,Notebook,6,3.61,0.0,21.66,2.7,Credit Card
ORD-101182,2024-05-19 10:00:00,CUST-1395,Customer 156,29,Female,Central,Consumer,Clothing,T-Shirt,2,15.48,0.1,27.86,7.48,Credit Card
ORD-101183,2023-11-24 19:00:00,CUST-1746,Customer 502,36,Male,East,Home Office,Office Supplies,Binder,5,6.62,0.0,33.1,4.86,UPI
ORD-101184,2023-11-03 10:00:00,CUST-1113,Customer 575,63,Male,Central,Corporate,Electronics,Headphones,4,77.11,0.05,293.02,44.44,UPI
ORD-101185,2023-08-13 19:00:00,CUST-1797,Customer 361,36,Female,West,Consumer,Clothing,Sneakers,3,77.26,0.0,231.78,26.48,Credit Card
ORD-101186,2023-04-14 13:00:00,CUST-1702,Customer 479,57,Female,East,Home Office,Clothing,Hoodie,7,41.17,0.1,259.37,64.16,Net Banking
ORD-101187,2024-03-12 20:00:00,CUST-1312,Customer 892,22,Female,West,Consumer,Electronics,Headphones,3,77.06,0.15,196.5,21.95,Cash
ORD-101188,2024-02-18 09:00:00,CUST-1449,Customer 510,67,Female,East,Consumer,Office Supplies,Pen Set,1,7.9,0.05,7.5,1.3,UPI
ORD-101189,2023-01-06 14:00:00,CUST-1101,Customer 146,50,Female,West,Consumer,Office Supplies,Binder,3,5.76,0.1,15.55,4.98,Credit Card
ORD-101190,2023-10-31 19:00:00,CUST-1125,Customer 767,57,Male,East,Home Office,Clothing,T-Shirt,4,15.33,0.15,52.12,10.55,Net Banking
ORD-101191,2023-07-22 08:00:00,CUST-1302,Customer 313,19,Male,East,Consumer,Electronics,Headphones,1,87.27,0.05,82.91,26.66,Credit Card
ORD-101192,2023-05-05 11:00:00,CUST-1261,Customer 151,68,Female,West,Consumer,Electronics,Tablet,6,302.17,0.0,1813.02,386.23,Net Banking
ORD-101193,2024-05-28 09:00:00,CUST-1468,Customer 198,43,Female,West,Consumer,Office Supplies,Pen Set,2,7.41,0.05,14.08,1.81,Credit Card
ORD-101194,2024-01-19 12:00:00,CUST-1723,Customer 748,29,Male,South,Home Office,Electronics,Smartphone,1,568.3,0.0,568.3,161.91,Cash
ORD-101195,2024-04-07 13:00:00,CUST-1034,Customer 884,25,Male,East,Consumer,Furniture,Bookshelf,4,86.94,0.05,330.37,57.96,Net Banking
ORD-101196,2024-06-04 16:00:00,CUST-1670,Customer 167,22,Male,West,Corporate,Clothing,T-Shirt,2,16.31,0.0,32.62,11.12,Credit Card
ORD-101197,2024-12-17 11:00:00,CUST-1219,Customer 136,52,Female,East,Home Office,Electronics,Laptop,6,825.72,0.1,4458.89,672.29,Credit Card
ORD-101198,2024-08-09 10:00:00,CUST-1521,Customer 875,29,Male,East,Corporate,Furniture,Desk,1,205.73,0.05,195.44,59.02,Credit Card
ORD-101199,2024-03-28 10:00:00,CUST-1753,Customer 108,66,Female,West,Consumer,Home & Kitchen,Storage Box,3,13.94,0.05,39.73,8.48,Credit Card
ORD-101200,2024-10-03 20:00:00,CUST-1586,Customer 502,29,Female,West,Consumer,Office Supplies,Pen Set,1,9.24,0.0,9.24,2.84,UPI
ORD-101201,2023-12-15 20:00:00,CUST-1035,Customer 238,22,Other,Central,Consumer,Office Supplies,Printer Paper,3,17.23,0.0,51.69,6.69,Credit Card
ORD-101202,2024-12-19 10:00:00,CUST-1474,Customer 179,62,Male,Central,Corporate,Office Supplies,Stapler,7,10.6,0.1,66.78,16.77,Credit Card
ORD-101203,2024-07-09 10:00:00,CUST-1120,Customer 548,58,Female,South,Corporate,Electronics,Smartwatch,5,196.18,0.05,931.86,103.03,UPI
ORD-101204,2024-04-20 08:00:00,CUST-1202,Customer 159,44,Female,South,Consumer,Electronics,Smartphone,4,553.75,0.15,1882.75,560.1,Credit Card
ORD-101205,2024-10-21 20:00:00,CUST-1464,Customer 239,61,Male,East,Consumer,Office Supplies,Binder,2,6.72,0.05,12.77,1.83,Cash
ORD-101206,2024-01-12 17:00:00,CUST-1466,Customer 583,55,Male,East,Consumer,Furniture,Desk,3,191.74,0.0,575.22,112.42,Credit Card
ORD-101207,2024-06-10 17:00:00,CUST-1766,Customer 295,27,Male,West,Consumer,Furniture,Sofa,3,486.06,0.05,1385.27,356.17,Credit Card
ORD-101208,2023-07-27 11:00:00,CUST-1227,Customer 887,39,Male,Central,Consumer,Electronics,Tablet,5,401.32,0.1,1805.94,377.65,Credit Card
ORD-101209,2024-12-04 16:00:00,CUST-1752,Customer 481,65,Male,Central,Home Office,Clothing,Jacket,2,67.92,0.0,135.84,39.43,Credit Card
ORD-101210,2024-03-31 08:00:00,CUST-1348,Customer 101,53,Male,West,Consumer,Electronics,Smartwatch,7,174.89,0.05,1163.02,309.14,Credit Card
ORD-101211,2024-07-24 16:00:00,CUST-1206,Customer 572,50,Female,South,Consumer,Clothing,T-Shirt,5,19.08,0.0,95.4,10.99,Credit Card
ORD-101212,2023-12-03 15:00:00,CUST-1498,Customer 548,27,Male,West,Corporate,Furniture,Bookshelf,3,107.37,0.0,322.11,93.04,Credit Card
ORD-101213,2024-09-24 12:00:00,CUST-1491,Customer 522,45,Male,South,Home Office,Office Supplies,Pen Set,1,7.88,0.0,7.88,1.53,UPI
ORD-101214,2023-02-24 17:00:00,CUST-1718,Customer 864,26,Female,South,Consumer,Electronics,Tablet,5,366.19,0.05,1739.4,419.88,UPI
ORD-101215,2023-03-25 16:00:00,CUST-1772,Customer 553,52,Female,West,Corporate,Electronics,Tablet,4,307.13,0.1,1105.67,153.11,UPI
ORD-101216,2024-01-06 13:00:00,CUST-1531,Customer 678,29,Female,East,Consumer,Office Supplies,Printer Paper,5,19.34,0.0,96.7,18.78,Net Banking
ORD-101217,2024-06-18 10:00:00,CUST-1503,Customer 604,32,Female,West,Corporate,Clothing,Hoodie,5,37.54,0.1,168.93,50.79,UPI
ORD-101218,2024-08-13 08:00:00,CUST-1229,Customer 228,47,Female,West,Consumer,Electronics,Tablet,5,361.98,0.1,1628.91,537.69,Credit Card
ORD-101219,2023-11-18 20:00:00,CUST-1177,Customer 789,19,Male,South,Home Office,Furniture,Sofa,6,422.9,0.0,2537.4,846.09,UPI
ORD-101220,2024-04-19 11:00:00,CUST-1475,Customer 609,54,Female,South,Corporate,Furniture,Bookshelf,4,93.04,0.0,372.16,100.12,UPI
ORD-101221,2024-02-08 11:00:00,CUST-1554,Customer 607,40,Male,East,Consumer,Electronics,Smartphone,6,578.52,0.0,3471.12,351.64,UPI
ORD-101222,2024-12-02 16:00:00,CUST-1294,Customer 68,44,Female,East,Corporate,Office Supplies,Binder,3,6.53,0.0,19.59,3.91,Credit Card
ORD-101223,2024-04-22 11:00:00,CUST-1408,Customer 649,56,Male,South,Consumer,Electronics,Laptop,7,944.93,0.2,5291.61,699.18,Cash
ORD-101224,2023-11-01 12:00:00,CUST-1459,Customer 84,58,Female,West,Consumer,Office Supplies,Notebook,3,4.59,0.1,12.39,3.32,Credit Card
ORD-101225,2024-12-08 17:00:00,CUST-1395,Customer 357,65,Male,Central,Consumer,Electronics,Tablet,5,407.1,0.0,2035.5,251.53,Credit Card
ORD-101226,2023-03-20 15:00:00,CUST-1036,Customer 506,27,Female,West,Corporate,Office Supplies,Notebook,7,4.04,0.05,26.87,9.24,UPI
ORD-101227,2024-12-19 16:00:00,CUST-1390,Customer 850,40,Male,East,Home Office,Furniture,Office Chair,3,151.86,0.0,455.58,60.38,Net Banking
ORD-101228,2023-04-23 08:00:00,CUST-1171,Customer 163,22,Female,East,Corporate,Furniture,Bookshelf,1,77.08,0.0,77.08,7.26,Net Banking
ORD-101229,2023-07-30 13:00:00,CUST-1090,Customer 727,31,Female,East,Consumer,Furniture,Bookshelf,2,105.01,0.0,210.02,64.64,Net Banking
ORD-101230,2024-08-22 14:00:00,CUST-1374,Customer 483,46,Male,West,Consumer,Home & Kitchen,Blender,2,58.6,0.0,117.2,15.78,Credit Card
ORD-101231,2024-06-19 16:00:00,CUST-1631,Customer 524,24,Female,East,Home Office,Office Supplies,Pen Set,1,7.98,0.0,7.98,0.69,UPI
ORD-101232,2024-12-09 09:00:00,CUST-1637,Customer 819,41,Male,West,Consumer,Clothing,Jeans,4,45.09,0.0,180.36,41.12,Credit Card
ORD-101233,2024-07-01 10:00:00,CUST-1277,Customer 404,66,Male,Central,Consumer,Electronics,Smartphone,2,691.49,0.0,1382.98,472.55,UPI
ORD-101234,2024-04-10 17:00:00,CUST-1454,Customer 123,21,Male,East,Home Office,Furniture,Office Chair,1,159.84,0.05,151.85,23.12,Cash
ORD-101235,2023-09-10 16:00:00,CUST-1147,Customer 18,30,Female,South,Home Office,Electronics,Smartwatch,1,215.23,0.05,204.47,38.92,Credit Card
ORD-101236,2023-01-04 18:00:00,CUST-1224,Customer 321,32,Male,East,Consumer,Furniture,Bookshelf,2,92.58,0.0,185.16,26.67,Credit Card
ORD-101237,2023-04-01 11:00:00,CUST-1352,Customer 887,65,Female,Central,Corporate,Office Supplies,Binder,3,5.88,0.05,16.76,3.87,Net Banking
ORD-101238,2023-08-06 20:00:00,CUST-1311,Customer 196,56,Female,East,Corporate,Clothing,T-Shirt,7,21.26,0.0,148.82,24.88,Credit Card
ORD-101239,2023-01-30 11:00:00,CUST-1514,Customer 128,27,Male,South,Consumer,Office Supplies,Printer Paper,5,19.3,0.2,77.2,18.5,Credit Card
ORD-101240,2024-01-06 16:00:00,CUST-1596,Customer 32,54,Male,East,Home Office,Office Supplies,Binder,6,6.24,0.0,37.44,7.83,Net Banking
ORD-101241,2024-07-21 10:00:00,CUST-1442,Customer 458,18,Male,West,Consumer,Electronics,Headphones,5,84.75,0.05,402.56,133.17,Credit Card
ORD-101242,2024-12-04 19:00:00,CUST-1023,Customer 325,59,Male,South,Consumer,Electronics,Smartwatch,6,203.39,0.0,1220.34,318.39,Cash
ORD-101243,2023-12-24 12:00:00,CUST-1655,Customer 308,29,Female,East,Consumer,Clothing,Jacket,3,82.47,0.0,247.41,65.39,Credit Card
ORD-101244,2024-09-30 18:00:00,CUST-1364,Customer 540,55,Male,Central,Consumer,Electronics,Headphones,1,83.49,0.05,79.32,16.76,Credit Card
ORD-101245,2024-12-20 12:00:00,CUST-1674,Customer 294,43,Female,Central,Consumer,Electronics,Tablet,4,393.17,0.1,1415.41,229.08,Credit Card
ORD-101246,2024-09-19 18:00:00,CUST-1219,Customer 51,56,Female,West,Consumer,Home & Kitchen,Cookware Set,1,138.11,0.2,110.49,18.21,Credit Card
ORD-101247,2023-12-06 13:00:00,CUST-1496,Customer 378,36,Male,East,Home Office,Home & Kitchen,Cookware Set,2,120.57,0.05,229.08,49.5,UPI
ORD-101248,2023-08-26 08:00:00,CUST-1195,Customer 665,45,Female,South,Consumer,Office Supplies,Binder,6,5.45,0.0,32.7,4.31,UPI
ORD-101249,2024-12-14 10:00:00,CUST-1441,Customer 515,65,Female,South,Consumer,Furniture,Bookshelf,4,94.66,0.1,340.78,39.45,UPI
ORD-101250,2023-06-26 16:00:00,CUST-1669,Customer 841,59,Female,East,Consumer,Clothing,T-Shirt,5,19.21,0.0,96.05,17.34,UPI
ORD-101251,2023-10-28 10:00:00,CUST-1453,Customer 9,46,Male,South,Consumer,Electronics,Smartwatch,4,196.3,0.05,745.94,85.95,Credit Card
ORD-101252,2023-02-24 11:00:00,CUST-1798,Customer 55,65,Female,South,Corporate,Furniture,Sofa,4,557.62,0.1,2007.43,285.67,UPI
ORD-101253,2024-08-02 15:00:00,CUST-1314,Customer 139,24,Female,Central,Consumer,Furniture,Desk,3,194.16,0.0,582.48,130.74,Credit Card
ORD-101254,2024-04-19 11:00:00,CUST-1101,Customer 31,54,Female,Central,Consumer,Home & Kitchen,Towel Pack,2,20.91,0.05,39.73,11.65,Credit Card
ORD-101255,2023-03-03 09:00:00,CUST-1375,Customer 552,50,Female,East,Corporate,Home & Kitchen,Blender,2,63.42,0.0,126.84,17.84,Net Banking
ORD-101256,2023-06-12 16:00:00,CUST-1666,Customer 561,31,Female,West,Consumer,Office Supplies,Pen Set,6,9.43,0.0,56.58,16.62,Net Banking
ORD-101257,2024-02-10 16:00:00,CUST-1421,Customer 665,38,Female,South,Corporate,Electronics,Tablet,7,339.69,0.2,1902.26,160.16,Credit Card
ORD-101258,2024-01-30 17:00:00,CUST-1489,Customer 187,39,Male,Central,Corporate,Office Supplies,Printer Paper,1,16.51,0.0,16.51,5.77,Credit Card
ORD-101259,2024-08-08 20:00:00,CUST-1640,Customer 607,53,Female,East,Consumer,Electronics,Smartwatch,4,189.45,0.0,757.8,166.39,UPI
ORD-101260,2023-07-14 09:00:00,CUST-1210,Customer 158,50,Male,Central,Consumer,Home & Kitchen,Towel Pack,4,22.21,0.05,84.4,17.6,UPI
ORD-101261,2024-11-06 13:00:00,CUST-1596,Customer 891,58,Female,East,Consumer,Electronics,Laptop,4,877.07,0.0,3508.28,896.89,Net Banking
ORD-101262,2023-11-21 11:00:00,CUST-1763,Customer 227,52,Male,East,Home Office,Electronics,Tablet,2,321.65,0.0,643.3,134.0,UPI
ORD-101263,2024-08-23 19:00:00,CUST-1156,Customer 43,69,Female,East,Home Office,Clothing,Jeans,1,43.17,0.0,43.17,8.21,Credit Card
ORD-101264,2023-06-24 15:00:00,CUST-1148,Customer 166,61,Female,East,Home Office,Furniture,Sofa,2,518.14,0.05,984.47,177.37,UPI
ORD-101265,2023-01-27 09:00:00,CUST-1782,Customer 464,47,Female,West,Corporate,Clothing,Hoodie,2,42.71,0.0,85.42,29.39,Credit Card
ORD-101266,2023-02-10 16:00:00,CUST-1777,Customer 643,18,Male,West,Home Office,Electronics,Smartphone,1,670.68,0.1,603.61,188.69,UPI
ORD-101267,2023-09-30 08:00:00,CUST-1772,Customer 377,37,Female,Central,Consumer,Clothing,Sneakers,3,83.47,0.0,250.41,54.0,UPI
ORD-101268,2024-11-26 11:00:00,CUST-1685,Customer 288,24,Male,South,Corporate,Electronics,Laptop,5,822.6,0.15,3496.05,1069.24,Net Banking
ORD-101269,2023-02-05 17:00:00,CUST-1223,Customer 179,40,Male,West,Consumer,Electronics,Smartwatch,7,184.88,0.0,1294.16,155.63,Credit Card
ORD-101270,2023-09-27 14:00:00,CUST-1448,Customer 111,69,Female,East,Home Office,Office Supplies,Stapler,5,14.19,0.0,70.95,15.82,UPI
ORD-101271,2023-03-21 17:00:00,CUST-1799,Customer 801,38,Other,South,Home Office,Electronics,Laptop,2,840.09,0.15,1428.15,287.84,Credit Card
ORD-101272,2024-11-11 15:00:00,CUST-1562,Customer 671,60,Other,East,Corporate,Office Supplies,Printer Paper,3,19.12,0.1,51.62,8.66,Net Banking
ORD-101273,2024-05-07 18:00:00,CUST-1420,Customer 130,41,Female,West,Corporate,Electronics,Tablet,3,351.22,0.0,1053.66,345.58,Credit Card
ORD-101274,2024-07-10 15:00:00,CUST-1486,Customer 140,47,Female,East,Home Office,Electronics,Laptop,2,983.18,0.0,1966.36,599.29,Credit Card
ORD-101275,2024-06-04 08:00:00,CUST-1181,Customer 454,19,Male,South,Consumer,Clothing,Hoodie,7,39.17,0.1,246.77,80.18,Credit Card
ORD-101276,2024-04-24 08:00:00,CUST-1280,Customer 316,53,Male,West,Consumer,Electronics,Tablet,5,340.66,0.0,1703.3,428.39,Cash
ORD-101277,2024-07-18 18:00:00,CUST-1576,Customer 173,30,Female,South,Corporate,Office Supplies,Stapler,4,13.74,0.0,54.96,9.98,Credit Card
ORD-101278,2023-01-06 08:00:00,CUST-1771,Customer 397,41,Female,South,Corporate,Clothing,Hoodie,4,36.25,0.05,137.75,39.17,UPI
ORD-101279,2024-09-23 12:00:00,CUST-1038,Customer 393,69,Female,South,Corporate,Electronics,Smartphone,3,655.96,0.1,1771.09,193.6,Credit Card
ORD-101280,2024-06-24 08:00:00,CUST-1331,Customer 523,29,Male,Central,Consumer,Clothing,Sneakers,3,84.15,0.05,239.83,74.43,UPI
ORD-101281,2024-06-23 11:00:00,CUST-1550,Customer 711,66,Male,Central,Consumer,Electronics,Smartwatch,5,227.06,0.05,1078.53,94.66,Net Banking
ORD-101282,2023-10-15 15:00:00,CUST-1371,Customer 250,61,Male,South,Home Office,Furniture,Bookshelf,7,99.22,0.2,555.63,167.2,Credit Card
ORD-101283,2024-08-07 10:00:00,CUST-1668,Customer 630,20,Female,East,Corporate,Electronics,Tablet,4,290.26,0.0,1161.04,313.56,UPI
ORD-101284,2023-10-06 14:00:00,CUST-1516,Customer 656,37,Male,South,Corporate,Clothing,Hoodie,2,45.75,0.1,82.35,8.55,Credit Card
ORD-101285,2023-02-05 20:00:00,CUST-1280,Customer 630,68,Male,East,Consumer,Office Supplies,Printer Paper,7,19.73,0.0,138.11,16.53,UPI
ORD-101286,2024-10-24 08:00:00,CUST-1611,Customer 836,41,Female,West,Consumer,Office Supplies,Stapler,3,12.56,0.1,33.91,6.85,Credit Card
ORD-101287,2023-06-21 08:00:00,CUST-1267,Customer 194,59,Male,West,Consumer,Home & Kitchen,Storage Box,1,14.92,0.05,14.17,2.28,Credit Card
ORD-101288,2023-03-16 11:00:00,CUST-1330,Customer 662,65,Male,South,Consumer,Furniture,Bookshelf,4,81.2,0.0,324.8,102.04,Cash
ORD-101289,2024-03-29 18:00:00,CUST-1217,Customer 21,18,Female,West,Consumer,Home & Kitchen,Towel Pack,6,23.54,0.05,134.18,17.72,Credit Card
ORD-101290,2023-06-20 13:00:00,CUST-1798,Customer 301,56,Male,West,Consumer,Clothing,T-Shirt,2,18.07,0.15,30.72,5.92,Credit Card
ORD-101291,2024-09-18 16:00:00,CUST-1325,Customer 648,65,Female,Central,Consumer,Home & Kitchen,Coffee Maker,2,80.61,0.05,153.16,23.02,Credit Card
ORD-101292,2023-11-20 08:00:00,CUST-1763,Customer 837,48,Other,Central,Consumer,Home & Kitchen,Storage Box,3,15.07,0.0,45.21,5.17,UPI
ORD-101293,2023-01-04 17:00:00,CUST-1458,Customer 96,67,Male,East,Corporate,Home & Kitchen,Cookware Set,6,128.78,0.0,772.68,116.0,Net Banking
ORD-101294,2024-11-25 08:00:00,CUST-1100,Customer 658,54,Male,West,Corporate,Electronics,Headphones,7,74.97,0.05,498.55,155.65,Net Banking
ORD-101295,2024-01-11 17:00:00,CUST-1609,Customer 351,50,Female,Central,Consumer,Clothing,Hoodie,6,42.91,0.05,244.59,66.82,Cash
ORD-101296,2023-07-11 09:00:00,CUST-1156,Customer 481,24,Female,South,Home Office,Clothing,Jeans,2,39.01,0.0,78.02,25.5,Net Banking
ORD-101297,2024-05-09 19:00:00,CUST-1709,Customer 759,58,Other,South,Consumer,Office Supplies,Pen Set,6,7.9,0.0,47.4,8.98,UPI
ORD-101298,2024-01-23 11:00:00,CUST-1771,Customer 767,62,Male,East,Home Office,Electronics,Laptop,3,773.87,0.1,2089.45,302.79,UPI
ORD-101299,2023-01-22 10:00:00,CUST-1438,Customer 369,35,Female,East,Consumer,Home & Kitchen,Coffee Maker,7,74.35,0.0,520.45,45.33,UPI
ORD-101300,2024-07-08 12:00:00,CUST-1318,Customer 790,26,Female,Central,Consumer,Electronics,Headphones,7,76.87,0.0,538.09,114.99,Net Banking
ORD-101301,2023-10-20 08:00:00,CUST-1379,Customer 419,47,Male,West,Consumer,Office Supplies,Printer Paper,6,20.16,0.0,120.96,10.97,Credit Card
ORD-101302,2024-05-25 10:00:00,CUST-1620,Customer 207,66,Female,Central,Home Office,Office Supplies,Pen Set,7,7.12,0.05,47.35,3.84,UPI
ORD-101303,2024-10-15 15:00:00,CUST-1299,Customer 862,56,Male,South,Home Office,Electronics,Headphones,1,83.57,0.2,66.86,16.27,Cash
ORD-101304,2024-03-21 11:00:00,CUST-1040,Customer 323,60,Male,East,Consumer,Clothing,Jeans,5,47.6,0.05,226.1,28.15,Credit Card
ORD-101305,2024-05-05 12:00:00,CUST-1476,Customer 818,47,Male,South,Home Office,Electronics,Tablet,1,291.63,0.0,291.63,67.41,Cash
ORD-101306,2023-07-05 18:00:00,CUST-1591,Customer 827,39,Male,East,Consumer,Clothing,Jacket,5,64.69,0.1,291.1,68.37,Cash
ORD-101307,2023-06-23 09:00:00,CUST-1115,Customer 82,33,Female,South,Corporate,Clothing,T-Shirt,3,17.24,0.0,51.72,14.25,UPI
ORD-101308,2023-10-30 13:00:00,CUST-1287,Customer 642,59,Male,West,Consumer,Furniture,Sofa,7,510.32,0.2,2857.79,524.25,Cash
ORD-101309,2024-09-14 10:00:00,CUST-1373,Customer 780,51,Male,South,Corporate,Clothing,Jeans,4,53.41,0.0,213.64,57.77,Credit Card
ORD-101310,2024-01-18 14:00:00,CUST-1490,Customer 185,56,Male,East,Consumer,Electronics,Tablet,6,299.8,0.15,1528.98,273.4,Net Banking
ORD-101311,2023-09-12 12:00:00,CUST-1407,Customer 445,61,Female,West,Corporate,Clothing,Jeans,3,49.32,0.15,125.77,13.38,Credit Card
ORD-101312,2024-07-23 08:00:00,CUST-1603,Customer 890,68,Other,East,Consumer,Home & Kitchen,Storage Box,1,17.48,0.15,14.86,2.43,Credit Card
ORD-101313,2024-09-14 08:00:00,CUST-1503,Customer 718,61,Male,Central,Corporate,Electronics,Smartwatch,6,206.02,0.0,1236.12,101.42,UPI
ORD-101314,2024-10-20 19:00:00,CUST-1570,Customer 307,41,Other,South,Consumer,Clothing,T-Shirt,2,18.55,0.1,33.39,6.84,UPI
ORD-101315,2023-08-07 08:00:00,CUST-1054,Customer 317,24,Female,South,Consumer,Office Supplies,Printer Paper,6,21.39,0.1,115.51,32.33,UPI
ORD-101316,2024-06-02 18:00:00,CUST-1735,Customer 98,47,Female,Central,Consumer,Office Supplies,Printer Paper,4,18.46,0.0,73.84,21.55,UPI
ORD-101317,2024-03-06 19:00:00,CUST-1343,Customer 861,41,Female,East,Consumer,Clothing,Jacket,7,85.76,0.05,570.3,81.36,Cash
ORD-101318,2023-11-24 14:00:00,CUST-1338,Customer 793,66,Male,South,Consumer,Office Supplies,Notebook,3,3.77,0.05,10.74,1.17,UPI
ORD-101319,2023-10-17 12:00:00,CUST-1609,Customer 717,20,Female,West,Consumer,Office Supplies,Stapler,3,13.59,0.15,34.65,4.51,Net Banking
ORD-101320,2023-03-25 18:00:00,CUST-1332,Customer 365,62,Female,Central,Consumer,Electronics,Smartwatch,6,227.77,0.1,1229.96,425.08,Credit Card
ORD-101321,2023-07-20 20:00:00,CUST-1627,Customer 405,50,Female,East,Consumer,Furniture,Office Chair,6,163.59,0.0,981.54,161.24,Net Banking
ORD-101322,2024-02-06 09:00:00,CUST-1659,Customer 339,21,Female,South,Corporate,Home & Kitchen,Coffee Maker,1,66.95,0.05,63.6,12.46,Net Banking
ORD-101323,2024-10-09 20:00:00,CUST-1434,Customer 325,30,Female,West,Consumer,Electronics,Smartwatch,6,217.77,0.0,1306.62,131.21,Net Banking
ORD-101324,2024-09-24 20:00:00,CUST-1452,Customer 58,21,Female,West,Consumer,Office Supplies,Stapler,4,10.6,0.0,42.4,12.43,Credit Card
ORD-101325,2023-05-17 09:00:00,CUST-1697,Customer 190,66,Male,East,Consumer,Electronics,Tablet,7,369.65,0.1,2328.79,468.3,Net Banking
ORD-101326,2024-05-10 08:00:00,CUST-1597,Customer 550,51,Female,Central,Corporate,Clothing,Jeans,5,43.64,0.05,207.29,21.47,Credit Card
ORD-101327,2023-03-03 17:00:00,CUST-1603,Customer 248,50,Female,East,Home Office,Office Supplies,Printer Paper,6,19.45,0.1,105.03,21.81,Credit Card
ORD-101328,2024-05-07 09:00:00,CUST-1559,Customer 138,45,Female,South,Consumer,Furniture,Bookshelf,3,89.49,0.05,255.05,69.52,Credit Card
ORD-101329,2023-09-07 15:00:00,CUST-1637,Customer 398,38,Male,Central,Consumer,Electronics,Smartphone,2,528.96,0.0,1057.92,219.75,Net Banking
ORD-101330,2023-11-25 08:00:00,CUST-1615,Customer 725,26,Female,South,Corporate,Furniture,Lamp,6,32.58,0.1,175.93,60.09,Net Banking
ORD-101331,2024-06-07 16:00:00,CUST-1634,Customer 319,56,Male,West,Consumer,Home & Kitchen,Towel Pack,1,19.03,0.0,19.03,6.0,UPI
ORD-101332,2023-11-07 11:00:00,CUST-1324,Customer 678,24,Male,Central,Consumer,Office Supplies,Stapler,5,11.99,0.2,47.96,10.5,Cash
ORD-101333,2024-08-12 09:00:00,CUST-1582,Customer 580,28,Male,West,Consumer,Office Supplies,Pen Set,7,9.15,0.15,54.44,18.18,UPI
ORD-101334,2024-01-25 08:00:00,CUST-1412,Customer 294,68,Male,South,Home Office,Clothing,Hoodie,7,44.33,0.15,263.76,78.88,Credit Card
ORD-101335,2024-12-30 10:00:00,CUST-1684,Customer 572,22,Male,West,Consumer,Furniture,Office Chair,6,157.66,0.15,804.07,144.28,UPI
ORD-101336,2024-04-10 15:00:00,CUST-1394,Customer 459,67,Male,West,Consumer,Furniture,Office Chair,4,158.55,0.05,602.49,173.69,Credit Card
ORD-101337,2023-08-05 08:00:00,CUST-1077,Customer 174,22,Male,West,Consumer,Furniture,Office Chair,6,137.23,0.05,782.21,169.41,UPI
ORD-101338,2024-07-19 18:00:00,CUST-1651,Customer 383,43,Male,West,Consumer,Electronics,Smartwatch,1,195.15,0.1,175.64,39.62,Credit Card
ORD-101339,2023-10-25 15:00:00,CUST-1403,Customer 235,48,Male,South,Consumer,Clothing,T-Shirt,6,18.5,0.0,111.0,24.48,Credit Card
ORD-101340,2024-01-25 11:00:00,CUST-1033,Customer 495,23,Other,East,Home Office,Home & Kitchen,Towel Pack,2,19.57,0.1,35.23,10.46,UPI
ORD-101341,2023-04-10 20:00:00,CUST-1660,Customer 41,64,Female,Central,Consumer,Home & Kitchen,Blender,6,58.26,0.0,349.56,114.66,UPI
ORD-101342,2023-03-29 16:00:00,CUST-1040,Customer 72,67,Male,West,Corporate,Home & Kitchen,Towel Pack,3,24.25,0.15,61.84,10.28,Cash
ORD-101343,2024-02-24 16:00:00,CUST-1087,Customer 344,29,Female,East,Home Office,Furniture,Sofa,6,510.64,0.05,2910.65,737.32,UPI
ORD-101344,2023-05-17 10:00:00,CUST-1568,Customer 463,29,Female,South,Consumer,Furniture,Lamp,5,38.89,0.1,175.0,43.69,Credit Card
ORD-101345,2024-12-29 17:00:00,CUST-1124,Customer 426,57,Female,Central,Consumer,Office Supplies,Pen Set,7,7.13,0.05,47.41,15.15,Cash
ORD-101346,2024-09-16 15:00:00,CUST-1215,Customer 74,37,Male,South,Consumer,Home & Kitchen,Blender,6,61.41,0.05,350.04,70.27,Credit Card
ORD-101347,2024-05-26 20:00:00,CUST-1321,Customer 95,19,Female,West,Corporate,Clothing,Sneakers,7,78.44,0.15,466.72,61.3,UPI
ORD-101348,2024-06-20 14:00:00,CUST-1779,Customer 93,57,Male,Central,Consumer,Office Supplies,Stapler,2,13.88,0.0,27.76,3.74,Credit Card
ORD-101349,2024-03-10 16:00:00,CUST-1451,Customer 77,36,Male,Central,Consumer,Clothing,Hoodie,3,37.43,0.0,112.29,10.54,Credit Card
ORD-101350,2023-02-14 12:00:00,CUST-1776,Customer 748,39,Other,Central,Consumer,Clothing,T-Shirt,4,18.4,0.0,73.6,7.89,UPI
ORD-101351,2023-10-14 08:00:00,CUST-1579,Customer 241,51,Male,East,Consumer,Home & Kitchen,Cookware Set,1,122.47,0.05,116.35,18.77,Net Banking
ORD-101352,2023-12-28 09:00:00,CUST-1230,Customer 715,48,Male,East,Consumer,Clothing,T-Shirt,1,16.99,0.05,16.14,1.74,Credit Card
ORD-101353,2024-10-30 19:00:00,CUST-1448,Customer 442,60,Male,East,Consumer,Furniture,Bookshelf,1,87.89,0.05,83.5,26.32,Net Banking
ORD-101354,2023-06-10 17:00:00,CUST-1268,Customer 892,59,Female,Central,Corporate,Electronics,Laptop,6,777.72,0.0,4666.32,829.42,UPI
ORD-101355,2023-12-29 12:00:00,CUST-1173,Customer 885,67,Male,Central,Home Office,Office Supplies,Printer Paper,4,18.89,0.0,75.56,13.56,Credit Card
ORD-101356,2023-09-09 17:00:00,CUST-1426,Customer 543,65,Male,Central,Home Office,Furniture,Sofa,6,561.39,0.15,2863.09,814.63,UPI
ORD-101357,2023-04-09 08:00:00,CUST-1678,Customer 823,50,Male,East,Consumer,Home & Kitchen,Blender,6,52.84,0.05,301.19,48.6,UPI
ORD-101358,2023-03-17 08:00:00,CUST-1631,Customer 362,46,Male,Central,Consumer,Office Supplies,Stapler,1,12.33,0.0,12.33,3.37,UPI
ORD-101359,2023-09-24 14:00:00,CUST-1211,Customer 359,42,Male,East,Consumer,Office Supplies,Stapler,6,13.82,0.0,82.92,25.05,Credit Card
ORD-101360,2023-03-02 16:00:00,CUST-1206,Customer 113,52,Male,South,Consumer,Furniture,Sofa,2,484.02,0.0,968.04,171.58,Cash
ORD-101361,2023-02-19 20:00:00,CUST-1686,Customer 500,21,Male,West,Home Office,Office Supplies,Stapler,3,13.69,0.1,36.96,7.72,Cash
ORD-101362,2023-09-14 17:00:00,CUST-1505,Customer 596,38,Male,Central,Corporate,Office Supplies,Stapler,7,12.07,0.1,76.04,12.7,Cash
ORD-101363,2023-05-28 11:00:00,CUST-1396,Customer 504,32,Other,East,Consumer,Electronics,Tablet,3,341.39,0.05,972.96,189.0,Cash
ORD-101364,2024-02-10 18:00:00,CUST-1658,Customer 208,46,Female,West,Corporate,Home & Kitchen,Cookware Set,7,108.6,0.05,722.19,171.02,Credit Card
ORD-101365,2023-01-13 14:00:00,CUST-1032,Customer 309,66,Male,West,Consumer,Furniture,Lamp,4,31.28,0.15,106.35,18.55,UPI
ORD-101366,2023-08-09 18:00:00,CUST-1602,Customer 229,43,Male,West,Corporate,Furniture,Lamp,1,37.24,0.0,37.24,7.65,UPI
ORD-101367,2023-11-27 10:00:00,CUST-1383,Customer 771,48,Female,East,Consumer,Electronics,Tablet,6,387.45,0.0,2324.7,497.44,Credit Card
ORD-101368,2024-12-04 08:00:00,CUST-1388,Customer 122,38,Female,West,Home Office,Office Supplies,Binder,1,5.38,0.0,5.38,0.47,UPI
ORD-101369,2024-04-08 08:00:00,CUST-1523,Customer 263,35,Male,East,Home Office,Clothing,Sneakers,5,99.33,0.2,397.32,49.34,Credit Card
ORD-101370,2024-10-04 20:00:00,CUST-1180,Customer 295,53,Male,South,Consumer,Home & Kitchen,Cookware Set,4,117.07,0.05,444.87,100.62,Cash
ORD-101371,2023-09-08 09:00:00,CUST-1703,Customer 384,30,Female,West,Corporate,Electronics,Headphones,1,79.91,0.05,75.91,6.13,Credit Card
ORD-101372,2023-11-25 20:00:00,CUST-1067,Customer 278,63,Male,West,Consumer,Home & Kitchen,Coffee Maker,4,81.41,0.1,293.08,79.17,Cash
ORD-101373,2023-11-03 17:00:00,CUST-1465,Customer 816,23,Male,Central,Corporate,Clothing,Hoodie,3,46.55,0.0,139.65,45.31,Credit Card
ORD-101374,2024-10-09 09:00:00,CUST-1380,Customer 455,29,Male,Central,Consumer,Furniture,Sofa,1,496.18,0.0,496.18,140.78,Net Banking
ORD-101375,2024-12-01 19:00:00,CUST-1793,Customer 311,57,Female,East,Home Office,Electronics,Tablet,4,321.94,0.05,1223.37,201.64,UPI
ORD-101376,2024-12-03 09:00:00,CUST-1520,Customer 306,22,Male,Central,Home Office,Furniture,Sofa,1,436.89,0.2,349.51,70.41,UPI
ORD-101377,2024-07-02 09:00:00,CUST-1304,Customer 460,39,Male,South,Consumer,Home & Kitchen,Cookware Set,4,113.41,0.0,453.64,115.99,Credit Card
ORD-101378,2024-01-03 15:00:00,CUST-1336,Customer 327,37,Male,West,Consumer,Furniture,Desk,2,247.11,0.05,469.51,123.82,UPI
ORD-101379,2024-01-30 11:00:00,CUST-1196,Customer 783,66,Female,East,Corporate,Office Supplies,Binder,6,5.78,0.15,29.48,10.14,Credit Card
ORD-101380,2024-12-16 11:00:00,CUST-1040,Customer 111,26,Female,East,Consumer,Clothing,Sneakers,7,92.91,0.1,585.33,124.74,Cash
ORD-101381,2023-07-27 10:00:00,CUST-1354,Customer 295,41,Female,South,Consumer,Home & Kitchen,Storage Box,7,14.69,0.05,97.69,14.4,Cash
ORD-101382,2023-09-11 15:00:00,CUST-1017,Customer 390,41,Female,East,Corporate,Office Supplies,Stapler,7,12.21,0.0,85.47,15.2,UPI
ORD-101383,2024-10-16 08:00:00,CUST-1526,Customer 865,60,Female,East,Corporate,Clothing,Jacket,1,72.99,0.0,72.99,24.02,Credit Card
ORD-101384,2023-10-10 11:00:00,CUST-1721,Customer 267,46,Male,South,Corporate,Electronics,Laptop,4,872.32,0.0,3489.28,875.22,Credit Card
ORD-101385,2023-06-21 15:00:00,CUST-1075,Customer 183,24,Female,South,Consumer,Home & Kitchen,Blender,2,57.72,0.0,115.44,36.17,UPI
ORD-101386,2024-02-14 14:00:00,CUST-1777,Customer 360,63,Female,West,Consumer,Electronics,Smartwatch,1,227.4,0.1,204.66,56.38,UPI
ORD-101387,2023-08-26 17:00:00,CUST-1072,Customer 616,25,Male,East,Consumer,Electronics,Smartphone,3,722.28,0.1,1950.16,664.35,UPI
ORD-101388,2024-10-12 10:00:00,CUST-1380,Customer 886,54,Female,Central,Corporate,Home & Kitchen,Blender,4,60.15,0.1,216.54,46.63,UPI
ORD-101389,2024-10-25 16:00:00,CUST-1499,Customer 54,32,Male,South,Consumer,Electronics,Smartwatch,3,171.72,0.0,515.16,173.34,UPI
ORD-101390,2023-08-12 17:00:00,CUST-1512,Customer 582,24,Male,East,Consumer,Electronics,Smartwatch,1,222.62,0.0,222.62,71.06,UPI
ORD-101391,2024-01-22 13:00:00,CUST-1307,Customer 483,27,Male,East,Home Office,Office Supplies,Notebook,3,4.65,0.1,12.56,3.86,UPI
ORD-101392,2024-12-19 11:00:00,CUST-1035,Customer 304,67,Female,South,Home Office,Furniture,Bookshelf,2,104.43,0.0,208.86,69.67,Net Banking
ORD-101393,2024-06-25 15:00:00,CUST-1626,Customer 144,68,Female,Central,Consumer,Electronics,Headphones,1,81.41,0.0,81.41,18.06,Credit Card
ORD-101394,2023-06-07 15:00:00,CUST-1370,Customer 592,49,Female,West,Corporate,Office Supplies,Notebook,4,3.64,0.0,14.56,4.09,Credit Card
ORD-101395,2024-03-07 09:00:00,CUST-1210,Customer 566,60,Female,South,Consumer,Clothing,Sneakers,1,94.69,0.0,94.69,21.77,Credit Card
ORD-101396,2024-03-28 15:00:00,CUST-1360,Customer 120,64,Male,Central,Corporate,Clothing,Jeans,7,44.37,0.0,310.59,89.94,Credit Card
ORD-101397,2024-04-22 10:00:00,CUST-1346,Customer 555,36,Female,South,Consumer,Electronics,Tablet,6,330.0,0.0,1980.0,566.7,UPI
ORD-101398,2023-01-19 15:00:00,CUST-1477,Customer 460,57,Male,East,Consumer,Office Supplies,Notebook,7,3.95,0.15,23.5,6.69,Cash
ORD-101399,2023-08-07 20:00:00,CUST-1412,Customer 375,45,Female,West,Home Office,Clothing,Hoodie,1,41.83,0.0,41.83,8.19,UPI
ORD-101400,2024-09-15 14:00:00,CUST-1479,Customer 479,27,Male,Central,Corporate,Electronics,Laptop,4,821.72,0.05,3122.54,921.14,Net Banking
ORD-101401,2023-06-26 17:00:00,CUST-1753,Customer 832,45,Male,West,Consumer,Electronics,Smartwatch,6,207.38,0.05,1182.07,374.3,Credit Card
ORD-101402,2023-08-07 12:00:00,CUST-1737,Customer 391,20,Female,West,Home Office,Electronics,Smartwatch,5,204.57,0.05,971.71,244.67,Credit Card
ORD-101403,2023-08-24 19:00:00,CUST-1005,Customer 802,49,Male,Central,Consumer,Office Supplies,Stapler,3,12.34,0.05,35.17,7.13,Credit Card
ORD-101404,2023-05-10 18:00:00,CUST-1515,Customer 27,31,Male,Central,Consumer,Electronics,Smartphone,6,538.71,0.0,3232.26,1003.22,UPI
ORD-101405,2023-04-24 19:00:00,CUST-1173,Customer 661,23,Female,East,Consumer,Clothing,T-Shirt,3,21.2,0.0,63.6,18.46,UPI
ORD-101406,2023-09-11 17:00:00,CUST-1054,Customer 674,54,Female,West,Corporate,Home & Kitchen,Coffee Maker,7,69.59,0.05,462.77,95.7,Credit Card
ORD-101407,2024-09-30 16:00:00,CUST-1073,Customer 647,36,Male,Central,Corporate,Electronics,Smartwatch,1,191.39,0.2,153.11,36.22,Credit Card
ORD-101408,2023-01-02 14:00:00,CUST-1510,Customer 333,41,Female,Central,Consumer,Office Supplies,Printer Paper,5,18.17,0.0,90.85,24.09,Net Banking
ORD-101409,2023-07-26 20:00:00,CUST-1793,Customer 62,22,Female,West,Consumer,Electronics,Laptop,1,831.1,0.05,789.54,209.9,Credit Card
ORD-101410,2023-02-14 19:00:00,CUST-1624,Customer 50,22,Male,East,Corporate,Electronics,Laptop,7,923.19,0.2,5169.86,847.75,Credit Card
ORD-101411,2024-02-14 13:00:00,CUST-1105,Customer 291,65,Male,East,Consumer,Clothing,Jacket,3,64.12,0.1,173.12,27.53,UPI
ORD-101412,2023-07-02 09:00:00,CUST-1168,Customer 110,49,Female,South,Consumer,Furniture,Bookshelf,1,104.02,0.1,93.62,29.92,UPI
ORD-101413,2024-08-01 08:00:00,CUST-1658,Customer 183,38,Female,South,Consumer,Home & Kitchen,Storage Box,6,14.17,0.05,80.77,26.9,UPI
ORD-101414,2024-03-03 11:00:00,CUST-1485,Customer 18,52,Male,Central,Corporate,Office Supplies,Printer Paper,7,21.6,0.15,128.52,24.23,UPI
ORD-101415,2024-07-26 08:00:00,CUST-1416,Customer 350,55,Female,Central,Corporate,Electronics,Headphones,7,85.59,0.05,569.17,185.9,Cash
ORD-101416,2024-04-08 10:00:00,CUST-1146,Customer 817,23,Female,East,Consumer,Furniture,Bookshelf,4,78.59,0.05,298.64,61.84,Cash
ORD-101417,2023-11-17 09:00:00,CUST-1625,Customer 99,65,Female,West,Consumer,Electronics,Smartwatch,1,198.9,0.1,179.01,22.4,Credit Card
ORD-101418,2024-09-20 20:00:00,CUST-1667,Customer 329,52,Female,West,Corporate,Home & Kitchen,Cookware Set,2,115.91,0.0,231.82,64.42,Net Banking
ORD-101419,2023-12-14 09:00:00,CUST-1241,Customer 287,34,Female,West,Consumer,Clothing,Sneakers,1,100.6,0.2,80.48,7.44,UPI
ORD-101420,2024-11-24 16:00:00,CUST-1798,Customer 394,31,Male,East,Corporate,Furniture,Office Chair,1,156.02,0.2,124.82,13.82,Net Banking
ORD-101421,2024-12-27 12:00:00,CUST-1380,Customer 514,22,Female,East,Consumer,Office Supplies,Binder,2,6.16,0.05,11.7,3.91,UPI
ORD-101422,2024-03-05 10:00:00,CUST-1031,Customer 827,31,Female,South,Consumer,Office Supplies,Binder,4,6.0,0.0,24.0,5.27,Credit Card
ORD-101423,2024-05-07 17:00:00,CUST-1782,Customer 150,35,Female,West,Consumer,Clothing,Jacket,6,89.89,0.1,485.41,73.74,UPI
ORD-101424,2023-07-06 20:00:00,CUST-1155,Customer 272,29,Female,South,Home Office,Electronics,Headphones,5,86.69,0.0,433.45,90.9,Net Banking
ORD-101425,2024-08-17 18:00:00,CUST-1076,Customer 96,52,Male,Central,Consumer,Electronics,Headphones,2,82.39,0.05,156.54,36.96,Net Banking
ORD-101426,2024-05-05 20:00:00,CUST-1362,Customer 41,31,Female,South,Consumer,Electronics,Tablet,5,336.36,0.0,1681.8,424.67,Credit Card
ORD-101427,2024-10-20 15:00:00,CUST-1496,Customer 636,43,Female,East,Consumer,Furniture,Office Chair,2,134.9,0.1,242.82,42.26,UPI
ORD-101428,2023-07-14 16:00:00,CUST-1503,Customer 262,47,Male,East,Corporate,Office Supplies,Pen Set,4,8.78,0.2,28.1,5.19,Net Banking
ORD-101429,2024-07-28 09:00:00,CUST-1766,Customer 222,21,Male,Central,Corporate,Electronics,Smartwatch,7,200.59,0.0,1404.13,320.75,UPI
ORD-101430,2023-12-10 19:00:00,CUST-1369,Customer 398,26,Female,West,Consumer,Furniture,Sofa,1,550.5,0.1,495.45,123.47,UPI
ORD-101431,2023-05-16 17:00:00,CUST-1101,Customer 430,21,Male,East,Corporate,Furniture,Desk,7,229.62,0.15,1366.24,449.17,Net Banking
ORD-101432,2023-05-05 11:00:00,CUST-1363,Customer 393,53,Female,Central,Consumer,Electronics,Laptop,2,895.74,0.0,1791.48,333.06,UPI
ORD-101433,2024-02-15 12:00:00,CUST-1672,Customer 754,54,Male,East,Consumer,Home & Kitchen,Cookware Set,5,122.05,0.0,610.25,192.94,Credit Card
ORD-101434,2023-08-22 15:00:00,CUST-1009,Customer 614,24,Female,East,Consumer,Office Supplies,Printer Paper,2,20.1,0.0,40.2,14.0,Credit Card
ORD-101435,2023-03-16 08:00:00,CUST-1220,Customer 341,56,Male,South,Consumer,Furniture,Sofa,2,477.72,0.1,859.9,147.5,UPI
ORD-101436,2023-11-08 18:00:00,CUST-1541,Customer 175,60,Female,West,Corporate,Office Supplies,Notebook,4,4.59,0.05,17.44,1.52,UPI
ORD-101437,2024-04-21 11:00:00,CUST-1160,Customer 89,23,Female,West,Corporate,Furniture,Office Chair,3,135.03,0.0,405.09,98.51,Net Banking
ORD-101438,2023-08-21 08:00:00,CUST-1389,Customer 637,24,Male,East,Home Office,Home & Kitchen,Coffee Maker,4,76.47,0.0,305.88,99.1,Cash
ORD-101439,2024-11-28 12:00:00,CUST-1133,Customer 707,59,Other,South,Consumer,Office Supplies,Stapler,2,13.95,0.05,26.5,2.5,Credit Card
ORD-101440,2024-07-23 18:00:00,CUST-1101,Customer 628,34,Male,South,Corporate,Office Supplies,Notebook,7,4.48,0.0,31.36,4.18,Cash
ORD-101441,2024-01-10 11:00:00,CUST-1588,Customer 664,35,Male,East,Home Office,Home & Kitchen,Blender,5,53.35,0.05,253.41,66.54,Credit Card
ORD-101442,2024-11-13 15:00:00,CUST-1623,Customer 574,48,Female,West,Consumer,Clothing,Jacket,6,82.29,0.0,493.74,147.43,Credit Card
ORD-101443,2023-11-13 18:00:00,CUST-1028,Customer 549,21,Female,Central,Consumer,Clothing,Jeans,6,41.51,0.1,224.15,23.18,UPI
ORD-101444,2023-04-12 08:00:00,CUST-1428,Customer 868,40,Female,East,Corporate,Electronics,Smartwatch,6,165.37,0.1,893.0,159.14,UPI
ORD-101445,2023-01-27 17:00:00,CUST-1336,Customer 484,35,Other,West,Corporate,Electronics,Laptop,1,957.94,0.15,814.25,117.63,Credit Card
ORD-101446,2024-11-15 11:00:00,CUST-1294,Customer 813,60,Female,East,Home Office,Clothing,Hoodie,5,45.31,0.0,226.55,77.14,UPI
ORD-101447,2024-12-01 17:00:00,CUST-1557,Customer 677,55,Male,East,Corporate,Office Supplies,Notebook,7,3.43,0.05,22.81,6.03,Net Banking
ORD-101448,2024-06-23 10:00:00,CUST-1510,Customer 398,32,Male,Central,Home Office,Clothing,Jacket,1,88.63,0.1,79.77,16.63,UPI
ORD-101449,2023-03-17 09:00:00,CUST-1111,Customer 318,52,Female,West,Consumer,Clothing,Hoodie,4,40.24,0.05,152.91,47.84,Credit Card
ORD-101450,2023-08-03 18:00:00,CUST-1777,Customer 150,38,Male,West,Corporate,Furniture,Sofa,2,560.09,0.0,1120.18,252.23,Net Banking
ORD-101451,2023-01-30 18:00:00,CUST-1179,Customer 297,43,Female,East,Consumer,Furniture,Lamp,6,39.41,0.0,236.46,77.1,Credit Card
ORD-101452,2023-02-07 20:00:00,CUST-1437,Customer 471,56,Female,West,Consumer,Office Supplies,Notebook,7,4.66,0.05,30.99,4.48,Credit Card
ORD-101453,2023-06-29 16:00:00,CUST-1121,Customer 565,32,Female,South,Consumer,Electronics,Smartwatch,1,216.92,0.05,206.07,18.01,Credit Card
ORD-101454,2024-02-22 14:00:00,CUST-1480,Customer 759,48,Male,West,Corporate,Office Supplies,Notebook,6,4.76,0.15,24.28,4.75,Credit Card
ORD-101455,2023-02-17 10:00:00,CUST-1020,Customer 150,39,Female,West,Consumer,Clothing,Sneakers,3,90.97,0.1,245.62,33.2,Credit Card
ORD-101456,2024-12-19 11:00:00,CUST-1215,Customer 146,51,Male,West,Consumer,Office Supplies,Pen Set,7,7.44,0.1,46.87,14.33,Credit Card
ORD-101457,2023-11-29 16:00:00,CUST-1365,Customer 570,37,Female,South,Corporate,Clothing,Sneakers,1,83.84,0.2,67.07,15.02,UPI
ORD-101458,2023-07-12 12:00:00,CUST-1078,Customer 15,66,Female,Central,Consumer,Office Supplies,Notebook,2,4.45,0.05,8.46,1.34,Credit Card
ORD-101459,2024-01-12 14:00:00,CUST-1397,Customer 780,38,Female,East,Consumer,Clothing,Hoodie,6,36.2,0.0,217.2,62.74,Credit Card
ORD-101460,2024-07-30 10:00:00,CUST-1464,Customer 195,23,Male,East,Corporate,Electronics,Headphones,6,94.04,0.0,564.24,125.41,UPI
ORD-101461,2023-08-17 13:00:00,CUST-1756,Customer 464,43,Male,Central,Home Office,Clothing,Jacket,1,69.14,0.1,62.23,13.43,UPI
ORD-101462,2023-02-04 11:00:00,CUST-1299,Customer 70,30,Male,Central,Corporate,Clothing,Jacket,2,86.74,0.0,173.48,22.35,UPI
ORD-101463,2023-02-07 09:00:00,CUST-1582,Customer 75,41,Female,East,Consumer,Electronics,Laptop,3,866.41,0.15,2209.35,770.42,Credit Card
ORD-101464,2024-09-13 09:00:00,CUST-1211,Customer 805,65,Female,West,Home Office,Office Supplies,Pen Set,1,9.15,0.0,9.15,2.36,Cash
ORD-101465,2023-03-23 14:00:00,CUST-1776,Customer 596,23,Female,Central,Home Office,Home & Kitchen,Towel Pack,6,26.08,0.0,156.48,48.63,Net Banking
ORD-101466,2024-04-08 12:00:00,CUST-1771,Customer 847,20,Male,West,Consumer,Electronics,Tablet,5,339.24,0.1,1526.58,435.27,Credit Card
ORD-101467,2023-10-08 09:00:00,CUST-1605,Customer 782,33,Male,Central,Consumer,Clothing,Hoodie,6,43.75,0.1,236.25,50.98,UPI
ORD-101468,2024-07-21 14:00:00,CUST-1170,Customer 888,40,Female,West,Consumer,Home & Kitchen,Cookware Set,4,111.52,0.15,379.17,31.33,Cash
ORD-101469,2023-02-14 10:00:00,CUST-1783,Customer 177,24,Female,Central,Corporate,Home & Kitchen,Coffee Maker,5,79.12,0.0,395.6,102.86,UPI
ORD-101470,2024-10-17 08:00:00,CUST-1319,Customer 660,54,Female,Central,Home Office,Furniture,Bookshelf,5,102.33,0.0,511.65,54.85,Credit Card
ORD-101471,2024-05-24 09:00:00,CUST-1198,Customer 551,49,Male,South,Consumer,Office Supplies,Stapler,5,11.44,0.05,54.34,18.45,Credit Card
ORD-101472,2023-11-24 13:00:00,CUST-1321,Customer 191,54,Male,Central,Consumer,Home & Kitchen,Coffee Maker,4,60.09,0.15,204.31,30.1,UPI
ORD-101473,2023-06-01 20:00:00,CUST-1134,Customer 178,39,Female,West,Consumer,Office Supplies,Pen Set,5,8.01,0.0,40.05,7.18,UPI
ORD-101474,2024-12-14 11:00:00,CUST-1286,Customer 351,66,Female,Central,Corporate,Electronics,Tablet,5,309.23,0.05,1468.84,336.25,Cash
ORD-101475,2023-08-09 11:00:00,CUST-1313,Customer 737,52,Female,South,Home Office,Electronics,Smartphone,5,704.63,0.0,3523.15,759.96,Credit Card
ORD-101476,2023-12-25 11:00:00,CUST-1797,Customer 420,65,Female,West,Corporate,Clothing,T-Shirt,7,16.94,0.1,106.72,27.42,Credit Card
ORD-101477,2023-10-15 12:00:00,CUST-1393,Customer 228,22,Female,West,Home Office,Furniture,Sofa,3,566.54,0.0,1699.62,495.49,Credit Card
ORD-101478,2023-06-18 17:00:00,CUST-1593,Customer 525,52,Female,East,Consumer,Electronics,Smartwatch,7,226.13,0.2,1266.33,360.35,UPI
ORD-101479,2023-11-01 12:00:00,CUST-1659,Customer 566,35,Female,Central,Corporate,Furniture,Desk,1,256.98,0.0,256.98,83.57,UPI
ORD-101480,2023-04-21 16:00:00,CUST-1755,Customer 556,28,Male,West,Home Office,Clothing,Sneakers,4,90.09,0.05,342.34,70.82,Credit Card
ORD-101481,2023-01-02 19:00:00,CUST-1433,Customer 530,27,Male,East,Corporate,Office Supplies,Binder,4,5.66,0.1,20.38,4.57,UPI
ORD-101482,2023-07-31 20:00:00,CUST-1467,Customer 344,28,Female,West,Home Office,Home & Kitchen,Storage Box,7,18.12,0.0,126.84,40.08,Cash
ORD-101483,2023-03-23 15:00:00,CUST-1761,Customer 337,22,Female,South,Consumer,Clothing,Sneakers,1,93.12,0.0,93.12,14.55,Net Banking
ORD-101484,2023-10-30 17:00:00,CUST-1544,Customer 342,41,Female,East,Consumer,Home & Kitchen,Cookware Set,2,143.04,0.05,271.78,39.79,Net Banking
ORD-101485,2024-09-21 19:00:00,CUST-1230,Customer 810,58,Male,West,Consumer,Home & Kitchen,Blender,4,54.01,0.05,205.24,16.92,UPI
ORD-101486,2023-04-29 18:00:00,CUST-1475,Customer 389,42,Female,South,Home Office,Electronics,Headphones,6,69.65,0.1,376.11,105.08,Net Banking
ORD-101487,2023-01-01 11:00:00,CUST-1463,Customer 811,24,Male,South,Consumer,Office Supplies,Binder,4,7.2,0.05,27.36,7.27,UPI
ORD-101488,2023-03-23 09:00:00,CUST-1468,Customer 285,54,Male,West,Corporate,Electronics,Tablet,5,388.75,0.0,1943.75,300.73,Credit Card
ORD-101489,2024-01-06 09:00:00,CUST-1521,Customer 306,27,Female,East,Consumer,Home & Kitchen,Towel Pack,2,20.41,0.15,34.7,3.99,Net Banking
ORD-101490,2023-07-20 19:00:00,CUST-1345,Customer 315,63,Female,West,Corporate,Electronics,Tablet,7,375.35,0.0,2627.45,240.37,Credit Card
ORD-101491,2023-12-24 15:00:00,CUST-1124,Customer 313,37,Male,West,Corporate,Office Supplies,Stapler,6,10.2,0.05,58.14,12.31,Credit Card
ORD-101492,2023-01-22 11:00:00,CUST-1291,Customer 293,18,Female,West,Consumer,Clothing,T-Shirt,1,18.81,0.15,15.99,2.11,Credit Card
ORD-101493,2023-09-01 12:00:00,CUST-1628,Customer 589,33,Female,Central,Consumer,Electronics,Headphones,5,78.16,0.15,332.18,97.73,UPI
ORD-101494,2023-10-27 11:00:00,CUST-1799,Customer 866,61,Male,Central,Corporate,Clothing,Jeans,1,44.26,0.0,44.26,14.89,UPI
ORD-101495,2023-11-11 18:00:00,CUST-1511,Customer 256,65,Male,Central,Home Office,Electronics,Tablet,4,318.1,0.0,1272.4,368.68,UPI
ORD-101496,2024-02-07 15:00:00,CUST-1622,Customer 275,39,Female,South,Consumer,Furniture,Sofa,5,454.17,0.05,2157.31,668.62,Credit Card
ORD-101497,2024-07-23 19:00:00,CUST-1153,Customer 274,69,Female,Central,Consumer,Office Supplies,Stapler,7,12.11,0.0,84.77,29.46,Credit Card
ORD-101498,2023-12-08 11:00:00,CUST-1627,Customer 218,30,Female,West,Home Office,Furniture,Desk,1,206.11,0.1,185.5,51.94,Credit Card
ORD-101499,2024-09-06 14:00:00,CUST-1330,Customer 19,39,Male,East,Consumer,Office Supplies,Notebook,3,4.05,0.05,11.54,2.69,Credit Card
ORD-101500,2024-01-22 09:00:00,CUST-1562,Customer 4,41,Female,South,Consumer,Home & Kitchen,Blender,5,57.86,0.0,289.3,86.41,Credit Card
ORD-101501,2023-07-10 20:00:00,CUST-1512,Customer 85,28,Female,Central,Home Office,Furniture,Desk,2,241.76,0.0,483.52,112.29,Credit Card
ORD-101502,2023-06-17 14:00:00,CUST-1608,Customer 134,37,Male,West,Corporate,Office Supplies,Pen Set,5,8.7,0.05,41.32,8.13,Net Banking
ORD-101503,2023-08-24 15:00:00,CUST-1586,Customer 592,43,Female,East,Consumer,Home & Kitchen,Coffee Maker,2,65.43,0.1,117.77,10.46,Cash
ORD-101504,2024-03-12 13:00:00,CUST-1516,Customer 117,54,Male,Central,Home Office,Clothing,Hoodie,2,34.55,0.0,69.1,17.52,Credit Card
ORD-101505,2023-06-27 11:00:00,CUST-1333,Customer 289,43,Female,East,Corporate,Electronics,Smartwatch,4,216.87,0.0,867.48,279.61,Credit Card
ORD-101506,2024-10-29 20:00:00,CUST-1651,Customer 418,23,Male,Central,Consumer,Home & Kitchen,Cookware Set,5,138.64,0.0,693.2,185.19,Net Banking
ORD-101507,2023-12-17 14:00:00,CUST-1577,Customer 74,42,Male,East,Consumer,Electronics,Laptop,2,1013.72,0.05,1926.07,364.26,UPI
ORD-101508,2024-09-22 16:00:00,CUST-1110,Customer 429,62,Male,Central,Home Office,Office Supplies,Binder,7,7.12,0.1,44.86,11.06,Cash
ORD-101509,2024-05-13 08:00:00,CUST-1208,Customer 837,19,Male,West,Corporate,Office Supplies,Printer Paper,7,19.29,0.15,114.78,34.38,Net Banking
ORD-101510,2023-09-01 11:00:00,CUST-1215,Customer 7,69,Male,West,Corporate,Clothing,Jacket,1,87.22,0.2,69.78,19.98,Credit Card
ORD-101511,2023-06-16 18:00:00,CUST-1244,Customer 266,24,Male,South,Consumer,Electronics,Headphones,3,80.54,0.05,229.54,48.8,Credit Card
ORD-101512,2024-06-27 09:00:00,CUST-1562,Customer 81,18,Female,East,Consumer,Electronics,Headphones,4,90.05,0.15,306.17,54.39,Credit Card
ORD-101513,2023-08-30 09:00:00,CUST-1009,Customer 188,25,Male,East,Corporate,Clothing,Hoodie,4,47.37,0.0,189.48,35.46,UPI
ORD-101514,2023-06-30 18:00:00,CUST-1208,Customer 757,31,Male,East,Consumer,Electronics,Smartwatch,2,214.45,0.05,407.46,132.48,Net Banking
ORD-101515,2024-11-10 12:00:00,CUST-1390,Customer 470,36,Male,East,Corporate,Office Supplies,Stapler,4,11.95,0.05,45.41,5.72,Credit Card
ORD-101516,2023-12-19 11:00:00,CUST-1142,Customer 311,61,Other,West,Consumer,Clothing,Sneakers,7,83.49,0.1,525.99,164.64,Net Banking
ORD-101517,2023-02-05 15:00:00,CUST-1150,Customer 747,48,Male,East,Consumer,Office Supplies,Binder,3,5.71,0.1,15.42,2.05,UPI
ORD-101518,2023-12-28 10:00:00,CUST-1344,Customer 826,51,Female,West,Consumer,Electronics,Smartphone,2,606.65,0.0,1213.3,418.39,UPI
ORD-101519,2023-12-03 08:00:00,CUST-1481,Customer 785,63,Male,Central,Corporate,Furniture,Lamp,6,39.8,0.15,202.98,40.81,UPI
ORD-101520,2024-09-22 08:00:00,CUST-1267,Customer 459,24,Male,South,Consumer,Home & Kitchen,Towel Pack,4,24.1,0.15,81.94,22.78,UPI
ORD-101521,2024-06-03 09:00:00,CUST-1772,Customer 275,29,Female,East,Consumer,Furniture,Office Chair,5,131.24,0.15,557.77,154.46,UPI
ORD-101522,2023-05-20 10:00:00,CUST-1335,Customer 458,68,Female,South,Corporate,Electronics,Tablet,5,373.67,0.05,1774.93,512.22,Cash
ORD-101523,2023-04-20 17:00:00,CUST-1799,Customer 668,58,Female,South,Corporate,Electronics,Smartwatch,6,186.73,0.2,896.3,262.74,UPI
ORD-101524,2024-03-16 11:00:00,CUST-1450,Customer 392,21,Male,Central,Home Office,Furniture,Desk,6,229.95,0.1,1241.73,112.44,Credit Card
ORD-101525,2023-02-04 08:00:00,CUST-1299,Customer 471,29,Male,Central,Consumer,Home & Kitchen,Coffee Maker,5,68.57,0.05,325.71,50.09,UPI
ORD-101526,2023-08-21 08:00:00,CUST-1091,Customer 695,37,Male,West,Consumer,Furniture,Lamp,4,36.14,0.0,144.56,20.53,UPI
ORD-101527,2023-04-11 14:00:00,CUST-1586,Customer 536,19,Male,East,Home Office,Electronics,Tablet,4,375.85,0.1,1353.06,363.46,Net Banking
ORD-101528,2023-01-16 18:00:00,CUST-1430,Customer 680,48,Female,South,Consumer,Office Supplies,Notebook,2,4.42,0.1,7.96,2.11,Credit Card
ORD-101529,2024-11-01 12:00:00,CUST-1768,Customer 396,51,Male,South,Corporate,Electronics,Smartwatch,4,211.59,0.05,804.04,128.81,Credit Card
ORD-101530,2023-03-07 08:00:00,CUST-1773,Customer 725,35,Male,West,Consumer,Electronics,Laptop,5,838.83,0.2,3355.32,987.32,Credit Card
ORD-101531,2023-01-07 10:00:00,CUST-1418,Customer 160,29,Male,East,Home Office,Home & Kitchen,Coffee Maker,6,76.42,0.0,458.52,75.26,Cash
ORD-101532,2024-11-12 14:00:00,CUST-1196,Customer 626,40,Male,East,Home Office,Clothing,Jacket,6,70.02,0.05,399.11,68.88,UPI
ORD-101533,2023-05-18 10:00:00,CUST-1267,Customer 738,65,Male,West,Consumer,Electronics,Smartphone,3,630.6,0.0,1891.8,355.07,Credit Card
ORD-101534,2024-08-19 20:00:00,CUST-1057,Customer 376,55,Male,South,Consumer,Furniture,Bookshelf,6,94.87,0.05,540.76,151.97,UPI
ORD-101535,2023-01-23 17:00:00,CUST-1124,Customer 490,66,Female,East,Consumer,Electronics,Headphones,4,87.22,0.0,348.88,29.02,UPI
ORD-101536,2023-04-23 12:00:00,CUST-1330,Customer 553,46,Female,Central,Consumer,Electronics,Headphones,3,93.54,0.0,280.62,91.13,UPI
ORD-101537,2023-03-22 20:00:00,CUST-1140,Customer 362,23,Male,South,Consumer,Office Supplies,Binder,2,5.74,0.0,11.48,3.06,UPI
ORD-101538,2024-05-30 12:00:00,CUST-1685,Customer 433,21,Male,West,Consumer,Office Supplies,Notebook,2,4.58,0.0,9.16,2.18,UPI
ORD-101539,2024-03-28 09:00:00,CUST-1683,Customer 608,28,Female,Central,Corporate,Clothing,Sneakers,5,81.51,0.0,407.55,58.72,Credit Card
ORD-101540,2023-12-14 20:00:00,CUST-1140,Customer 670,45,Male,West,Consumer,Home & Kitchen,Coffee Maker,2,73.02,0.1,131.44,38.39,Credit Card
ORD-101541,2023-06-26 20:00:00,CUST-1207,Customer 383,28,Female,East,Consumer,Electronics,Laptop,1,968.86,0.0,968.86,305.82,UPI
ORD-101542,2023-03-06 12:00:00,CUST-1661,Customer 796,34,Female,West,Home Office,Home & Kitchen,Cookware Set,2,132.37,0.0,264.74,57.03,Credit Card
ORD-101543,2024-02-20 15:00:00,CUST-1216,Customer 764,65,Female,East,Consumer,Office Supplies,Pen Set,7,9.22,0.0,64.54,10.26,Credit Card
ORD-101544,2023-06-18 10:00:00,CUST-1208,Customer 654,20,Female,Central,Home Office,Electronics,Laptop,2,964.93,0.0,1929.86,352.68,Credit Card
ORD-101545,2024-03-06 16:00:00,CUST-1597,Customer 122,22,Male,West,Corporate,Clothing,Jacket,2,71.0,0.0,142.0,27.32,UPI
ORD-101546,2024-05-16 16:00:00,CUST-1321,Customer 346,38,Male,South,Consumer,Electronics,Tablet,3,407.16,0.15,1038.26,168.82,Cash
ORD-101547,2024-09-12 17:00:00,CUST-1669,Customer 27,57,Female,Central,Corporate,Office Supplies,Stapler,3,14.14,0.05,40.3,10.97,Cash
ORD-101548,2023-12-27 15:00:00,CUST-1423,Customer 836,60,Male,South,Home Office,Clothing,Sneakers,7,85.05,0.0,595.35,102.63,Credit Card
ORD-101549,2023-01-04 17:00:00,CUST-1166,Customer 512,32,Male,Central,Home Office,Electronics,Laptop,2,736.54,0.05,1399.43,422.25,Credit Card
ORD-101550,2023-07-24 15:00:00,CUST-1122,Customer 300,33,Female,Central,Consumer,Home & Kitchen,Blender,3,52.59,0.0,157.77,32.37,Net Banking
ORD-101551,2024-09-14 18:00:00,CUST-1550,Customer 231,48,Female,West,Consumer,Electronics,Smartphone,3,708.45,0.1,1912.82,477.86,Credit Card
ORD-101552,2024-01-25 10:00:00,CUST-1358,Customer 614,63,Male,West,Consumer,Clothing,Sneakers,2,100.54,0.2,160.86,54.04,Cash
ORD-101553,2024-03-27 14:00:00,CUST-1357,Customer 107,27,Female,Central,Consumer,Electronics,Tablet,3,387.97,0.0,1163.91,233.29,Credit Card
ORD-101554,2023-12-01 13:00:00,CUST-1544,Customer 328,64,Male,Central,Consumer,Electronics,Laptop,2,840.53,0.0,1681.06,211.8,UPI
ORD-101555,2023-04-29 14:00:00,CUST-1221,Customer 28,59,Female,Central,Home Office,Furniture,Bookshelf,6,78.28,0.05,446.2,101.95,UPI
ORD-101556,2024-10-16 09:00:00,CUST-1799,Customer 672,31,Male,East,Corporate,Home & Kitchen,Coffee Maker,6,72.18,0.0,433.08,92.72,UPI
ORD-101557,2024-07-18 12:00:00,CUST-1416,Customer 693,52,Female,East,Corporate,Electronics,Smartwatch,2,186.53,0.0,373.06,108.67,UPI
ORD-101558,2024-12-27 20:00:00,CUST-1688,Customer 669,50,Female,East,Corporate,Home & Kitchen,Coffee Maker,4,62.51,0.05,237.54,74.17,Credit Card
ORD-101559,2024-09-16 09:00:00,CUST-1621,Customer 863,19,Male,East,Consumer,Electronics,Headphones,2,70.96,0.05,134.82,36.73,Credit Card
ORD-101560,2023-08-01 16:00:00,CUST-1486,Customer 439,38,Female,Central,Consumer,Furniture,Lamp,7,31.62,0.0,221.34,75.76,UPI
ORD-101561,2023-07-05 16:00:00,CUST-1079,Customer 554,30,Male,West,Corporate,Furniture,Bookshelf,1,82.98,0.1,74.68,11.4,Cash
ORD-101562,2023-07-01 14:00:00,CUST-1589,Customer 778,21,Female,West,Consumer,Electronics,Smartwatch,3,211.63,0.0,634.89,91.79,UPI
ORD-101563,2024-11-01 08:00:00,CUST-1056,Customer 695,42,Male,East,Consumer,Home & Kitchen,Towel Pack,3,21.64,0.0,64.92,10.3,UPI
ORD-101564,2024-02-11 08:00:00,CUST-1589,Customer 415,54,Male,Central,Consumer,Furniture,Bookshelf,3,90.26,0.1,243.7,63.64,Net Banking
ORD-101565,2023-11-28 11:00:00,CUST-1729,Customer 754,45,Male,East,Consumer,Clothing,Jeans,7,47.67,0.05,317.01,45.26,Credit Card
ORD-101566,2024-12-07 09:00:00,CUST-1426,Customer 694,22,Male,East,Consumer,Office Supplies,Binder,4,7.12,0.05,27.06,2.81,Credit Card
ORD-101567,2024-03-16 09:00:00,CUST-1770,Customer 725,61,Female,South,Consumer,Office Supplies,Pen Set,3,8.92,0.05,25.42,8.74,Credit Card
ORD-101568,2024-10-25 10:00:00,CUST-1501,Customer 438,21,Female,Central,Home Office,Office Supplies,Binder,6,6.46,0.05,36.82,6.07,Cash
ORD-101569,2024-12-19 10:00:00,CUST-1422,Customer 294,38,Female,East,Corporate,Home & Kitchen,Storage Box,6,17.77,0.15,90.63,12.69,Credit Card
ORD-101570,2023-02-27 18:00:00,CUST-1425,Customer 701,47,Female,East,Home Office,Clothing,Jacket,2,82.63,0.05,157.0,27.77,Credit Card
ORD-101571,2023-09-21 16:00:00,CUST-1114,Customer 3,66,Female,West,Home Office,Office Supplies,Binder,4,6.55,0.0,26.2,3.22,Credit Card
ORD-101572,2024-06-19 08:00:00,CUST-1053,Customer 790,57,Male,Central,Corporate,Office Supplies,Printer Paper,3,18.43,0.1,49.76,4.46,Credit Card
ORD-101573,2024-08-16 16:00:00,CUST-1062,Customer 565,28,Female,East,Consumer,Office Supplies,Printer Paper,4,18.87,0.0,75.48,12.26,UPI
ORD-101574,2023-04-19 09:00:00,CUST-1716,Customer 746,40,Female,Central,Consumer,Furniture,Office Chair,3,141.61,0.1,382.35,65.47,Credit Card
ORD-101575,2023-08-21 13:00:00,CUST-1124,Customer 852,62,Male,West,Consumer,Office Supplies,Notebook,6,3.95,0.0,23.7,7.09,UPI
ORD-101576,2024-02-05 08:00:00,CUST-1509,Customer 657,30,Male,Central,Corporate,Furniture,Office Chair,7,132.27,0.05,879.6,173.83,UPI
ORD-101577,2024-08-06 09:00:00,CUST-1226,Customer 798,65,Male,Central,Corporate,Clothing,T-Shirt,1,17.54,0.1,15.79,4.4,Credit Card
ORD-101578,2023-03-24 09:00:00,CUST-1306,Customer 575,45,Male,South,Consumer,Home & Kitchen,Storage Box,6,16.0,0.05,91.2,25.41,Credit Card
ORD-101579,2024-03-14 13:00:00,CUST-1547,Customer 5,50,Female,East,Consumer,Home & Kitchen,Blender,7,57.9,0.0,405.3,118.76,Credit Card
ORD-101580,2023-08-05 14:00:00,CUST-1697,Customer 340,52,Male,East,Consumer,Clothing,T-Shirt,3,18.45,0.0,55.35,18.15,UPI
ORD-101581,2023-06-07 12:00:00,CUST-1088,Customer 813,68,Female,East,Consumer,Office Supplies,Binder,4,5.33,0.1,19.19,4.12,UPI
ORD-101582,2024-01-12 16:00:00,CUST-1419,Customer 205,53,Male,East,Consumer,Clothing,Jeans,1,43.6,0.2,34.88,3.77,Credit Card
ORD-101583,2023-10-30 17:00:00,CUST-1109,Customer 10,39,Male,West,Home Office,Electronics,Tablet,3,333.77,0.05,951.24,86.03,Credit Card
ORD-101584,2024-04-09 17:00:00,CUST-1161,Customer 378,48,Male,East,Consumer,Office Supplies,Binder,2,6.58,0.0,13.16,1.72,Credit Card
ORD-101585,2023-08-20 15:00:00,CUST-1570,Customer 478,54,Male,South,Home Office,Electronics,Headphones,7,77.32,0.0,541.24,164.48,Net Banking
ORD-101586,2024-08-23 15:00:00,CUST-1023,Customer 448,49,Female,South,Corporate,Electronics,Tablet,1,289.95,0.05,275.45,64.75,Net Banking
ORD-101587,2023-02-27 14:00:00,CUST-1205,Customer 767,18,Female,Central,Consumer,Home & Kitchen,Storage Box,3,14.07,0.0,42.21,4.97,UPI
ORD-101588,2024-09-21 11:00:00,CUST-1446,Customer 160,64,Male,West,Consumer,Home & Kitchen,Blender,4,56.32,0.15,191.49,22.18,Net Banking
ORD-101589,2023-01-22 14:00:00,CUST-1172,Customer 375,32,Male,Central,Consumer,Office Supplies,Notebook,7,3.66,0.05,24.34,7.81,Credit Card
ORD-101590,2024-06-21 08:00:00,CUST-1308,Customer 536,51,Female,Central,Corporate,Electronics,Smartphone,6,634.33,0.0,3805.98,838.87,UPI
ORD-101591,2023-09-10 20:00:00,CUST-1466,Customer 615,47,Female,Central,Corporate,Clothing,Jacket,7,78.82,0.0,551.74,69.75,UPI
ORD-101592,2023-10-07 12:00:00,CUST-1721,Customer 756,24,Female,East,Consumer,Furniture,Sofa,3,564.82,0.0,1694.46,545.82,UPI
ORD-101593,2023-01-14 17:00:00,CUST-1063,Customer 210,63,Male,South,Consumer,Clothing,T-Shirt,2,19.43,0.05,36.92,10.14,UPI
ORD-101594,2024-05-27 20:00:00,CUST-1406,Customer 795,22,Female,West,Consumer,Home & Kitchen,Blender,4,47.35,0.05,179.93,37.6,UPI
ORD-101595,2023-05-01 14:00:00,CUST-1503,Customer 873,67,Male,East,Consumer,Furniture,Desk,3,216.32,0.0,648.96,133.41,Net Banking
ORD-101596,2024-04-26 19:00:00,CUST-1383,Customer 891,65,Male,West,Corporate,Electronics,Smartphone,1,699.18,0.05,664.22,173.77,Credit Card
ORD-101597,2024-06-13 14:00:00,CUST-1015,Customer 40,48,Female,East,Corporate,Electronics,Tablet,6,320.01,0.0,1920.06,328.99,Credit Card
ORD-101598,2024-09-09 09:00:00,CUST-1608,Customer 332,67,Male,South,Consumer,Electronics,Smartphone,1,727.72,0.05,691.33,241.95,Credit Card
ORD-101599,2024-05-31 08:00:00,CUST-1186,Customer 569,62,Male,Central,Corporate,Furniture,Lamp,2,36.23,0.15,61.59,17.97,Credit Card
ORD-101600,2023-08-09 09:00:00,CUST-1079,Customer 261,64,Male,South,Consumer,Electronics,Laptop,7,750.0,0.0,5250.0,1328.56,Credit Card
ORD-101601,2024-06-23 20:00:00,CUST-1360,Customer 32,59,Male,South,Corporate,Electronics,Laptop,6,794.4,0.0,4766.4,1266.01,Credit Card
ORD-101602,2024-08-25 14:00:00,CUST-1152,Customer 238,66,Female,Central,Consumer,Electronics,Tablet,5,396.85,0.15,1686.61,588.53,UPI
ORD-101603,2023-08-20 12:00:00,CUST-1504,Customer 38,58,Male,South,Corporate,Electronics,Smartphone,1,742.15,0.0,742.15,61.53,UPI
ORD-101604,2023-04-01 13:00:00,CUST-1431,Customer 664,63,Female,South,Consumer,Clothing,T-Shirt,2,20.74,0.0,41.48,3.57,UPI
ORD-101605,2024-10-11 11:00:00,CUST-1163,Customer 244,23,Female,East,Corporate,Electronics,Headphones,2,76.98,0.1,138.56,40.45,Credit Card
ORD-101606,2023-04-18 19:00:00,CUST-1735,Customer 597,40,Male,East,Corporate,Home & Kitchen,Blender,5,61.55,0.05,292.36,39.92,Credit Card
ORD-101607,2024-03-09 20:00:00,CUST-1703,Customer 14,42,Male,West,Consumer,Electronics,Laptop,4,788.61,0.15,2681.27,710.52,UPI
ORD-101608,2023-06-22 09:00:00,CUST-1251,Customer 713,65,Male,Central,Consumer,Electronics,Headphones,3,78.77,0.05,224.49,48.47,Credit Card
ORD-101609,2023-04-02 17:00:00,CUST-1735,Customer 187,43,Male,Central,Corporate,Electronics,Headphones,6,87.52,0.05,498.86,82.83,Credit Card
ORD-101610,2024-07-20 12:00:00,CUST-1260,Customer 216,40,Male,West,Consumer,Clothing,Jacket,6,89.18,0.0,535.08,76.23,UPI
ORD-101611,2023-04-15 08:00:00,CUST-1384,Customer 139,58,Female,South,Corporate,Electronics,Headphones,6,80.3,0.0,481.8,139.59,Credit Card
ORD-101612,2024-05-04 19:00:00,CUST-1452,Customer 75,51,Male,Central,Consumer,Office Supplies,Notebook,1,4.09,0.05,3.89,0.49,Credit Card
ORD-101613,2024-05-20 08:00:00,CUST-1217,Customer 820,48,Female,West,Consumer,Electronics,Smartphone,5,574.78,0.0,2873.9,353.07,Net Banking
ORD-101614,2023-02-13 10:00:00,CUST-1480,Customer 843,65,Female,Central,Corporate,Home & Kitchen,Coffee Maker,2,69.38,0.05,131.82,26.27,UPI
ORD-101615,2023-05-07 08:00:00,CUST-1088,Customer 38,60,Male,South,Consumer,Electronics,Smartphone,2,540.68,0.0,1081.36,121.33,Net Banking
ORD-101616,2024-08-02 14:00:00,CUST-1484,Customer 245,54,Male,West,Consumer,Furniture,Bookshelf,7,103.55,0.0,724.85,183.54,UPI
ORD-101617,2024-01-06 15:00:00,CUST-1750,Customer 551,67,Male,West,Consumer,Home & Kitchen,Coffee Maker,3,60.07,0.05,171.2,59.55,Credit Card
ORD-101618,2023-03-30 12:00:00,CUST-1258,Customer 510,20,Male,Central,Home Office,Electronics,Smartwatch,6,206.95,0.05,1179.61,332.58,UPI
ORD-101619,2024-12-24 08:00:00,CUST-1106,Customer 603,46,Male,West,Consumer,Electronics,Tablet,2,321.51,0.0,643.02,156.17,Net Banking
ORD-101620,2023-07-13 09:00:00,CUST-1463,Customer 816,19,Female,East,Corporate,Clothing,Sneakers,7,86.41,0.1,544.38,101.56,Net Banking
ORD-101621,2023-01-03 20:00:00,CUST-1238,Customer 739,59,Male,South,Corporate,Electronics,Smartphone,2,588.1,0.0,1176.2,407.86,UPI
ORD-101622,2024-11-05 18:00:00,CUST-1594,Customer 283,24,Male,East,Consumer,Electronics,Headphones,2,79.2,0.0,158.4,50.31,Credit Card
ORD-101623,2023-01-13 20:00:00,CUST-1263,Customer 331,47,Male,East,Consumer,Furniture,Bookshelf,3,93.72,0.15,238.99,72.07,UPI
ORD-101624,2024-02-08 14:00:00,CUST-1050,Customer 304,58,Female,South,Consumer,Electronics,Smartwatch,2,204.12,0.15,347.0,49.31,Credit Card
ORD-101625,2024-12-25 15:00:00,CUST-1214,Customer 164,50,Male,Central,Consumer,Home & Kitchen,Coffee Maker,5,82.54,0.0,412.7,46.79,Credit Card
ORD-101626,2024-02-26 18:00:00,CUST-1661,Customer 511,21,Female,West,Home Office,Office Supplies,Notebook,2,3.87,0.0,7.74,0.99,Credit Card
ORD-101627,2024-03-02 16:00:00,CUST-1001,Customer 110,42,Female,West,Corporate,Office Supplies,Printer Paper,2,18.98,0.15,32.27,4.84,Credit Card
ORD-101628,2023-10-11 13:00:00,CUST-1708,Customer 104,58,Male,East,Home Office,Electronics,Smartwatch,5,221.46,0.05,1051.94,107.36,UPI
ORD-101629,2023-04-03 11:00:00,CUST-1165,Customer 129,67,Female,East,Corporate,Clothing,T-Shirt,1,17.13,0.0,17.13,5.48,Net Banking
ORD-101630,2024-02-23 14:00:00,CUST-1218,Customer 670,64,Male,South,Consumer,Office Supplies,Printer Paper,4,20.75,0.0,83.0,10.79,UPI
ORD-101631,2024-10-17 08:00:00,CUST-1598,Customer 472,60,Female,East,Corporate,Electronics,Laptop,5,1007.37,0.0,5036.85,711.13,UPI
ORD-101632,2023-03-08 10:00:00,CUST-1746,Customer 274,33,Male,East,Consumer,Home & Kitchen,Towel Pack,4,25.23,0.1,90.83,29.05,Cash
ORD-101633,2024-10-04 17:00:00,CUST-1164,Customer 537,57,Female,Central,Corporate,Office Supplies,Printer Paper,1,18.89,0.05,17.95,6.08,Credit Card
ORD-101634,2023-10-30 19:00:00,CUST-1729,Customer 646,26,Female,South,Home Office,Clothing,T-Shirt,2,19.85,0.0,39.7,5.55,UPI
ORD-101635,2024-01-27 09:00:00,CUST-1611,Customer 709,35,Female,Central,Consumer,Electronics,Smartwatch,7,193.49,0.0,1354.43,215.94,UPI
ORD-101636,2023-05-01 09:00:00,CUST-1021,Customer 415,32,Female,East,Corporate,Electronics,Laptop,6,900.18,0.0,5401.08,1598.87,Credit Card
ORD-101637,2024-03-29 09:00:00,CUST-1332,Customer 724,43,Male,East,Consumer,Clothing,Jeans,3,53.6,0.1,144.72,49.49,Credit Card
ORD-101638,2023-05-14 18:00:00,CUST-1202,Customer 290,63,Female,South,Home Office,Clothing,Sneakers,7,79.72,0.15,474.33,121.15,UPI
ORD-101639,2023-07-19 12:00:00,CUST-1064,Customer 758,62,Male,Central,Consumer,Furniture,Desk,1,248.03,0.05,235.63,47.01,Cash
ORD-101640,2024-06-10 12:00:00,CUST-1739,Customer 173,64,Male,South,Consumer,Electronics,Tablet,1,349.24,0.1,314.32,82.39,Credit Card
ORD-101641,2023-02-06 08:00:00,CUST-1661,Customer 144,66,Male,West,Home Office,Clothing,Hoodie,7,36.48,0.0,255.36,74.23,UPI
ORD-101642,2023-11-23 20:00:00,CUST-1699,Customer 684,19,Female,Central,Consumer,Electronics,Tablet,5,365.58,0.05,1736.5,191.74,UPI
ORD-101643,2024-03-10 13:00:00,CUST-1508,Customer 671,69,Female,South,Consumer,Furniture,Office Chair,5,157.83,0.0,789.15,155.88,Net Banking
ORD-101644,2023-04-07 18:00:00,CUST-1583,Customer 789,63,Female,West,Corporate,Office Supplies,Notebook,3,4.2,0.0,12.6,3.92,Cash
ORD-101645,2023-08-04 17:00:00,CUST-1489,Customer 66,56,Female,West,Corporate,Electronics,Laptop,6,971.64,0.05,5538.35,1497.93,Credit Card
ORD-101646,2023-09-08 09:00:00,CUST-1037,Customer 812,22,Female,East,Consumer,Electronics,Headphones,5,78.24,0.1,352.08,42.78,UPI
ORD-101647,2024-04-29 18:00:00,CUST-1120,Customer 792,56,Female,Central,Consumer,Electronics,Headphones,4,93.59,0.0,374.36,106.28,Net Banking
ORD-101648,2024-12-13 15:00:00,CUST-1710,Customer 503,53,Male,East,Consumer,Home & Kitchen,Towel Pack,3,23.69,0.05,67.52,17.57,Credit Card
ORD-101649,2024-09-02 15:00:00,CUST-1498,Customer 473,22,Female,East,Consumer,Furniture,Desk,3,248.84,0.15,634.54,96.1,Cash
ORD-101650,2023-05-19 10:00:00,CUST-1259,Customer 137,28,Male,Central,Home Office,Office Supplies,Notebook,5,3.78,0.1,17.01,2.94,UPI
ORD-101651,2023-01-14 19:00:00,CUST-1637,Customer 577,57,Male,Central,Corporate,Home & Kitchen,Towel Pack,5,22.14,0.05,105.16,17.34,UPI
ORD-101652,2023-02-07 20:00:00,CUST-1422,Customer 691,26,Female,West,Corporate,Office Supplies,Printer Paper,6,21.03,0.0,126.18,43.93,UPI
ORD-101653,2024-03-10 13:00:00,CUST-1797,Customer 558,36,Male,South,Consumer,Office Supplies,Printer Paper,3,15.62,0.1,42.17,5.47,UPI
ORD-101654,2023-04-25 09:00:00,CUST-1398,Customer 200,49,Female,East,Home Office,Office Supplies,Pen Set,2,7.93,0.0,15.86,4.82,Credit Card
ORD-101655,2023-06-18 19:00:00,CUST-1536,Customer 502,62,Female,West,Consumer,Furniture,Bookshelf,4,101.08,0.0,404.32,90.27,Cash
ORD-101656,2024-09-10 19:00:00,CUST-1786,Customer 146,32,Female,Central,Home Office,Office Supplies,Binder,5,6.66,0.0,33.3,10.58,UPI
ORD-101657,2024-09-29 14:00:00,CUST-1345,Customer 471,18,Female,Central,Home Office,Home & Kitchen,Towel Pack,2,25.26,0.05,47.99,16.56,Net Banking
ORD-101658,2024-09-04 15:00:00,CUST-1742,Customer 792,62,Female,Central,Home Office,Clothing,Hoodie,1,44.35,0.05,42.13,14.3,Credit Card
ORD-101659,2023-07-05 10:00:00,CUST-1655,Customer 829,66,Male,Central,Consumer,Furniture,Bookshelf,3,106.33,0.1,287.09,89.18,Cash
ORD-101660,2024-03-28 08:00:00,CUST-1028,Customer 647,62,Male,Central,Consumer,Furniture,Office Chair,1,143.41,0.05,136.24,26.11,Credit Card
ORD-101661,2024-03-21 20:00:00,CUST-1040,Customer 314,43,Female,South,Corporate,Home & Kitchen,Towel Pack,1,23.51,0.2,18.81,2.88,Cash
ORD-101662,2023-05-16 14:00:00,CUST-1073,Customer 311,55,Male,South,Consumer,Electronics,Headphones,7,91.74,0.05,610.07,101.43,Net Banking
ORD-101663,2024-02-09 11:00:00,CUST-1335,Customer 701,24,Female,South,Consumer,Clothing,T-Shirt,6,19.72,0.05,112.4,28.81,Cash
ORD-101664,2024-01-19 17:00:00,CUST-1648,Customer 13,51,Other,West,Corporate,Electronics,Laptop,1,752.86,0.0,752.86,129.72,UPI
ORD-101665,2023-10-17 08:00:00,CUST-1585,Customer 326,49,Male,Central,Corporate,Clothing,Jeans,3,44.03,0.0,132.09,26.08,Credit Card
ORD-101666,2024-07-02 09:00:00,CUST-1590,Customer 499,51,Female,West,Consumer,Clothing,T-Shirt,2,18.78,0.05,35.68,3.62,Net Banking
ORD-101667,2024-05-09 11:00:00,CUST-1287,Customer 42,53,Male,Central,Consumer,Office Supplies,Printer Paper,7,20.05,0.1,126.32,36.4,Credit Card
ORD-101668,2024-01-24 13:00:00,CUST-1035,Customer 723,64,Male,East,Corporate,Electronics,Smartwatch,4,197.65,0.0,790.6,87.04,Credit Card
ORD-101669,2024-06-13 12:00:00,CUST-1047,Customer 340,58,Female,West,Consumer,Clothing,Jeans,2,50.5,0.05,95.95,16.41,Credit Card
ORD-101670,2024-07-11 10:00:00,CUST-1110,Customer 750,19,Male,South,Corporate,Furniture,Office Chair,5,160.04,0.0,800.2,191.58,UPI
ORD-101671,2024-02-18 12:00:00,CUST-1088,Customer 136,54,Female,Central,Corporate,Furniture,Office Chair,4,131.99,0.0,527.96,117.96,Cash
ORD-101672,2023-07-15 12:00:00,CUST-1757,Customer 34,55,Male,East,Home Office,Office Supplies,Binder,2,6.39,0.0,12.78,4.1,Cash
ORD-101673,2024-07-07 14:00:00,CUST-1133,Customer 397,46,Male,West,Corporate,Furniture,Desk,3,229.9,0.0,689.7,177.84,UPI
ORD-101674,2024-06-07 15:00:00,CUST-1255,Customer 866,50,Female,West,Consumer,Clothing,T-Shirt,1,16.73,0.0,16.73,4.9,UPI
ORD-101675,2024-12-18 19:00:00,CUST-1665,Customer 74,22,Female,South,Home Office,Electronics,Smartwatch,5,194.08,0.15,824.84,133.57,Net Banking
ORD-101676,2023-04-20 18:00:00,CUST-1166,Customer 115,31,Female,East,Consumer,Furniture,Lamp,7,36.47,0.1,229.76,26.59,UPI
ORD-101677,2023-11-03 11:00:00,CUST-1576,Customer 707,62,Male,Central,Corporate,Home & Kitchen,Blender,6,62.48,0.0,374.88,105.23,Credit Card
ORD-101678,2024-11-05 19:00:00,CUST-1372,Customer 102,18,Female,Central,Consumer,Electronics,Tablet,3,343.86,0.0,1031.58,125.3,Net Banking
ORD-101679,2024-01-11 14:00:00,CUST-1611,Customer 532,69,Female,Central,Corporate,Furniture,Sofa,4,421.59,0.05,1602.04,488.98,Net Banking
ORD-101680,2024-11-19 10:00:00,CUST-1240,Customer 38,29,Female,East,Consumer,Office Supplies,Pen Set,1,8.16,0.0,8.16,2.73,UPI
ORD-101681,2023-01-10 12:00:00,CUST-1727,Customer 35,58,Male,Central,Consumer,Home & Kitchen,Towel Pack,3,25.15,0.1,67.9,10.62,UPI
ORD-101682,2023-01-26 17:00:00,CUST-1584,Customer 350,29,Other,Central,Consumer,Office Supplies,Stapler,1,12.6,0.05,11.97,3.42,Net Banking
ORD-101683,2024-08-04 18:00:00,CUST-1242,Customer 581,19,Female,West,Consumer,Clothing,Sneakers,6,81.74,0.15,416.87,82.57,Cash
ORD-101684,2023-09-19 12:00:00,CUST-1532,Customer 536,49,Female,East,Consumer,Electronics,Laptop,7,996.49,0.0,6975.43,1121.16,Credit Card
ORD-101685,2024-01-15 10:00:00,CUST-1594,Customer 859,57,Female,Central,Corporate,Furniture,Desk,2,198.99,0.2,318.38,62.53,Net Banking
ORD-101686,2023-11-09 10:00:00,CUST-1789,Customer 50,22,Male,West,Corporate,Home & Kitchen,Towel Pack,5,21.22,0.1,95.49,24.31,UPI
ORD-101687,2023-10-25 09:00:00,CUST-1291,Customer 57,32,Male,West,Corporate,Home & Kitchen,Storage Box,5,16.05,0.1,72.23,25.05,UPI
ORD-101688,2024-11-16 17:00:00,CUST-1781,Customer 697,33,Female,West,Corporate,Office Supplies,Notebook,3,4.43,0.15,11.3,1.82,UPI
ORD-101689,2023-03-10 14:00:00,CUST-1628,Customer 321,68,Female,West,Consumer,Office Supplies,Pen Set,6,9.14,0.05,52.1,14.1,Credit Card
ORD-101690,2024-07-17 13:00:00,CUST-1349,Customer 192,34,Female,South,Home Office,Furniture,Sofa,5,417.84,0.0,2089.2,356.03,Credit Card
ORD-101691,2024-10-11 16:00:00,CUST-1556,Customer 805,21,Female,South,Consumer,Electronics,Tablet,2,383.25,0.05,728.18,107.68,Credit Card
ORD-101692,2024-04-24 18:00:00,CUST-1452,Customer 285,69,Male,Central,Consumer,Home & Kitchen,Towel Pack,6,24.25,0.1,130.95,32.82,UPI
ORD-101693,2023-10-16 18:00:00,CUST-1791,Customer 31,22,Female,East,Consumer,Clothing,Sneakers,5,98.87,0.15,420.2,119.99,UPI
ORD-101694,2023-04-27 09:00:00,CUST-1049,Customer 16,43,Male,West,Corporate,Furniture,Desk,3,256.33,0.05,730.54,199.94,UPI
ORD-101695,2024-05-13 15:00:00,CUST-1605,Customer 826,27,Female,East,Consumer,Electronics,Laptop,6,953.81,0.1,5150.57,1722.86,Credit Card
ORD-101696,2023-12-09 19:00:00,CUST-1666,Customer 144,31,Male,Central,Consumer,Furniture,Sofa,5,439.95,0.0,2199.75,239.75,Credit Card
ORD-101697,2023-04-20 18:00:00,CUST-1004,Customer 889,57,Male,Central,Corporate,Electronics,Smartwatch,1,182.37,0.0,182.37,41.21,Cash
ORD-101698,2023-09-20 12:00:00,CUST-1407,Customer 179,25,Female,South,Corporate,Clothing,Jacket,2,88.33,0.05,167.83,26.61,Cash
ORD-101699,2024-12-02 13:00:00,CUST-1559,Customer 351,51,Male,West,Home Office,Office Supplies,Stapler,3,12.71,0.0,38.13,11.46,Credit Card
ORD-101700,2023-07-13 19:00:00,CUST-1679,Customer 57,47,Male,East,Consumer,Electronics,Smartphone,1,643.91,0.0,643.91,62.3,Credit Card
ORD-101701,2023-05-11 08:00:00,CUST-1081,Customer 419,55,Female,Central,Consumer,Office Supplies,Stapler,3,14.05,0.1,37.94,4.84,Credit Card
ORD-101702,2024-05-12 14:00:00,CUST-1222,Customer 865,26,Male,West,Corporate,Home & Kitchen,Coffee Maker,4,80.92,0.05,307.5,88.7,UPI
ORD-101703,2023-05-26 09:00:00,CUST-1436,Customer 889,36,Female,East,Home Office,Electronics,Headphones,6,88.37,0.05,503.71,88.53,Cash
ORD-101704,2024-11-02 19:00:00,CUST-1514,Customer 336,18,Male,West,Consumer,Furniture,Office Chair,2,162.23,0.0,324.46,85.69,Cash
ORD-101705,2024-09-19 08:00:00,CUST-1125,Customer 54,63,Male,East,Corporate,Office Supplies,Printer Paper,4,16.02,0.0,64.08,22.4,Net Banking
ORD-101706,2024-12-18 08:00:00,CUST-1659,Customer 622,69,Male,East,Consumer,Electronics,Smartphone,5,691.39,0.05,3284.1,670.48,Cash
ORD-101707,2024-10-28 12:00:00,CUST-1395,Customer 287,41,Female,West,Consumer,Office Supplies,Printer Paper,4,21.38,0.15,72.69,16.28,UPI
ORD-101708,2023-06-27 10:00:00,CUST-1321,Customer 782,45,Male,South,Consumer,Office Supplies,Stapler,7,10.41,0.0,72.87,25.02,Credit Card
ORD-101709,2023-06-04 14:00:00,CUST-1634,Customer 58,24,Male,South,Corporate,Electronics,Tablet,3,315.54,0.1,851.96,239.85,Credit Card
ORD-101710,2023-09-08 11:00:00,CUST-1410,Customer 87,63,Male,East,Corporate,Electronics,Smartphone,3,699.29,0.1,1888.08,251.35,Credit Card
ORD-101711,2023-12-09 12:00:00,CUST-1231,Customer 671,57,Male,West,Consumer,Home & Kitchen,Coffee Maker,1,72.24,0.1,65.02,19.32,Credit Card
ORD-101712,2024-10-04 15:00:00,CUST-1348,Customer 585,23,Female,South,Corporate,Furniture,Desk,3,193.67,0.05,551.96,121.03,Credit Card
ORD-101713,2024-06-19 15:00:00,CUST-1122,Customer 586,45,Male,South,Consumer,Office Supplies,Printer Paper,1,16.99,0.0,16.99,4.97,Credit Card
ORD-101714,2024-04-15 20:00:00,CUST-1674,Customer 492,26,Male,South,Consumer,Office Supplies,Notebook,7,3.85,0.1,24.26,5.86,Credit Card
ORD-101715,2024-10-03 14:00:00,CUST-1251,Customer 777,48,Male,West,Home Office,Clothing,Sneakers,2,81.8,0.05,155.42,21.97,Cash
ORD-101716,2024-04-16 15:00:00,CUST-1279,Customer 606,52,Female,South,Consumer,Clothing,Hoodie,6,46.29,0.0,277.74,83.29,UPI
ORD-101717,2023-10-04 16:00:00,CUST-1138,Customer 172,38,Male,Central,Home Office,Clothing,Sneakers,1,91.95,0.0,91.95,7.41,Credit Card
ORD-101718,2023-10-29 10:00:00,CUST-1298,Customer 722,40,Female,East,Corporate,Office Supplies,Notebook,2,4.43,0.05,8.42,2.69,Credit Card
ORD-101719,2024-01-13 16:00:00,CUST-1146,Customer 491,54,Male,East,Corporate,Furniture,Bookshelf,1,76.93,0.05,73.08,22.0,UPI
ORD-101720,2023-03-06 19:00:00,CUST-1036,Customer 163,26,Other,South,Corporate,Furniture,Bookshelf,3,89.97,0.15,229.42,78.45,Net Banking
ORD-101721,2024-06-25 12:00:00,CUST-1557,Customer 642,19,Male,South,Corporate,Furniture,Desk,5,211.47,0.0,1057.35,94.73,Credit Card
ORD-101722,2024-04-21 10:00:00,CUST-1301,Customer 609,39,Female,West,Consumer,Furniture,Bookshelf,3,103.34,0.0,310.02,61.43,Cash
ORD-101723,2024-06-17 12:00:00,CUST-1563,Customer 254,43,Male,Central,Corporate,Electronics,Smartwatch,5,224.93,0.2,899.72,113.06,Net Banking
ORD-101724,2024-01-25 11:00:00,CUST-1178,Customer 167,32,Female,West,Consumer,Furniture,Lamp,6,34.94,0.0,209.64,37.94,Cash
ORD-101725,2024-07-25 15:00:00,CUST-1423,Customer 800,40,Male,Central,Corporate,Furniture,Desk,1,261.93,0.0,261.93,46.4,UPI
ORD-101726,2024-11-24 19:00:00,CUST-1167,Customer 771,23,Female,West,Corporate,Electronics,Smartphone,3,530.12,0.1,1431.32,345.44,Credit Card
ORD-101727,2024-02-21 15:00:00,CUST-1201,Customer 178,56,Male,West,Consumer,Electronics,Smartphone,5,597.68,0.2,2390.72,473.62,Credit Card
ORD-101728,2023-11-21 09:00:00,CUST-1775,Customer 620,57,Female,West,Consumer,Clothing,Jacket,4,84.09,0.05,319.54,108.87,UPI
ORD-101729,2023-03-18 12:00:00,CUST-1423,Customer 107,31,Female,West,Corporate,Office Supplies,Stapler,2,11.71,0.0,23.42,3.63,Net Banking
ORD-101730,2024-07-22 16:00:00,CUST-1004,Customer 820,51,Male,South,Home Office,Clothing,Sneakers,2,99.65,0.05,189.34,36.55,UPI
ORD-101731,2024-10-21 12:00:00,CUST-1758,Customer 253,30,Female,South,Corporate,Office Supplies,Pen Set,3,7.41,0.1,20.01,5.39,Credit Card
ORD-101732,2024-05-25 15:00:00,CUST-1657,Customer 155,38,Female,East,Consumer,Home & Kitchen,Coffee Maker,5,78.99,0.15,335.71,51.92,Credit Card
ORD-101733,2024-09-23 17:00:00,CUST-1306,Customer 718,34,Female,East,Home Office,Clothing,T-Shirt,7,16.57,0.0,115.99,31.95,Credit Card
ORD-101734,2024-09-20 12:00:00,CUST-1192,Customer 864,68,Male,East,Corporate,Electronics,Laptop,3,781.14,0.15,1991.91,540.51,Net Banking
ORD-101735,2024-08-05 16:00:00,CUST-1338,Customer 643,42,Male,East,Corporate,Home & Kitchen,Blender,4,55.33,0.05,210.25,57.25,Credit Card
ORD-101736,2024-01-03 13:00:00,CUST-1618,Customer 807,50,Female,West,Consumer,Electronics,Smartphone,3,732.05,0.0,2196.15,575.99,Credit Card
ORD-101737,2023-03-14 09:00:00,CUST-1395,Customer 802,28,Male,West,Consumer,Office Supplies,Printer Paper,1,18.99,0.0,18.99,5.71,UPI
ORD-101738,2023-01-03 12:00:00,CUST-1139,Customer 265,66,Female,East,Consumer,Clothing,Sneakers,3,91.14,0.0,273.42,95.32,Credit Card
ORD-101739,2023-05-30 13:00:00,CUST-1142,Customer 555,53,Male,South,Corporate,Furniture,Lamp,3,29.87,0.15,76.17,7.23,Credit Card
ORD-101740,2023-11-11 08:00:00,CUST-1794,Customer 620,23,Female,Central,Consumer,Office Supplies,Stapler,2,10.44,0.0,20.88,4.47,Credit Card
ORD-101741,2024-06-26 19:00:00,CUST-1195,Customer 826,35,Female,East,Corporate,Furniture,Bookshelf,5,78.61,0.1,353.74,105.96,UPI
ORD-101742,2023-11-29 14:00:00,CUST-1463,Customer 486,44,Male,Central,Home Office,Electronics,Tablet,2,386.54,0.0,773.08,61.86,Credit Card
ORD-101743,2023-01-17 08:00:00,CUST-1552,Customer 489,39,Female,West,Corporate,Electronics,Laptop,2,792.96,0.1,1427.33,324.28,Credit Card
ORD-101744,2023-06-03 19:00:00,CUST-1123,Customer 735,59,Female,Central,Consumer,Electronics,Smartwatch,3,183.37,0.05,522.6,134.91,UPI
ORD-101745,2024-12-15 19:00:00,CUST-1129,Customer 826,46,Male,West,Consumer,Electronics,Tablet,7,361.58,0.15,2151.4,283.49,UPI
ORD-101746,2024-12-22 08:00:00,CUST-1249,Customer 59,46,Male,East,Corporate,Office Supplies,Stapler,5,12.65,0.05,60.09,11.31,UPI
ORD-101747,2023-10-03 10:00:00,CUST-1483,Customer 783,37,Male,West,Consumer,Office Supplies,Pen Set,3,7.95,0.1,21.47,6.29,UPI
ORD-101748,2024-08-10 12:00:00,CUST-1676,Customer 352,61,Male,South,Consumer,Furniture,Sofa,6,408.72,0.05,2329.7,228.32,UPI
ORD-101749,2024-06-09 14:00:00,CUST-1308,Customer 426,54,Male,Central,Consumer,Clothing,Hoodie,1,40.29,0.05,38.28,4.46,Cash
ORD-101750,2024-11-10 17:00:00,CUST-1228,Customer 389,54,Male,Central,Corporate,Electronics,Smartphone,3,687.34,0.15,1752.72,527.36,Credit Card
ORD-101751,2024-10-09 13:00:00,CUST-1245,Customer 6,52,Male,South,Corporate,Electronics,Headphones,4,74.59,0.05,283.44,84.6,Credit Card
ORD-101752,2024-04-03 15:00:00,CUST-1618,Customer 516,52,Male,South,Consumer,Clothing,T-Shirt,4,19.76,0.15,67.18,16.08,UPI
ORD-101753,2023-10-16 08:00:00,CUST-1439,Customer 887,57,Male,South,Corporate,Home & Kitchen,Coffee Maker,5,59.87,0.0,299.35,57.59,Credit Card
ORD-101754,2024-04-02 16:00:00,CUST-1495,Customer 645,30,Male,East,Consumer,Furniture,Sofa,5,560.55,0.05,2662.61,288.96,Credit Card
ORD-101755,2023-08-21 19:00:00,CUST-1180,Customer 447,45,Female,East,Consumer,Electronics,Headphones,4,94.6,0.15,321.64,96.2,Credit Card
ORD-101756,2023-09-12 14:00:00,CUST-1513,Customer 21,24,Male,Central,Home Office,Clothing,T-Shirt,7,15.32,0.15,91.15,13.24,Net Banking
ORD-101757,2024-03-20 13:00:00,CUST-1247,Customer 667,37,Male,South,Consumer,Home & Kitchen,Coffee Maker,7,70.72,0.05,470.29,153.58,Cash
ORD-101758,2024-02-22 11:00:00,CUST-1708,Customer 602,33,Female,West,Corporate,Furniture,Office Chair,4,139.28,0.05,529.26,153.21,Credit Card
ORD-101759,2024-02-29 20:00:00,CUST-1419,Customer 407,28,Female,South,Consumer,Electronics,Smartwatch,7,217.49,0.1,1370.19,139.56,Credit Card
ORD-101760,2023-10-08 08:00:00,CUST-1124,Customer 329,46,Female,Central,Consumer,Electronics,Tablet,5,353.35,0.0,1766.75,444.48,Credit Card
ORD-101761,2023-10-26 11:00:00,CUST-1525,Customer 326,40,Other,East,Corporate,Office Supplies,Notebook,1,4.26,0.15,3.62,1.19,Credit Card
ORD-101762,2023-01-08 09:00:00,CUST-1021,Customer 194,41,Female,South,Corporate,Home & Kitchen,Coffee Maker,1,64.46,0.0,64.46,20.46,Credit Card
ORD-101763,2024-03-15 19:00:00,CUST-1669,Customer 323,63,Female,South,Corporate,Office Supplies,Binder,1,5.26,0.0,5.26,1.29,Credit Card
ORD-101764,2024-02-25 14:00:00,CUST-1325,Customer 146,36,Male,West,Home Office,Furniture,Lamp,2,38.23,0.1,68.81,8.7,UPI
ORD-101765,2024-11-13 19:00:00,CUST-1659,Customer 320,24,Female,Central,Corporate,Office Supplies,Printer Paper,3,19.21,0.0,57.63,15.2,Net Banking
ORD-101766,2024-01-04 16:00:00,CUST-1751,Customer 841,59,Female,West,Consumer,Clothing,Sneakers,1,97.01,0.0,97.01,25.21,Credit Card
ORD-101767,2023-12-08 15:00:00,CUST-1398,Customer 521,29,Female,Central,Corporate,Office Supplies,Binder,5,6.87,0.0,34.35,8.21,Credit Card
ORD-101768,2023-02-19 14:00:00,CUST-1088,Customer 523,68,Male,West,Corporate,Clothing,Jeans,3,48.19,0.2,115.66,17.55,UPI
ORD-101769,2023-05-24 10:00:00,CUST-1059,Customer 727,52,Female,West,Corporate,Furniture,Lamp,5,36.34,0.05,172.62,55.77,Credit Card
ORD-101770,2023-09-04 15:00:00,CUST-1254,Customer 789,31,Male,Central,Consumer,Furniture,Lamp,4,40.95,0.2,131.04,28.26,Credit Card
ORD-101771,2023-10-03 16:00:00,CUST-1150,Customer 512,47,Female,East,Home Office,Office Supplies,Pen Set,2,9.04,0.0,18.08,2.9,Credit Card
ORD-101772,2023-09-22 20:00:00,CUST-1571,Customer 325,66,Other,East,Consumer,Office Supplies,Notebook,5,4.64,0.0,23.2,3.45,UPI
ORD-101773,2023-10-15 15:00:00,CUST-1000,Customer 473,65,Female,East,Corporate,Home & Kitchen,Cookware Set,7,143.83,0.0,1006.81,156.94,Credit Card
ORD-101774,2024-07-15 20:00:00,CUST-1571,Customer 781,38,Male,Central,Consumer,Office Supplies,Printer Paper,3,17.84,0.0,53.52,10.94,Credit Card
ORD-101775,2023-04-06 20:00:00,CUST-1148,Customer 276,19,Male,West,Corporate,Furniture,Lamp,3,38.53,0.0,115.59,16.45,UPI
ORD-101776,2023-08-31 14:00:00,CUST-1100,Customer 882,22,Female,West,Consumer,Furniture,Office Chair,4,152.72,0.0,610.88,134.21,Credit Card
ORD-101777,2023-04-29 13:00:00,CUST-1024,Customer 417,63,Female,West,Consumer,Office Supplies,Pen Set,6,7.29,0.05,41.55,5.48,Net Banking
ORD-101778,2023-08-13 09:00:00,CUST-1645,Customer 655,52,Male,East,Consumer,Furniture,Sofa,4,514.94,0.1,1853.78,283.92,UPI
ORD-101779,2024-05-14 11:00:00,CUST-1571,Customer 162,55,Female,Central,Corporate,Clothing,T-Shirt,6,18.0,0.0,108.0,12.13,Credit Card
ORD-101780,2023-02-04 19:00:00,CUST-1717,Customer 886,55,Female,Central,Consumer,Furniture,Sofa,1,483.71,0.05,459.52,81.1,Credit Card
ORD-101781,2023-09-05 09:00:00,CUST-1436,Customer 670,58,Male,Central,Corporate,Furniture,Desk,1,200.87,0.0,200.87,38.09,Net Banking
ORD-101782,2023-01-18 13:00:00,CUST-1476,Customer 805,44,Male,East,Home Office,Office Supplies,Notebook,3,4.44,0.05,12.65,2.39,Credit Card
ORD-101783,2024-11-28 17:00:00,CUST-1028,Customer 705,37,Female,Central,Home Office,Electronics,Smartphone,2,678.45,0.1,1221.21,336.71,Credit Card
ORD-101784,2024-06-14 11:00:00,CUST-1017,Customer 388,30,Female,West,Consumer,Office Supplies,Printer Paper,1,18.65,0.1,16.78,3.53,Credit Card
ORD-101785,2023-06-27 20:00:00,CUST-1494,Customer 215,33,Female,Central,Consumer,Office Supplies,Binder,2,5.43,0.1,9.77,2.61,Net Banking
ORD-101786,2023-05-25 16:00:00,CUST-1409,Customer 720,57,Female,East,Home Office,Furniture,Office Chair,2,146.29,0.0,292.58,26.02,Net Banking
ORD-101787,2023-03-14 08:00:00,CUST-1651,Customer 510,18,Male,Central,Home Office,Clothing,Jacket,7,66.38,0.05,441.43,87.35,UPI
ORD-101788,2023-12-12 11:00:00,CUST-1441,Customer 219,25,Female,South,Consumer,Clothing,Jeans,6,43.6,0.1,235.44,24.54,Credit Card
ORD-101789,2024-07-04 17:00:00,CUST-1022,Customer 257,58,Female,South,Consumer,Clothing,Sneakers,3,83.33,0.15,212.49,43.51,Credit Card
ORD-101790,2024-03-02 19:00:00,CUST-1516,Customer 171,51,Male,South,Consumer,Furniture,Sofa,7,556.42,0.05,3700.19,910.63,Credit Card
ORD-101791,2024-10-05 20:00:00,CUST-1101,Customer 879,26,Male,East,Consumer,Furniture,Lamp,6,34.84,0.05,198.59,58.61,Credit Card
ORD-101792,2023-09-08 19:00:00,CUST-1709,Customer 633,19,Female,West,Corporate,Clothing,Jeans,2,47.68,0.1,85.82,19.61,Net Banking
ORD-101793,2023-07-23 08:00:00,CUST-1376,Customer 269,29,Male,East,Consumer,Office Supplies,Pen Set,4,9.25,0.2,29.6,5.4,UPI
ORD-101794,2023-12-15 17:00:00,CUST-1353,Customer 195,24,Female,West,Corporate,Office Supplies,Pen Set,7,7.99,0.0,55.93,8.47,Credit Card
ORD-101795,2023-05-28 09:00:00,CUST-1033,Customer 777,32,Male,Central,Consumer,Office Supplies,Printer Paper,4,20.87,0.0,83.48,28.26,Cash
ORD-101796,2024-12-13 08:00:00,CUST-1244,Customer 649,61,Male,Central,Consumer,Clothing,Jacket,3,67.33,0.1,181.79,24.28,Credit Card
ORD-101797,2023-05-16 16:00:00,CUST-1017,Customer 630,63,Female,South,Corporate,Electronics,Laptop,7,831.04,0.1,5235.55,478.8,UPI
ORD-101798,2023-12-16 14:00:00,CUST-1086,Customer 59,32,Male,South,Corporate,Office Supplies,Binder,5,5.3,0.0,26.5,3.02,Credit Card
ORD-101799,2024-01-17 16:00:00,CUST-1465,Customer 869,32,Male,East,Consumer,Electronics,Laptop,4,889.38,0.0,3557.52,1242.74,UPI
ORD-101800,2023-02-11 19:00:00,CUST-1388,Customer 395,60,Male,South,Consumer,Furniture,Lamp,7,41.48,0.05,275.84,89.55,Credit Card
ORD-101801,2023-12-08 08:00:00,CUST-1450,Customer 647,40,Other,South,Consumer,Office Supplies,Notebook,6,4.32,0.1,23.33,3.88,Credit Card
ORD-101802,2023-11-28 14:00:00,CUST-1645,Customer 163,29,Other,Central,Home Office,Office Supplies,Stapler,3,12.83,0.1,34.64,2.81,Net Banking
ORD-101803,2023-07-09 18:00:00,CUST-1645,Customer 548,56,Male,East,Home Office,Furniture,Desk,3,208.42,0.0,625.26,179.54,Net Banking
ORD-101804,2023-04-04 13:00:00,CUST-1705,Customer 83,43,Female,East,Corporate,Home & Kitchen,Towel Pack,1,25.87,0.0,25.87,4.17,UPI
ORD-101805,2023-02-02 14:00:00,CUST-1062,Customer 414,64,Female,West,Home Office,Clothing,Jacket,1,76.13,0.1,68.52,5.89,Cash
ORD-101806,2023-01-07 14:00:00,CUST-1059,Customer 212,63,Male,East,Corporate,Office Supplies,Pen Set,7,7.55,0.0,52.85,10.74,Credit Card
ORD-101807,2023-12-18 19:00:00,CUST-1717,Customer 424,59,Male,East,Consumer,Home & Kitchen,Cookware Set,1,143.48,0.05,136.31,26.52,Credit Card
ORD-101808,2023-03-07 08:00:00,CUST-1696,Customer 782,68,Female,East,Consumer,Furniture,Lamp,6,34.93,0.05,199.1,35.38,Credit Card
ORD-101809,2024-12-01 19:00:00,CUST-1014,Customer 2,45,Male,West,Home Office,Clothing,Jeans,2,44.1,0.0,88.2,22.62,Credit Card
ORD-101810,2023-06-28 18:00:00,CUST-1023,Customer 415,46,Female,Central,Corporate,Electronics,Smartphone,4,534.59,0.1,1924.52,531.21,UPI
ORD-101811,2024-04-21 18:00:00,CUST-1241,Customer 897,18,Male,East,Home Office,Furniture,Office Chair,6,127.74,0.0,766.44,177.03,UPI
ORD-101812,2024-05-06 13:00:00,CUST-1439,Customer 875,26,Female,South,Corporate,Furniture,Sofa,7,543.94,0.1,3426.82,287.09,UPI
ORD-101813,2023-12-28 14:00:00,CUST-1038,Customer 511,26,Male,East,Home Office,Electronics,Smartwatch,3,193.6,0.05,551.76,47.48,UPI
ORD-101814,2024-10-07 12:00:00,CUST-1358,Customer 598,65,Male,West,Corporate,Office Supplies,Printer Paper,7,21.32,0.05,141.78,45.1,UPI
ORD-101815,2023-03-22 11:00:00,CUST-1195,Customer 528,31,Male,West,Home Office,Electronics,Laptop,4,747.46,0.15,2541.36,331.24,UPI
ORD-101816,2023-06-20 19:00:00,CUST-1736,Customer 411,50,Other,Central,Home Office,Office Supplies,Printer Paper,7,19.18,0.0,134.26,25.17,Net Banking
ORD-101817,2023-07-04 14:00:00,CUST-1652,Customer 163,39,Male,West,Consumer,Electronics,Tablet,1,374.68,0.1,337.21,36.4,Credit Card
ORD-101818,2023-04-09 17:00:00,CUST-1418,Customer 727,57,Male,Central,Corporate,Electronics,Tablet,2,362.92,0.0,725.84,103.0,UPI
ORD-101819,2023-08-04 09:00:00,CUST-1100,Customer 389,36,Male,West,Consumer,Home & Kitchen,Storage Box,5,16.57,0.2,66.28,13.99,Net Banking
ORD-101820,2023-08-17 18:00:00,CUST-1211,Customer 786,66,Male,East,Home Office,Office Supplies,Pen Set,5,8.42,0.0,42.1,6.05,UPI
ORD-101821,2024-07-12 16:00:00,CUST-1161,Customer 197,44,Female,West,Corporate,Home & Kitchen,Towel Pack,6,24.01,0.05,136.86,35.3,Cash
ORD-101822,2023-08-09 20:00:00,CUST-1687,Customer 177,30,Male,East,Consumer,Office Supplies,Stapler,3,13.83,0.0,41.49,7.43,UPI
ORD-101823,2024-10-01 09:00:00,CUST-1489,Customer 197,39,Female,South,Consumer,Electronics,Headphones,5,77.42,0.0,387.1,113.38,Net Banking
ORD-101824,2024-07-18 15:00:00,CUST-1275,Customer 586,36,Female,West,Consumer,Office Supplies,Pen Set,5,8.09,0.0,40.45,9.81,Net Banking
ORD-101825,2024-10-20 14:00:00,CUST-1017,Customer 493,55,Female,East,Consumer,Office Supplies,Printer Paper,7,19.31,0.0,135.17,20.08,UPI
ORD-101826,2023-03-18 14:00:00,CUST-1664,Customer 591,34,Female,Central,Consumer,Electronics,Tablet,1,326.39,0.0,326.39,97.35,Credit Card
ORD-101827,2024-12-19 08:00:00,CUST-1481,Customer 217,20,Male,Central,Home Office,Home & Kitchen,Towel Pack,1,20.08,0.0,20.08,6.66,UPI
ORD-101828,2024-03-24 14:00:00,CUST-1192,Customer 324,58,Female,West,Corporate,Office Supplies,Binder,5,7.13,0.1,32.08,3.61,Credit Card
ORD-101829,2024-12-18 11:00:00,CUST-1715,Customer 600,69,Female,South,Home Office,Clothing,Hoodie,1,36.73,0.05,34.89,9.1,Credit Card
ORD-101830,2023-09-17 16:00:00,CUST-1604,Customer 453,31,Female,West,Consumer,Office Supplies,Notebook,2,3.73,0.0,7.46,1.87,UPI
ORD-101831,2024-11-26 11:00:00,CUST-1055,Customer 339,61,Female,East,Consumer,Office Supplies,Binder,4,6.4,0.15,21.76,5.68,UPI
ORD-101832,2024-03-05 13:00:00,CUST-1006,Customer 291,20,Female,Central,Home Office,Electronics,Tablet,2,298.21,0.05,566.6,50.1,Net Banking
ORD-101833,2023-02-22 16:00:00,CUST-1004,Customer 339,35,Male,South,Corporate,Home & Kitchen,Cookware Set,2,103.43,0.0,206.86,18.12,Credit Card
ORD-101834,2023-10-27 08:00:00,CUST-1216,Customer 251,18,Male,East,Consumer,Furniture,Sofa,3,418.75,0.0,1256.25,200.5,Credit Card
ORD-101835,2023-04-11 18:00:00,CUST-1324,Customer 632,38,Female,East,Home Office,Electronics,Smartwatch,5,169.7,0.05,806.08,81.95,UPI
ORD-101836,2024-11-18 17:00:00,CUST-1743,Customer 147,49,Female,Central,Consumer,Electronics,Smartwatch,3,190.04,0.05,541.61,96.86,UPI
ORD-101837,2023-08-11 08:00:00,CUST-1679,Customer 603,68,Male,Central,Consumer,Office Supplies,Binder,6,6.84,0.15,34.88,11.01,Credit Card
ORD-101838,2023-06-12 08:00:00,CUST-1798,Customer 69,61,Female,East,Corporate,Home & Kitchen,Blender,2,53.33,0.05,101.33,17.8,Credit Card
ORD-101839,2024-02-08 19:00:00,CUST-1748,Customer 363,66,Male,South,Corporate,Home & Kitchen,Blender,1,54.98,0.2,43.98,8.18,Credit Card
ORD-101840,2023-11-07 11:00:00,CUST-1003,Customer 450,51,Male,East,Corporate,Clothing,Jeans,2,47.7,0.1,85.86,13.07,Net Banking
ORD-101841,2023-03-12 19:00:00,CUST-1640,Customer 837,38,Male,South,Consumer,Home & Kitchen,Cookware Set,7,114.69,0.2,642.26,124.49,Credit Card
ORD-101842,2024-08-19 14:00:00,CUST-1738,Customer 595,65,Male,South,Consumer,Clothing,Hoodie,2,40.06,0.05,76.11,22.48,UPI
ORD-101843,2024-09-09 12:00:00,CUST-1519,Customer 296,21,Female,East,Consumer,Furniture,Sofa,1,472.9,0.05,449.25,136.73,Net Banking
ORD-101844,2024-06-26 11:00:00,CUST-1770,Customer 332,60,Male,West,Consumer,Office Supplies,Notebook,3,3.88,0.1,10.48,2.03,Credit Card
ORD-101845,2024-03-26 16:00:00,CUST-1341,Customer 646,69,Female,East,Consumer,Electronics,Smartwatch,5,187.33,0.1,842.99,157.77,Net Banking
ORD-101846,2023-10-21 09:00:00,CUST-1630,Customer 780,19,Female,Central,Corporate,Electronics,Headphones,3,68.31,0.0,204.93,27.19,UPI
ORD-101847,2024-01-31 13:00:00,CUST-1631,Customer 714,51,Female,West,Home Office,Furniture,Desk,3,255.24,0.0,765.72,262.96,UPI
ORD-101848,2024-01-16 12:00:00,CUST-1181,Customer 810,63,Male,Central,Home Office,Electronics,Smartwatch,1,226.49,0.0,226.49,37.14,Net Banking
ORD-101849,2023-05-01 10:00:00,CUST-1605,Customer 197,54,Male,West,Corporate,Home & Kitchen,Coffee Maker,5,80.63,0.0,403.15,69.55,Credit Card
ORD-101850,2023-03-01 12:00:00,CUST-1380,Customer 443,68,Female,West,Consumer,Home & Kitchen,Towel Pack,2,18.74,0.15,31.86,6.25,Net Banking
ORD-101851,2023-07-04 14:00:00,CUST-1146,Customer 427,32,Female,East,Consumer,Furniture,Office Chair,1,155.79,0.1,140.21,14.26,Credit Card
ORD-101852,2023-11-28 16:00:00,CUST-1085,Customer 377,51,Male,East,Home Office,Clothing,Jeans,6,47.28,0.0,283.68,47.86,Credit Card
ORD-101853,2023-04-28 09:00:00,CUST-1572,Customer 19,60,Male,West,Consumer,Furniture,Bookshelf,7,79.47,0.0,556.29,184.28,Credit Card
ORD-101854,2023-03-19 19:00:00,CUST-1650,Customer 201,21,Female,South,Consumer,Electronics,Smartwatch,5,223.54,0.0,1117.7,111.88,UPI
ORD-101855,2024-09-13 19:00:00,CUST-1634,Customer 297,46,Male,Central,Consumer,Furniture,Lamp,7,39.26,0.1,247.34,35.85,Credit Card
ORD-101856,2023-10-01 16:00:00,CUST-1776,Customer 370,67,Male,West,Corporate,Electronics,Smartphone,3,558.53,0.15,1424.25,197.68,Credit Card
ORD-101857,2024-03-02 20:00:00,CUST-1720,Customer 243,42,Female,South,Home Office,Furniture,Lamp,4,41.56,0.0,166.24,23.85,Credit Card
ORD-101858,2024-01-18 13:00:00,CUST-1148,Customer 319,60,Female,East,Consumer,Electronics,Tablet,3,304.02,0.0,912.06,308.04,Credit Card
ORD-101859,2024-06-20 18:00:00,CUST-1583,Customer 694,56,Male,South,Corporate,Electronics,Smartphone,4,625.67,0.2,2002.14,543.2,Credit Card
ORD-101860,2024-06-24 17:00:00,CUST-1177,Customer 294,32,Female,East,Corporate,Electronics,Laptop,7,769.8,0.05,5119.17,1680.85,UPI
ORD-101861,2023-08-05 15:00:00,CUST-1585,Customer 199,37,Male,East,Home Office,Home & Kitchen,Coffee Maker,5,63.18,0.15,268.52,83.66,UPI
ORD-101862,2024-09-10 10:00:00,CUST-1345,Customer 420,43,Female,South,Consumer,Electronics,Smartwatch,1,225.86,0.0,225.86,56.17,UPI
ORD-101863,2023-09-29 15:00:00,CUST-1721,Customer 23,40,Female,West,Corporate,Furniture,Sofa,5,504.12,0.0,2520.6,582.63,UPI
ORD-101864,2024-09-01 19:00:00,CUST-1099,Customer 205,48,Female,South,Home Office,Office Supplies,Printer Paper,3,16.93,0.05,48.25,10.49,Credit Card
ORD-101865,2023-10-23 20:00:00,CUST-1155,Customer 22,51,Female,Central,Home Office,Furniture,Sofa,4,538.44,0.0,2153.76,573.27,Credit Card
ORD-101866,2023-03-23 13:00:00,CUST-1496,Customer 61,39,Female,East,Consumer,Office Supplies,Notebook,4,4.63,0.1,16.67,4.49,UPI
ORD-101867,2024-07-08 11:00:00,CUST-1440,Customer 687,51,Male,East,Consumer,Electronics,Headphones,5,93.69,0.1,421.6,101.97,UPI
ORD-101868,2023-01-23 17:00:00,CUST-1687,Customer 22,52,Female,West,Home Office,Office Supplies,Binder,7,7.06,0.0,49.42,9.94,UPI
ORD-101869,2024-07-17 08:00:00,CUST-1714,Customer 129,68,Female,West,Home Office,Office Supplies,Pen Set,7,9.34,0.05,62.11,16.29,Credit Card
ORD-101870,2023-02-01 09:00:00,CUST-1209,Customer 160,60,Female,West,Consumer,Clothing,Hoodie,7,42.95,0.1,270.59,33.09,Credit Card
ORD-101871,2023-05-31 15:00:00,CUST-1505,Customer 579,47,Male,East,Consumer,Office Supplies,Notebook,5,3.88,0.15,16.49,3.77,UPI
ORD-101872,2024-03-16 20:00:00,CUST-1606,Customer 298,27,Male,East,Consumer,Furniture,Lamp,2,41.09,0.0,82.18,18.1,UPI
ORD-101873,2024-11-18 12:00:00,CUST-1745,Customer 182,34,Other,West,Corporate,Furniture,Sofa,2,428.58,0.1,771.44,173.08,Net Banking
ORD-101874,2023-10-26 13:00:00,CUST-1283,Customer 660,35,Male,East,Consumer,Electronics,Smartwatch,6,172.73,0.0,1036.38,225.85,UPI
ORD-101875,2023-03-30 12:00:00,CUST-1040,Customer 200,32,Female,West,Consumer,Office Supplies,Printer Paper,7,18.03,0.15,107.28,30.31,Cash
ORD-101876,2023-06-20 13:00:00,CUST-1280,Customer 844,67,Female,East,Corporate,Electronics,Tablet,1,322.76,0.05,306.62,87.24,UPI
ORD-101877,2024-10-16 08:00:00,CUST-1171,Customer 725,45,Male,South,Consumer,Furniture,Desk,2,234.41,0.0,468.82,79.22,Net Banking
ORD-101878,2024-06-14 15:00:00,CUST-1038,Customer 795,69,Male,Central,Home Office,Office Supplies,Notebook,5,4.67,0.1,21.02,3.67,Cash
ORD-101879,2023-03-15 15:00:00,CUST-1177,Customer 614,24,Male,East,Consumer,Electronics,Tablet,2,347.43,0.1,625.37,52.81,Credit Card
ORD-101880,2023-10-08 12:00:00,CUST-1154,Customer 249,55,Male,Central,Consumer,Electronics,Laptop,1,887.28,0.1,798.55,88.31,Credit Card
ORD-101881,2023-07-13 11:00:00,CUST-1062,Customer 589,48,Female,West,Home Office,Office Supplies,Printer Paper,7,17.97,0.0,125.79,18.97,Net Banking
ORD-101882,2023-05-10 17:00:00,CUST-1615,Customer 679,57,Male,West,Consumer,Furniture,Desk,1,241.48,0.1,217.33,62.32,UPI
ORD-101883,2024-09-09 10:00:00,CUST-1498,Customer 835,38,Male,East,Consumer,Clothing,Hoodie,2,35.41,0.1,63.74,18.83,UPI
ORD-101884,2024-03-26 08:00:00,CUST-1123,Customer 47,45,Female,West,Consumer,Home & Kitchen,Storage Box,7,13.87,0.0,97.09,14.27,UPI
ORD-101885,2023-05-12 08:00:00,CUST-1321,Customer 783,36,Female,South,Corporate,Home & Kitchen,Cookware Set,1,128.94,0.0,128.94,40.59,Credit Card
ORD-101886,2024-04-20 19:00:00,CUST-1670,Customer 730,54,Male,East,Consumer,Furniture,Bookshelf,6,93.35,0.15,476.08,86.38,Cash
ORD-101887,2023-10-29 12:00:00,CUST-1193,Customer 762,28,Male,Central,Home Office,Electronics,Headphones,4,79.41,0.05,301.76,89.16,UPI
ORD-101888,2023-02-14 09:00:00,CUST-1189,Customer 181,52,Female,East,Home Office,Office Supplies,Stapler,4,11.6,0.05,44.08,9.08,Net Banking
ORD-101889,2023-11-25 19:00:00,CUST-1582,Customer 123,43,Female,West,Consumer,Office Supplies,Binder,6,5.21,0.15,26.57,7.24,UPI
ORD-101890,2023-05-16 09:00:00,CUST-1318,Customer 595,59,Female,West,Consumer,Office Supplies,Pen Set,1,8.71,0.0,8.71,1.53,Credit Card
ORD-101891,2023-06-29 12:00:00,CUST-1540,Customer 150,19,Male,East,Corporate,Furniture,Lamp,1,34.91,0.1,31.42,3.11,Net Banking
ORD-101892,2024-10-03 08:00:00,CUST-1154,Customer 168,27,Female,East,Home Office,Electronics,Smartwatch,2,191.11,0.05,363.11,53.96,UPI
ORD-101893,2024-06-02 16:00:00,CUST-1031,Customer 883,49,Female,West,Consumer,Electronics,Tablet,4,395.32,0.0,1581.28,424.12,Cash
ORD-101894,2023-04-08 17:00:00,CUST-1429,Customer 818,37,Female,West,Consumer,Electronics,Smartwatch,7,210.55,0.2,1179.08,386.56,Credit Card
ORD-101895,2024-09-13 17:00:00,CUST-1351,Customer 519,32,Female,South,Consumer,Electronics,Tablet,1,315.11,0.1,283.6,70.8,UPI
ORD-101896,2024-02-24 11:00:00,CUST-1676,Customer 583,66,Female,Central,Home Office,Home & Kitchen,Cookware Set,3,129.6,0.0,388.8,111.83,UPI
ORD-101897,2024-09-30 12:00:00,CUST-1576,Customer 494,65,Male,South,Consumer,Electronics,Headphones,4,71.7,0.15,243.78,20.43,UPI
ORD-101898,2024-06-29 20:00:00,CUST-1269,Customer 668,22,Female,South,Corporate,Office Supplies,Pen Set,2,7.34,0.15,12.48,3.56,Net Banking
ORD-101899,2023-09-05 18:00:00,CUST-1082,Customer 455,45,Female,East,Consumer,Home & Kitchen,Coffee Maker,3,77.0,0.1,207.9,63.53,Cash
ORD-101900,2024-01-26 08:00:00,CUST-1433,Customer 550,52,Male,South,Corporate,Furniture,Office Chair,2,125.17,0.0,250.34,47.92,Credit Card
ORD-101901,2024-01-23 16:00:00,CUST-1635,Customer 662,58,Male,South,Consumer,Office Supplies,Pen Set,1,7.58,0.0,7.58,1.62,Net Banking
ORD-101902,2024-06-09 18:00:00,CUST-1241,Customer 714,28,Male,West,Corporate,Clothing,Hoodie,4,46.57,0.1,167.65,15.78,Net Banking
ORD-101903,2023-07-01 15:00:00,CUST-1492,Customer 535,62,Female,Central,Consumer,Furniture,Lamp,7,38.79,0.15,230.8,29.35,Net Banking
ORD-101904,2023-09-01 16:00:00,CUST-1026,Customer 667,52,Female,West,Consumer,Office Supplies,Printer Paper,3,21.16,0.0,63.48,6.05,Net Banking
ORD-101905,2023-06-28 08:00:00,CUST-1574,Customer 135,63,Female,East,Consumer,Clothing,Jeans,5,52.14,0.05,247.66,68.72,UPI
ORD-101906,2023-08-05 08:00:00,CUST-1669,Customer 46,53,Female,East,Home Office,Clothing,Jacket,5,71.96,0.0,359.8,106.49,Cash
ORD-101907,2023-04-28 08:00:00,CUST-1200,Customer 93,63,Female,East,Corporate,Clothing,Sneakers,6,91.06,0.05,519.04,56.75,UPI
ORD-101908,2023-01-27 10:00:00,CUST-1535,Customer 670,19,Female,West,Consumer,Home & Kitchen,Blender,6,54.04,0.05,308.03,101.29,Credit Card
ORD-101909,2024-11-17 20:00:00,CUST-1598,Customer 273,29,Male,Central,Consumer,Furniture,Lamp,7,38.29,0.0,268.03,82.2,Cash
ORD-101910,2023-02-24 16:00:00,CUST-1190,Customer 710,45,Male,East,Consumer,Clothing,Hoodie,6,38.88,0.05,221.62,52.21,Credit Card
ORD-101911,2024-10-10 18:00:00,CUST-1138,Customer 783,33,Female,East,Consumer,Office Supplies,Binder,7,5.1,0.05,33.91,11.67,UPI
ORD-101912,2023-01-03 11:00:00,CUST-1307,Customer 631,28,Female,East,Home Office,Office Supplies,Notebook,7,3.53,0.05,23.47,7.47,Credit Card
ORD-101913,2024-07-21 20:00:00,CUST-1688,Customer 362,54,Female,South,Consumer,Clothing,Hoodie,6,44.79,0.15,228.43,32.01,Credit Card
ORD-101914,2023-08-28 10:00:00,CUST-1294,Customer 96,69,Other,South,Corporate,Clothing,Sneakers,4,74.75,0.0,299.0,100.94,Cash
ORD-101915,2024-01-13 19:00:00,CUST-1164,Customer 785,45,Female,East,Corporate,Home & Kitchen,Cookware Set,3,127.18,0.0,381.54,76.16,UPI
ORD-101916,2023-07-26 08:00:00,CUST-1228,Customer 303,49,Male,South,Home Office,Furniture,Office Chair,4,161.03,0.05,611.91,74.54,UPI
ORD-101917,2023-12-25 08:00:00,CUST-1214,Customer 515,49,Male,South,Corporate,Office Supplies,Stapler,6,13.31,0.05,75.87,10.17,UPI
ORD-101918,2023-11-26 09:00:00,CUST-1425,Customer 652,39,Male,South,Consumer,Furniture,Desk,6,218.83,0.0,1312.98,347.59,UPI
ORD-101919,2024-01-22 18:00:00,CUST-1536,Customer 836,53,Female,South,Consumer,Office Supplies,Binder,4,5.54,0.2,17.73,6.15,Credit Card
ORD-101920,2023-10-15 11:00:00,CUST-1219,Customer 468,59,Female,West,Consumer,Clothing,Jeans,1,52.78,0.0,52.78,10.57,UPI
ORD-101921,2024-01-27 13:00:00,CUST-1266,Customer 796,23,Male,East,Consumer,Clothing,Jeans,2,47.17,0.0,94.34,22.15,Credit Card
ORD-101922,2024-08-25 14:00:00,CUST-1390,Customer 653,32,Female,South,Consumer,Furniture,Lamp,5,34.72,0.1,156.24,25.16,Net Banking
ORD-101923,2023-11-14 18:00:00,CUST-1247,Customer 338,26,Female,South,Home Office,Office Supplies,Notebook,3,4.72,0.15,12.04,3.71,Credit Card
ORD-101924,2023-09-21 12:00:00,CUST-1362,Customer 314,59,Male,East,Consumer,Furniture,Lamp,4,32.38,0.05,123.04,13.67,Net Banking
ORD-101925,2023-04-07 08:00:00,CUST-1050,Customer 496,51,Female,Central,Corporate,Electronics,Tablet,3,341.63,0.0,1024.89,243.11,Credit Card
ORD-101926,2023-09-20 13:00:00,CUST-1304,Customer 644,52,Male,West,Consumer,Electronics,Smartphone,1,550.58,0.0,550.58,131.19,Credit Card
ORD-101927,2023-04-02 11:00:00,CUST-1656,Customer 639,50,Female,West,Consumer,Home & Kitchen,Towel Pack,4,19.66,0.0,78.64,6.32,Net Banking
ORD-101928,2023-05-14 17:00:00,CUST-1350,Customer 664,45,Female,Central,Consumer,Furniture,Sofa,4,474.96,0.05,1804.85,602.73,UPI
ORD-101929,2024-11-26 17:00:00,CUST-1367,Customer 42,60,Male,East,Consumer,Home & Kitchen,Cookware Set,6,131.39,0.05,748.92,256.93,Credit Card
ORD-101930,2023-03-07 09:00:00,CUST-1481,Customer 380,26,Female,West,Consumer,Electronics,Smartwatch,1,184.04,0.0,184.04,37.95,UPI
ORD-101931,2023-12-18 18:00:00,CUST-1314,Customer 144,54,Female,East,Home Office,Clothing,T-Shirt,4,19.64,0.05,74.63,20.59,Credit Card
ORD-101932,2024-09-01 08:00:00,CUST-1337,Customer 32,61,Male,East,Corporate,Office Supplies,Stapler,6,13.58,0.1,73.33,22.67,Credit Card
ORD-101933,2024-11-26 16:00:00,CUST-1196,Customer 657,28,Female,West,Consumer,Clothing,Jacket,2,86.79,0.0,173.58,19.36,Credit Card
ORD-101934,2023-04-18 13:00:00,CUST-1606,Customer 888,54,Female,West,Consumer,Office Supplies,Stapler,3,10.39,0.0,31.17,3.21,Credit Card
ORD-101935,2023-04-30 11:00:00,CUST-1444,Customer 823,21,Female,West,Home Office,Clothing,Hoodie,1,44.83,0.1,40.35,10.74,Credit Card
ORD-101936,2023-09-29 14:00:00,CUST-1013,Customer 786,26,Male,East,Consumer,Home & Kitchen,Storage Box,5,14.42,0.0,72.1,16.66,UPI
ORD-101937,2024-02-09 12:00:00,CUST-1447,Customer 273,38,Male,West,Consumer,Office Supplies,Printer Paper,6,19.7,0.0,118.2,31.14,Net Banking
ORD-101938,2024-12-01 18:00:00,CUST-1288,Customer 143,69,Male,East,Home Office,Electronics,Headphones,4,78.41,0.0,313.64,73.53,Credit Card
ORD-101939,2023-06-01 20:00:00,CUST-1001,Customer 355,37,Male,East,Corporate,Electronics,Headphones,3,87.82,0.05,250.29,69.11,Credit Card
ORD-101940,2023-05-01 18:00:00,CUST-1406,Customer 397,40,Female,Central,Consumer,Clothing,T-Shirt,6,16.65,0.05,94.9,11.56,Credit Card
ORD-101941,2023-07-04 13:00:00,CUST-1068,Customer 787,57,Female,Central,Corporate,Office Supplies,Stapler,4,12.91,0.05,49.06,6.78,Net Banking
ORD-101942,2024-09-30 14:00:00,CUST-1154,Customer 289,59,Male,West,Consumer,Office Supplies,Pen Set,3,7.15,0.0,21.45,3.09,Credit Card
ORD-101943,2023-01-22 13:00:00,CUST-1490,Customer 240,52,Female,Central,Corporate,Office Supplies,Binder,6,5.46,0.05,31.12,5.99,Credit Card
ORD-101944,2023-10-05 18:00:00,CUST-1411,Customer 882,19,Female,West,Consumer,Furniture,Sofa,2,511.23,0.0,1022.46,291.48,Net Banking
ORD-101945,2023-03-28 15:00:00,CUST-1227,Customer 833,63,Female,East,Home Office,Clothing,Hoodie,6,38.71,0.1,209.03,63.64,UPI
ORD-101946,2023-04-25 14:00:00,CUST-1693,Customer 644,31,Female,West,Corporate,Clothing,Hoodie,2,43.85,0.2,70.16,13.21,Credit Card
ORD-101947,2024-10-31 13:00:00,CUST-1787,Customer 127,44,Male,Central,Consumer,Clothing,Jacket,4,81.74,0.05,310.61,75.34,UPI
ORD-101948,2023-01-02 12:00:00,CUST-1074,Customer 507,56,Female,Central,Corporate,Clothing,Jacket,2,80.07,0.0,160.14,25.57,Credit Card
ORD-101949,2023-08-23 15:00:00,CUST-1198,Customer 227,33,Male,Central,Consumer,Home & Kitchen,Towel Pack,5,24.33,0.1,109.48,22.82,Credit Card
ORD-101950,2024-10-30 16:00:00,CUST-1003,Customer 140,53,Male,South,Home Office,Office Supplies,Stapler,4,13.53,0.0,54.12,18.08,UPI
ORD-101951,2024-03-19 13:00:00,CUST-1121,Customer 32,44,Female,East,Consumer,Home & Kitchen,Coffee Maker,2,81.83,0.0,163.66,24.99,Net Banking
ORD-101952,2023-02-22 18:00:00,CUST-1291,Customer 288,26,Male,South,Consumer,Electronics,Smartwatch,6,166.85,0.15,850.94,249.11,Net Banking
ORD-101953,2023-12-06 18:00:00,CUST-1035,Customer 85,29,Male,Central,Corporate,Office Supplies,Stapler,7,12.6,0.0,88.2,8.06,UPI
ORD-101954,2024-12-09 13:00:00,CUST-1734,Customer 82,57,Male,West,Consumer,Clothing,Hoodie,1,44.48,0.0,44.48,7.7,Credit Card
ORD-101955,2023-10-20 19:00:00,CUST-1549,Customer 230,21,Male,West,Consumer,Office Supplies,Pen Set,4,7.41,0.05,28.16,7.26,UPI
ORD-101956,2024-01-21 10:00:00,CUST-1066,Customer 428,37,Male,West,Corporate,Furniture,Bookshelf,6,84.8,0.05,483.36,139.94,Net Banking
ORD-101957,2024-01-24 20:00:00,CUST-1232,Customer 589,43,Male,East,Corporate,Office Supplies,Stapler,6,11.32,0.05,64.52,15.48,UPI
ORD-101958,2024-04-27 11:00:00,CUST-1571,Customer 781,37,Male,East,Consumer,Furniture,Lamp,2,36.76,0.0,73.52,23.14,Credit Card
ORD-101959,2023-05-17 15:00:00,CUST-1219,Customer 181,39,Female,West,Consumer,Home & Kitchen,Cookware Set,1,117.38,0.1,105.64,31.86,Net Banking
ORD-101960,2024-09-04 11:00:00,CUST-1380,Customer 705,68,Female,East,Corporate,Furniture,Office Chair,4,151.64,0.0,606.56,149.65,Net Banking
ORD-101961,2024-12-22 13:00:00,CUST-1088,Customer 845,19,Female,East,Home Office,Electronics,Smartphone,5,659.42,0.15,2802.54,487.62,Credit Card
ORD-101962,2023-04-15 12:00:00,CUST-1690,Customer 692,69,Female,East,Corporate,Office Supplies,Binder,3,6.48,0.0,19.44,3.46,UPI
ORD-101963,2024-08-20 17:00:00,CUST-1041,Customer 314,55,Female,South,Corporate,Furniture,Desk,3,206.43,0.0,619.29,152.39,Net Banking
ORD-101964,2024-08-19 09:00:00,CUST-1076,Customer 282,65,Female,East,Corporate,Electronics,Smartphone,4,693.52,0.05,2635.38,678.0,Credit Card
ORD-101965,2024-06-25 18:00:00,CUST-1184,Customer 467,51,Male,South,Consumer,Office Supplies,Notebook,4,4.33,0.0,17.32,3.23,Net Banking
ORD-101966,2023-09-28 19:00:00,CUST-1292,Customer 745,67,Male,West,Consumer,Office Supplies,Printer Paper,4,16.12,0.05,61.26,11.48,Credit Card
ORD-101967,2023-12-09 15:00:00,CUST-1317,Customer 598,21,Female,East,Corporate,Electronics,Laptop,5,782.05,0.0,3910.25,499.46,Credit Card
ORD-101968,2024-09-04 15:00:00,CUST-1553,Customer 406,55,Female,East,Consumer,Office Supplies,Pen Set,7,7.64,0.0,53.48,4.28,Net Banking
ORD-101969,2023-04-22 17:00:00,CUST-1529,Customer 123,54,Female,East,Consumer,Office Supplies,Printer Paper,6,21.2,0.0,127.2,26.03,Net Banking
ORD-101970,2024-08-27 10:00:00,CUST-1003,Customer 601,66,Female,West,Consumer,Clothing,Hoodie,1,38.57,0.0,38.57,11.74,Credit Card
ORD-101971,2024-11-03 17:00:00,CUST-1080,Customer 619,22,Male,East,Corporate,Furniture,Desk,3,188.53,0.0,565.59,162.31,Net Banking
ORD-101972,2024-05-12 10:00:00,CUST-1254,Customer 453,44,Male,South,Corporate,Electronics,Smartphone,1,557.73,0.0,557.73,194.29,UPI
ORD-101973,2023-09-07 16:00:00,CUST-1292,Customer 109,44,Female,West,Home Office,Home & Kitchen,Blender,7,47.37,0.0,331.59,86.46,Net Banking
ORD-101974,2024-02-13 11:00:00,CUST-1617,Customer 399,22,Male,West,Consumer,Office Supplies,Stapler,5,11.89,0.1,53.5,7.66,UPI
ORD-101975,2023-02-06 17:00:00,CUST-1793,Customer 743,50,Male,West,Home Office,Electronics,Tablet,2,383.86,0.1,690.95,181.64,Net Banking
ORD-101976,2024-11-11 18:00:00,CUST-1200,Customer 858,43,Female,Central,Consumer,Clothing,Jeans,6,45.34,0.0,272.04,82.62,UPI
ORD-101977,2023-09-07 10:00:00,CUST-1544,Customer 439,43,Female,South,Corporate,Electronics,Smartphone,4,709.06,0.0,2836.24,717.76,Cash
ORD-101978,2023-02-11 16:00:00,CUST-1219,Customer 763,53,Female,West,Corporate,Clothing,Jeans,1,39.0,0.0,39.0,8.19,UPI
ORD-101979,2024-08-02 14:00:00,CUST-1799,Customer 81,56,Male,West,Consumer,Clothing,Hoodie,2,40.58,0.0,81.16,20.05,Credit Card
ORD-101980,2024-04-25 11:00:00,CUST-1498,Customer 61,52,Male,South,Home Office,Home & Kitchen,Cookware Set,6,135.06,0.05,769.84,66.95,Credit Card
ORD-101981,2024-03-30 15:00:00,CUST-1063,Customer 637,38,Female,South,Consumer,Home & Kitchen,Towel Pack,3,23.9,0.0,71.7,10.87,Credit Card
ORD-101982,2023-02-09 20:00:00,CUST-1074,Customer 874,68,Female,Central,Consumer,Electronics,Smartwatch,4,218.21,0.2,698.27,85.6,Net Banking
ORD-101983,2024-07-02 08:00:00,CUST-1323,Customer 69,29,Other,Central,Corporate,Clothing,Sneakers,7,80.4,0.1,506.52,97.06,UPI
ORD-101984,2024-04-10 20:00:00,CUST-1355,Customer 133,35,Male,West,Corporate,Furniture,Bookshelf,3,92.28,0.0,276.84,88.9,UPI
ORD-101985,2024-08-02 19:00:00,CUST-1184,Customer 877,43,Male,West,Corporate,Office Supplies,Stapler,1,13.04,0.0,13.04,1.7,Credit Card
ORD-101986,2024-08-26 14:00:00,CUST-1064,Customer 862,34,Male,West,Consumer,Office Supplies,Stapler,1,10.91,0.0,10.91,1.08,UPI
ORD-101987,2023-06-04 15:00:00,CUST-1753,Customer 408,35,Female,Central,Consumer,Electronics,Laptop,7,965.2,0.0,6756.4,1957.79,UPI
ORD-101988,2023-06-03 12:00:00,CUST-1549,Customer 39,66,Male,South,Consumer,Electronics,Headphones,5,76.72,0.05,364.42,114.55,Cash
ORD-101989,2024-11-05 09:00:00,CUST-1724,Customer 345,25,Male,West,Corporate,Electronics,Tablet,3,300.1,0.0,900.3,201.2,Credit Card
ORD-101990,2024-01-23 15:00:00,CUST-1229,Customer 605,44,Male,West,Corporate,Electronics,Laptop,1,950.3,0.0,950.3,172.64,Credit Card
ORD-101991,2023-11-16 18:00:00,CUST-1455,Customer 283,42,Male,Central,Home Office,Electronics,Tablet,5,372.9,0.0,1864.5,365.9,Credit Card
ORD-101992,2023-07-29 11:00:00,CUST-1508,Customer 298,22,Female,East,Consumer,Home & Kitchen,Cookware Set,1,139.11,0.05,132.15,34.09,Credit Card
ORD-101993,2024-04-11 17:00:00,CUST-1245,Customer 405,28,Male,Central,Corporate,Office Supplies,Pen Set,1,9.3,0.0,9.3,2.83,UPI
ORD-101994,2024-07-04 17:00:00,CUST-1515,Customer 407,32,Female,Central,Home Office,Clothing,T-Shirt,5,17.05,0.2,68.2,8.94,UPI
ORD-101995,2023-01-02 17:00:00,CUST-1435,Customer 703,42,Female,East,Consumer,Clothing,Sneakers,5,91.33,0.0,456.65,147.78,UPI
ORD-101996,2024-02-08 12:00:00,CUST-1685,Customer 449,39,Male,East,Consumer,Clothing,T-Shirt,4,21.59,0.0,86.36,22.24,Cash
ORD-101997,2024-12-26 13:00:00,CUST-1696,Customer 468,48,Male,East,Home Office,Furniture,Bookshelf,7,84.18,0.05,559.8,156.37,Net Banking
ORD-101998,2023-07-24 13:00:00,CUST-1742,Customer 366,37,Male,East,Consumer,Home & Kitchen,Blender,2,55.85,0.05,106.12,10.98,UPI
ORD-101999,2023-07-25 19:00:00,CUST-1459,Customer 579,58,Male,West,Corporate,Clothing,Hoodie,4,46.74,0.0,186.96,61.31,UPI
ORD-102000,2024-10-03 19:00:00,CUST-1044,Customer 628,37,Female,Central,Consumer,Clothing,T-Shirt,3,15.95,0.05,45.46,10.12,UPI
ORD-102001,2023-02-15 13:00:00,CUST-1612,Customer 52,62,Female,West,Consumer,Home & Kitchen,Storage Box,3,18.8,0.0,56.4,10.03,UPI
ORD-102002,2023-10-18 20:00:00,CUST-1330,Customer 37,69,Male,Central,Corporate,Office Supplies,Stapler,2,12.25,0.0,24.5,4.6,Credit Card
ORD-102003,2023-12-01 15:00:00,CUST-1550,Customer 766,52,Male,East,Consumer,Office Supplies,Notebook,6,4.65,0.0,27.9,4.44,Credit Card
ORD-102004,2024-08-05 13:00:00,CUST-1533,Customer 44,23,Female,South,Home Office,Home & Kitchen,Towel Pack,5,23.48,0.05,111.53,13.83,Credit Card
ORD-102005,2023-04-05 08:00:00,CUST-1078,Customer 476,64,Female,West,Consumer,Furniture,Lamp,5,37.98,0.05,180.4,16.12,UPI
ORD-102006,2023-11-13 15:00:00,CUST-1153,Customer 752,60,Male,Central,Consumer,Clothing,Jeans,1,50.42,0.05,47.9,7.25,Credit Card
ORD-102007,2023-04-22 16:00:00,CUST-1606,Customer 471,47,Male,East,Consumer,Electronics,Tablet,1,296.99,0.15,252.44,54.04,UPI
ORD-102008,2024-07-28 20:00:00,CUST-1444,Customer 80,35,Male,South,Home Office,Electronics,Smartwatch,6,203.25,0.05,1158.52,301.24,Cash
ORD-102009,2024-04-06 17:00:00,CUST-1166,Customer 227,54,Male,West,Consumer,Office Supplies,Printer Paper,5,21.12,0.15,89.76,24.95,Credit Card
ORD-102010,2023-12-29 08:00:00,CUST-1681,Customer 141,50,Female,South,Consumer,Electronics,Smartphone,1,734.48,0.0,734.48,176.87,Credit Card
ORD-102011,2023-10-14 15:00:00,CUST-1696,Customer 70,58,Female,West,Consumer,Home & Kitchen,Blender,5,65.39,0.05,310.6,34.58,UPI
ORD-102012,2023-04-22 17:00:00,CUST-1178,Customer 317,51,Male,South,Corporate,Electronics,Headphones,7,86.08,0.05,572.43,112.49,UPI
ORD-102013,2024-11-03 14:00:00,CUST-1247,Customer 303,60,Female,West,Consumer,Clothing,Hoodie,6,42.87,0.0,257.22,66.93,Credit Card
ORD-102014,2024-04-17 13:00:00,CUST-1154,Customer 589,68,Male,East,Home Office,Electronics,Headphones,2,83.47,0.0,166.94,46.85,UPI
ORD-102015,2023-08-21 18:00:00,CUST-1451,Customer 736,57,Male,Central,Consumer,Home & Kitchen,Towel Pack,3,23.38,0.05,66.63,11.17,Credit Card
ORD-102016,2023-10-30 15:00:00,CUST-1614,Customer 519,34,Female,East,Consumer,Furniture,Sofa,6,510.84,0.0,3065.04,1013.54,UPI
ORD-102017,2024-06-14 16:00:00,CUST-1228,Customer 492,64,Female,Central,Consumer,Electronics,Smartphone,3,536.2,0.0,1608.6,474.14,UPI
ORD-102018,2024-06-09 14:00:00,CUST-1014,Customer 723,60,Female,West,Consumer,Electronics,Laptop,6,748.94,0.1,4044.28,1253.59,UPI
ORD-102019,2023-12-03 11:00:00,CUST-1006,Customer 237,42,Male,Central,Corporate,Office Supplies,Binder,7,6.4,0.05,42.56,11.06,Net Banking
ORD-102020,2023-08-10 14:00:00,CUST-1210,Customer 430,21,Male,West,Home Office,Home & Kitchen,Towel Pack,3,21.12,0.0,63.36,12.15,Credit Card
ORD-102021,2024-04-26 20:00:00,CUST-1624,Customer 534,67,Female,West,Corporate,Home & Kitchen,Cookware Set,5,114.66,0.0,573.3,190.46,UPI
ORD-102022,2024-04-25 15:00:00,CUST-1289,Customer 725,46,Male,Central,Home Office,Furniture,Bookshelf,4,82.59,0.15,280.81,90.81,Credit Card
ORD-102023,2024-03-13 17:00:00,CUST-1571,Customer 316,38,Female,Central,Corporate,Office Supplies,Binder,4,6.78,0.2,21.7,6.59,Net Banking
ORD-102024,2023-02-23 09:00:00,CUST-1725,Customer 451,49,Female,Central,Consumer,Electronics,Smartwatch,1,225.63,0.05,214.35,68.72,Credit Card
ORD-102025,2023-12-12 20:00:00,CUST-1738,Customer 202,21,Male,Central,Consumer,Office Supplies,Printer Paper,7,19.25,0.0,134.75,44.13,UPI
ORD-102026,2024-03-24 11:00:00,CUST-1248,Customer 283,60,Female,Central,Corporate,Office Supplies,Printer Paper,4,21.26,0.0,85.04,23.94,UPI
ORD-102027,2024-11-24 20:00:00,CUST-1458,Customer 666,27,Female,South,Home Office,Electronics,Smartphone,2,718.8,0.0,1437.6,192.77,Net Banking
ORD-102028,2024-01-19 13:00:00,CUST-1582,Customer 760,31,Female,West,Home Office,Office Supplies,Printer Paper,5,16.67,0.1,75.02,16.91,UPI
ORD-102029,2023-09-08 19:00:00,CUST-1150,Customer 151,47,Male,East,Corporate,Home & Kitchen,Storage Box,3,14.46,0.05,41.21,10.15,UPI
ORD-102030,2024-02-10 19:00:00,CUST-1556,Customer 892,52,Female,Central,Consumer,Electronics,Smartphone,6,572.91,0.1,3093.71,893.5,UPI
ORD-102031,2023-05-10 17:00:00,CUST-1136,Customer 526,18,Male,West,Corporate,Electronics,Headphones,6,70.69,0.0,424.14,90.63,UPI
ORD-102032,2023-03-08 19:00:00,CUST-1452,Customer 890,48,Male,South,Corporate,Electronics,Smartwatch,3,200.26,0.15,510.66,111.57,Credit Card
ORD-102033,2024-05-10 15:00:00,CUST-1311,Customer 660,26,Female,South,Home Office,Electronics,Headphones,5,75.91,0.0,379.55,132.39,Credit Card
ORD-102034,2024-12-20 19:00:00,CUST-1306,Customer 116,67,Other,South,Corporate,Electronics,Tablet,1,397.64,0.0,397.64,80.36,Credit Card
ORD-102035,2024-09-09 10:00:00,CUST-1264,Customer 56,37,Male,West,Consumer,Office Supplies,Stapler,7,12.78,0.05,84.99,9.78,UPI
ORD-102036,2024-03-02 08:00:00,CUST-1391,Customer 820,43,Female,Central,Corporate,Electronics,Smartphone,4,605.04,0.05,2299.15,624.48,UPI
ORD-102037,2023-01-30 15:00:00,CUST-1326,Customer 626,50,Female,West,Consumer,Clothing,T-Shirt,5,21.5,0.15,91.38,16.26,Net Banking
ORD-102038,2024-12-22 18:00:00,CUST-1208,Customer 779,26,Female,East,Consumer,Home & Kitchen,Storage Box,5,18.94,0.05,89.96,13.23,UPI
ORD-102039,2023-11-25 17:00:00,CUST-1179,Customer 11,26,Male,Central,Corporate,Home & Kitchen,Towel Pack,3,24.7,0.15,62.98,15.73,Credit Card
ORD-102040,2023-07-31 14:00:00,CUST-1389,Customer 143,67,Male,Central,Home Office,Office Supplies,Stapler,5,13.53,0.0,67.65,22.84,UPI
ORD-102041,2024-10-13 14:00:00,CUST-1790,Customer 730,47,Female,East,Corporate,Electronics,Headphones,3,95.36,0.0,286.08,47.05,UPI
ORD-102042,2024-06-28 15:00:00,CUST-1520,Customer 762,29,Female,South,Consumer,Electronics,Headphones,5,84.81,0.0,424.05,76.55,UPI
ORD-102043,2024-07-01 19:00:00,CUST-1068,Customer 251,52,Male,South,Consumer,Electronics,Tablet,1,393.72,0.0,393.72,80.98,UPI
ORD-102044,2023-07-22 18:00:00,CUST-1057,Customer 889,64,Male,West,Consumer,Home & Kitchen,Towel Pack,2,19.2,0.1,34.56,9.18,UPI
ORD-102045,2024-12-25 09:00:00,CUST-1591,Customer 139,57,Female,East,Corporate,Home & Kitchen,Storage Box,7,16.7,0.0,116.9,21.85,Net Banking
ORD-102046,2023-11-27 15:00:00,CUST-1436,Customer 275,38,Female,South,Corporate,Furniture,Lamp,6,35.91,0.0,215.46,41.97,Credit Card
ORD-102047,2024-01-23 12:00:00,CUST-1454,Customer 118,52,Female,East,Consumer,Furniture,Sofa,1,414.34,0.0,414.34,111.56,Cash
ORD-102048,2024-07-02 18:00:00,CUST-1297,Customer 512,64,Female,East,Consumer,Office Supplies,Stapler,2,10.57,0.1,19.03,6.58,Net Banking
ORD-102049,2024-04-26 14:00:00,CUST-1444,Customer 392,31,Female,West,Corporate,Furniture,Desk,4,188.68,0.15,641.51,106.14,Credit Card
ORD-102050,2023-05-06 20:00:00,CUST-1468,Customer 543,59,Female,South,Consumer,Home & Kitchen,Towel Pack,1,20.96,0.1,18.86,4.49,Cash
ORD-102051,2023-08-09 13:00:00,CUST-1490,Customer 260,69,Female,Central,Corporate,Electronics,Smartwatch,3,165.06,0.0,495.18,145.83,Credit Card
ORD-102052,2023-09-21 16:00:00,CUST-1754,Customer 475,35,Female,Central,Corporate,Furniture,Bookshelf,3,89.83,0.05,256.02,35.15,UPI
ORD-102053,2024-11-22 09:00:00,CUST-1723,Customer 422,64,Male,South,Consumer,Furniture,Office Chair,1,158.82,0.0,158.82,47.8,Credit Card
ORD-102054,2024-06-05 20:00:00,CUST-1668,Customer 256,19,Male,Central,Consumer,Electronics,Tablet,3,362.05,0.15,923.23,162.33,Credit Card
ORD-102055,2023-09-25 09:00:00,CUST-1540,Customer 761,37,Male,Central,Corporate,Furniture,Lamp,3,38.0,0.0,114.0,12.54,UPI
ORD-102056,2024-06-20 12:00:00,CUST-1548,Customer 774,32,Female,East,Consumer,Home & Kitchen,Coffee Maker,1,60.27,0.2,48.22,4.18,UPI
ORD-102057,2024-06-23 18:00:00,CUST-1216,Customer 95,19,Male,West,Consumer,Electronics,Headphones,5,91.51,0.1,411.8,36.62,Credit Card
ORD-102058,2023-10-15 20:00:00,CUST-1691,Customer 266,49,Male,West,Home Office,Office Supplies,Notebook,2,3.6,0.1,6.48,1.91,UPI
ORD-102059,2023-10-22 14:00:00,CUST-1215,Customer 235,45,Other,East,Consumer,Furniture,Lamp,1,33.46,0.1,30.11,7.9,UPI
ORD-102060,2024-10-14 14:00:00,CUST-1098,Customer 249,37,Female,West,Home Office,Electronics,Smartphone,1,639.14,0.0,639.14,188.06,Credit Card
ORD-102061,2024-02-15 08:00:00,CUST-1662,Customer 102,62,Female,East,Consumer,Electronics,Smartphone,7,728.81,0.0,5101.67,1445.28,Cash
ORD-102062,2023-04-20 20:00:00,CUST-1330,Customer 349,30,Female,East,Consumer,Electronics,Headphones,1,95.95,0.0,95.95,17.55,Net Banking
ORD-102063,2024-06-09 08:00:00,CUST-1382,Customer 573,60,Male,West,Consumer,Electronics,Smartphone,7,696.84,0.0,4877.88,1619.04,Credit Card
ORD-102064,2024-03-06 08:00:00,CUST-1504,Customer 336,51,Male,East,Corporate,Furniture,Sofa,2,530.52,0.1,954.94,302.76,Net Banking
ORD-102065,2024-01-07 14:00:00,CUST-1563,Customer 561,64,Female,East,Home Office,Clothing,Hoodie,1,41.39,0.05,39.32,6.84,Net Banking
ORD-102066,2024-06-13 08:00:00,CUST-1063,Customer 64,18,Female,Central,Consumer,Clothing,Hoodie,4,43.32,0.15,147.29,42.52,UPI
ORD-102067,2024-10-24 10:00:00,CUST-1300,Customer 763,68,Male,South,Home Office,Home & Kitchen,Cookware Set,7,108.07,0.15,643.02,193.75,Net Banking
ORD-102068,2023-08-30 16:00:00,CUST-1628,Customer 467,18,Male,Central,Corporate,Furniture,Office Chair,1,132.19,0.0,132.19,28.01,Cash
ORD-102069,2023-11-03 17:00:00,CUST-1590,Customer 656,55,Male,East,Home Office,Clothing,Hoodie,3,47.79,0.0,143.37,16.13,Cash
ORD-102070,2023-05-19 11:00:00,CUST-1503,Customer 440,57,Female,Central,Corporate,Office Supplies,Pen Set,6,9.54,0.0,57.24,9.74,Credit Card
ORD-102071,2024-04-17 18:00:00,CUST-1339,Customer 629,26,Male,Central,Corporate,Electronics,Tablet,1,327.43,0.0,327.43,113.61,Cash
ORD-102072,2023-10-21 15:00:00,CUST-1283,Customer 508,19,Male,East,Home Office,Furniture,Desk,2,205.56,0.05,390.56,106.74,Credit Card
ORD-102073,2023-09-07 10:00:00,CUST-1394,Customer 145,19,Male,East,Corporate,Office Supplies,Stapler,3,11.16,0.1,30.13,8.71,UPI
ORD-102074,2024-05-23 17:00:00,CUST-1145,Customer 207,24,Female,West,Home Office,Clothing,Jacket,6,76.48,0.1,412.99,134.73,Credit Card
ORD-102075,2023-10-25 15:00:00,CUST-1742,Customer 737,25,Female,West,Consumer,Office Supplies,Stapler,6,11.14,0.05,63.5,8.56,Cash
ORD-102076,2023-12-05 18:00:00,CUST-1151,Customer 307,68,Male,East,Consumer,Electronics,Laptop,5,915.43,0.1,4119.43,1406.66,Net Banking
ORD-102077,2023-11-18 10:00:00,CUST-1395,Customer 7,28,Male,East,Corporate,Home & Kitchen,Cookware Set,5,105.14,0.05,499.42,109.82,UPI
ORD-102078,2023-07-08 11:00:00,CUST-1605,Customer 471,59,Male,West,Consumer,Electronics,Headphones,1,70.9,0.2,56.72,15.94,UPI
ORD-102079,2023-04-02 11:00:00,CUST-1179,Customer 643,21,Female,West,Consumer,Home & Kitchen,Storage Box,2,15.15,0.1,27.27,4.52,Credit Card
ORD-102080,2024-08-26 12:00:00,CUST-1790,Customer 767,52,Male,West,Home Office,Clothing,Jacket,7,84.16,0.1,530.21,89.57,Credit Card
ORD-102081,2023-03-08 19:00:00,CUST-1425,Customer 733,41,Female,South,Corporate,Clothing,Hoodie,6,38.53,0.0,231.18,40.94,Net Banking
ORD-102082,2023-08-26 17:00:00,CUST-1126,Customer 848,46,Male,East,Home Office,Clothing,Jeans,2,45.67,0.1,82.21,14.3,UPI
ORD-102083,2024-05-02 15:00:00,CUST-1006,Customer 204,58,Female,Central,Consumer,Electronics,Smartphone,5,669.49,0.0,3347.45,324.29,Cash
ORD-102084,2023-04-06 15:00:00,CUST-1249,Customer 643,28,Male,West,Consumer,Office Supplies,Notebook,6,4.5,0.0,27.0,4.42,Cash
ORD-102085,2024-04-23 19:00:00,CUST-1223,Customer 281,18,Female,Central,Consumer,Clothing,Sneakers,6,81.39,0.05,463.92,118.2,UPI
ORD-102086,2024-06-19 13:00:00,CUST-1039,Customer 788,29,Female,Central,Home Office,Clothing,T-Shirt,7,19.91,0.0,139.37,45.09,UPI
ORD-102087,2024-04-28 10:00:00,CUST-1483,Customer 218,59,Male,Central,Consumer,Electronics,Smartphone,4,589.08,0.0,2356.32,215.01,Credit Card
ORD-102088,2023-08-11 09:00:00,CUST-1413,Customer 644,48,Male,Central,Home Office,Electronics,Tablet,1,365.69,0.0,365.69,30.9,Credit Card
ORD-102089,2023-01-15 12:00:00,CUST-1056,Customer 737,66,Male,Central,Consumer,Furniture,Sofa,6,483.75,0.1,2612.25,626.8,Cash
ORD-102090,2024-10-09 16:00:00,CUST-1663,Customer 534,61,Female,Central,Consumer,Office Supplies,Stapler,1,14.09,0.05,13.39,3.6,Net Banking
ORD-102091,2023-08-27 14:00:00,CUST-1364,Customer 379,25,Female,East,Corporate,Office Supplies,Binder,5,7.16,0.15,30.43,7.43,Credit Card
ORD-102092,2024-08-10 13:00:00,CUST-1471,Customer 419,21,Female,West,Corporate,Clothing,Sneakers,6,95.28,0.1,514.51,176.33,UPI
ORD-102093,2023-05-25 14:00:00,CUST-1479,Customer 327,19,Female,South,Corporate,Clothing,Hoodie,1,46.82,0.0,46.82,6.64,UPI
ORD-102094,2023-04-29 20:00:00,CUST-1670,Customer 105,27,Male,West,Consumer,Office Supplies,Printer Paper,6,16.16,0.1,87.26,18.32,UPI
ORD-102095,2024-07-22 20:00:00,CUST-1181,Customer 452,42,Male,East,Consumer,Electronics,Headphones,6,86.32,0.05,492.02,161.03,UPI
ORD-102096,2024-11-17 10:00:00,CUST-1033,Customer 545,18,Female,South,Home Office,Office Supplies,Notebook,5,3.68,0.0,18.4,4.54,Credit Card
ORD-102097,2024-09-20 09:00:00,CUST-1174,Customer 657,63,Male,South,Consumer,Furniture,Desk,3,208.33,0.2,499.99,117.91,UPI
ORD-102098,2024-07-02 11:00:00,CUST-1544,Customer 54,42,Male,West,Consumer,Electronics,Smartwatch,2,196.27,0.15,333.66,110.73,Cash
ORD-102099,2023-06-30 19:00:00,CUST-1535,Customer 594,56,Male,West,Consumer,Electronics,Smartphone,5,688.01,0.0,3440.05,589.98,Credit Card
ORD-102100,2024-10-28 13:00:00,CUST-1248,Customer 260,63,Male,East,Consumer,Furniture,Sofa,2,529.21,0.1,952.58,116.63,UPI
ORD-102101,2024-05-02 19:00:00,CUST-1779,Customer 637,19,Female,West,Corporate,Electronics,Laptop,5,981.16,0.0,4905.8,563.64,UPI
ORD-102102,2023-05-06 16:00:00,CUST-1552,Customer 447,40,Male,South,Corporate,Office Supplies,Notebook,2,4.18,0.15,7.11,2.15,Net Banking
ORD-102103,2023-04-05 15:00:00,CUST-1245,Customer 852,53,Male,East,Home Office,Electronics,Smartphone,3,728.02,0.05,2074.86,646.06,Net Banking
ORD-102104,2024-09-27 11:00:00,CUST-1787,Customer 98,69,Male,West,Corporate,Electronics,Smartphone,4,719.67,0.0,2878.68,412.07,UPI
ORD-102105,2023-07-20 12:00:00,CUST-1166,Customer 230,60,Male,South,Consumer,Electronics,Tablet,2,390.04,0.1,702.07,142.81,Credit Card
ORD-102106,2024-07-13 09:00:00,CUST-1024,Customer 648,29,Male,West,Corporate,Office Supplies,Pen Set,6,7.44,0.05,42.41,10.09,Net Banking
ORD-102107,2023-04-12 14:00:00,CUST-1787,Customer 186,32,Male,South,Home Office,Office Supplies,Stapler,5,12.43,0.0,62.15,7.31,Credit Card
ORD-102108,2023-07-24 11:00:00,CUST-1349,Customer 228,59,Male,West,Consumer,Furniture,Bookshelf,1,99.69,0.1,89.72,27.74,UPI
ORD-102109,2023-07-26 11:00:00,CUST-1667,Customer 585,51,Male,East,Consumer,Electronics,Smartphone,6,738.81,0.1,3989.57,770.37,Credit Card
ORD-102110,2023-07-25 08:00:00,CUST-1686,Customer 461,30,Female,South,Consumer,Home & Kitchen,Storage Box,6,13.67,0.05,77.92,24.4,Credit Card
ORD-102111,2024-05-07 18:00:00,CUST-1748,Customer 132,43,Female,East,Home Office,Office Supplies,Printer Paper,6,17.36,0.1,93.74,26.74,Net Banking
ORD-102112,2024-10-29 20:00:00,CUST-1607,Customer 294,66,Female,Central,Consumer,Office Supplies,Notebook,5,3.88,0.0,19.4,3.1,Credit Card
ORD-102113,2024-10-26 14:00:00,CUST-1036,Customer 579,28,Male,East,Consumer,Office Supplies,Pen Set,5,7.61,0.0,38.05,10.41,Cash
ORD-102114,2024-06-25 14:00:00,CUST-1435,Customer 60,35,Male,Central,Corporate,Clothing,T-Shirt,3,20.45,0.05,58.28,16.32,Cash
ORD-102115,2023-05-28 20:00:00,CUST-1746,Customer 860,64,Other,East,Corporate,Home & Kitchen,Coffee Maker,2,60.6,0.0,121.2,19.88,UPI
ORD-102116,2024-12-02 14:00:00,CUST-1612,Customer 360,52,Male,South,Consumer,Furniture,Sofa,2,468.39,0.05,889.94,132.16,Credit Card
ORD-102117,2024-01-31 16:00:00,CUST-1670,Customer 413,29,Male,South,Corporate,Clothing,Hoodie,3,43.96,0.15,112.1,33.89,UPI
ORD-102118,2024-02-03 13:00:00,CUST-1629,Customer 591,32,Male,East,Corporate,Electronics,Headphones,3,79.39,0.1,214.35,56.38,Net Banking
ORD-102119,2024-05-27 14:00:00,CUST-1239,Customer 194,61,Male,West,Consumer,Office Supplies,Notebook,6,3.6,0.05,20.52,5.74,Credit Card
ORD-102120,2024-07-15 14:00:00,CUST-1620,Customer 506,32,Female,Central,Consumer,Furniture,Office Chair,4,148.93,0.05,565.93,93.11,Credit Card
ORD-102121,2024-11-26 17:00:00,CUST-1499,Customer 895,54,Female,South,Consumer,Electronics,Headphones,3,82.63,0.15,210.71,57.94,UPI
ORD-102122,2024-03-01 15:00:00,CUST-1464,Customer 863,43,Male,West,Corporate,Home & Kitchen,Coffee Maker,6,83.56,0.15,426.16,116.28,UPI
ORD-102123,2024-03-21 14:00:00,CUST-1137,Customer 345,29,Male,South,Consumer,Home & Kitchen,Cookware Set,6,133.44,0.0,800.64,136.1,UPI
ORD-102124,2024-06-28 08:00:00,CUST-1086,Customer 892,37,Male,South,Corporate,Furniture,Office Chair,7,167.32,0.05,1112.68,170.27,Credit Card
ORD-102125,2023-07-06 19:00:00,CUST-1334,Customer 103,54,Male,Central,Consumer,Home & Kitchen,Coffee Maker,3,64.07,0.0,192.21,37.76,Credit Card
ORD-102126,2023-08-13 19:00:00,CUST-1197,Customer 809,59,Female,West,Consumer,Furniture,Bookshelf,2,100.49,0.0,200.98,56.18,Credit Card
ORD-102127,2024-04-01 10:00:00,CUST-1481,Customer 375,19,Female,West,Corporate,Furniture,Desk,1,229.48,0.0,229.48,30.35,UPI
ORD-102128,2023-02-16 11:00:00,CUST-1252,Customer 282,65,Male,Central,Consumer,Home & Kitchen,Coffee Maker,2,76.96,0.05,146.22,46.21,Net Banking
ORD-102129,2023-08-22 20:00:00,CUST-1088,Customer 79,30,Male,Central,Consumer,Furniture,Desk,5,223.0,0.1,1003.5,149.45,Cash
ORD-102130,2024-06-08 12:00:00,CUST-1027,Customer 557,51,Female,East,Home Office,Furniture,Office Chair,6,129.41,0.15,659.99,202.42,UPI
ORD-102131,2024-12-13 18:00:00,CUST-1773,Customer 75,32,Male,West,Home Office,Office Supplies,Pen Set,5,6.93,0.0,34.65,4.23,UPI
ORD-102132,2024-01-15 18:00:00,CUST-1086,Customer 657,31,Female,South,Corporate,Electronics,Smartphone,7,708.91,0.0,4962.37,1387.72,UPI
ORD-102133,2023-10-19 19:00:00,CUST-1743,Customer 43,64,Female,West,Corporate,Furniture,Lamp,5,39.73,0.0,198.65,46.0,UPI
ORD-102134,2023-11-18 08:00:00,CUST-1448,Customer 472,54,Male,West,Corporate,Furniture,Lamp,7,31.74,0.0,222.18,57.45,Cash
ORD-102135,2024-05-15 14:00:00,CUST-1693,Customer 409,65,Female,West,Consumer,Office Supplies,Stapler,2,12.91,0.0,25.82,8.86,UPI
ORD-102136,2024-02-02 15:00:00,CUST-1728,Customer 889,19,Male,East,Consumer,Electronics,Smartphone,3,687.09,0.2,1649.02,155.32,Credit Card
ORD-102137,2023-01-17 18:00:00,CUST-1102,Customer 413,32,Male,East,Corporate,Electronics,Headphones,6,83.61,0.0,501.66,60.33,UPI
ORD-102138,2024-01-29 10:00:00,CUST-1433,Customer 285,20,Female,West,Corporate,Clothing,Sneakers,5,81.69,0.1,367.6,37.26,Credit Card
ORD-102139,2023-10-20 11:00:00,CUST-1535,Customer 660,42,Female,Central,Consumer,Electronics,Smartphone,4,718.17,0.0,2872.68,632.86,UPI
ORD-102140,2024-05-26 10:00:00,CUST-1504,Customer 781,42,Female,Central,Home Office,Furniture,Sofa,7,515.93,0.05,3430.93,1018.16,Cash
ORD-102141,2024-09-30 17:00:00,CUST-1712,Customer 490,69,Female,East,Consumer,Clothing,Hoodie,6,44.08,0.15,224.81,21.31,UPI
ORD-102142,2024-12-03 20:00:00,CUST-1134,Customer 682,30,Male,West,Consumer,Clothing,Jacket,3,80.87,0.15,206.22,59.89,Credit Card
ORD-102143,2024-03-21 09:00:00,CUST-1110,Customer 774,52,Female,South,Consumer,Electronics,Laptop,5,937.08,0.0,4685.4,922.67,UPI
ORD-102144,2023-09-22 11:00:00,CUST-1667,Customer 414,69,Female,East,Corporate,Home & Kitchen,Blender,3,49.54,0.15,126.33,42.22,Credit Card
ORD-102145,2023-11-21 11:00:00,CUST-1517,Customer 785,21,Female,South,Consumer,Clothing,Hoodie,3,46.92,0.0,140.76,25.81,UPI
ORD-102146,2023-05-09 19:00:00,CUST-1734,Customer 720,41,Male,Central,Consumer,Furniture,Bookshelf,6,85.5,0.1,461.7,159.67,Credit Card
ORD-102147,2024-11-14 13:00:00,CUST-1163,Customer 154,38,Male,South,Corporate,Clothing,Jeans,5,51.43,0.0,257.15,59.21,UPI
ORD-102148,2024-09-10 11:00:00,CUST-1045,Customer 389,19,Female,Central,Corporate,Clothing,Sneakers,1,98.83,0.05,93.89,32.61,Net Banking
ORD-102149,2024-09-15 12:00:00,CUST-1551,Customer 38,39,Male,South,Consumer,Office Supplies,Binder,5,6.47,0.1,29.12,7.3,Credit Card
ORD-102150,2023-08-28 15:00:00,CUST-1606,Customer 690,31,Female,Central,Corporate,Office Supplies,Stapler,5,12.71,0.1,57.2,9.92,UPI
ORD-102151,2023-08-24 13:00:00,CUST-1518,Customer 635,33,Male,East,Home Office,Clothing,Jeans,4,39.97,0.1,143.89,42.72,UPI
ORD-102152,2024-09-17 09:00:00,CUST-1038,Customer 36,29,Male,South,Consumer,Home & Kitchen,Storage Box,3,16.04,0.0,48.12,10.18,Cash
ORD-102153,2024-02-02 18:00:00,CUST-1697,Customer 9,45,Male,East,Corporate,Office Supplies,Notebook,5,4.26,0.15,18.1,2.96,Net Banking
ORD-102154,2024-05-29 13:00:00,CUST-1202,Customer 546,38,Female,West,Consumer,Clothing,Hoodie,7,35.15,0.0,246.05,51.46,UPI
ORD-102155,2023-12-24 11:00:00,CUST-1388,Customer 355,56,Male,West,Consumer,Clothing,Jacket,1,66.68,0.0,66.68,21.03,Credit Card
ORD-102156,2023-11-20 17:00:00,CUST-1018,Customer 40,36,Male,Central,Consumer,Home & Kitchen,Blender,5,65.87,0.0,329.35,91.47,UPI
ORD-102157,2024-04-06 17:00:00,CUST-1607,Customer 49,53,Female,Central,Home Office,Home & Kitchen,Coffee Maker,7,67.64,0.0,473.48,60.09,UPI
ORD-102158,2024-08-16 10:00:00,CUST-1653,Customer 779,45,Male,South,Consumer,Electronics,Smartwatch,3,184.76,0.0,554.28,169.84,Cash
ORD-102159,2023-09-01 08:00:00,CUST-1153,Customer 413,36,Female,East,Home Office,Electronics,Smartwatch,3,178.23,0.05,507.96,99.81,Cash
ORD-102160,2024-08-13 08:00:00,CUST-1062,Customer 681,60,Male,South,Consumer,Office Supplies,Notebook,2,4.3,0.0,8.6,0.88,UPI
ORD-102161,2023-06-28 17:00:00,CUST-1514,Customer 405,56,Female,South,Consumer,Furniture,Sofa,2,487.48,0.05,926.21,110.9,Credit Card
ORD-102162,2023-10-22 16:00:00,CUST-1443,Customer 828,45,Female,West,Corporate,Office Supplies,Binder,3,6.76,0.0,20.28,1.98,UPI
ORD-102163,2024-10-28 18:00:00,CUST-1701,Customer 761,45,Female,East,Consumer,Clothing,Sneakers,6,87.5,0.1,472.5,124.12,Net Banking
ORD-102164,2024-11-27 16:00:00,CUST-1234,Customer 814,57,Male,West,Consumer,Home & Kitchen,Towel Pack,2,18.82,0.0,37.64,5.63,UPI
ORD-102165,2024-11-05 13:00:00,CUST-1578,Customer 581,58,Female,East,Consumer,Furniture,Office Chair,2,142.65,0.0,285.3,30.25,UPI
ORD-102166,2023-08-19 15:00:00,CUST-1678,Customer 14,55,Male,Central,Corporate,Clothing,Sneakers,7,73.89,0.05,491.37,87.82,UPI
ORD-102167,2024-09-07 17:00:00,CUST-1702,Customer 362,23,Female,East,Corporate,Electronics,Smartwatch,7,216.48,0.15,1288.06,404.55,Credit Card
ORD-102168,2024-11-14 13:00:00,CUST-1067,Customer 89,29,Male,West,Home Office,Office Supplies,Notebook,2,3.56,0.2,5.7,1.42,Cash
ORD-102169,2024-12-15 19:00:00,CUST-1503,Customer 458,39,Female,Central,Consumer,Electronics,Smartphone,3,574.08,0.0,1722.24,363.88,Credit Card
ORD-102170,2023-01-16 19:00:00,CUST-1275,Customer 433,47,Male,West,Corporate,Office Supplies,Binder,3,6.07,0.15,15.48,4.3,Net Banking
ORD-102171,2024-06-27 18:00:00,CUST-1441,Customer 494,38,Female,South,Consumer,Office Supplies,Binder,3,5.51,0.05,15.7,1.58,UPI
ORD-102172,2024-12-28 20:00:00,CUST-1536,Customer 844,61,Male,East,Consumer,Clothing,T-Shirt,2,18.7,0.15,31.79,10.12,Credit Card
ORD-102173,2024-07-12 13:00:00,CUST-1732,Customer 204,36,Female,West,Consumer,Office Supplies,Printer Paper,1,18.2,0.0,18.2,2.33,Cash
ORD-102174,2023-06-20 09:00:00,CUST-1375,Customer 784,46,Male,South,Home Office,Furniture,Bookshelf,5,106.5,0.0,532.5,45.67,Cash
ORD-102175,2024-07-10 14:00:00,CUST-1258,Customer 698,54,Female,West,Consumer,Electronics,Headphones,1,70.47,0.0,70.47,12.53,Credit Card
ORD-102176,2023-03-18 17:00:00,CUST-1153,Customer 402,37,Female,West,Consumer,Electronics,Headphones,5,84.15,0.1,378.68,36.27,Credit Card
ORD-102177,2023-12-17 18:00:00,CUST-1598,Customer 421,46,Male,South,Consumer,Home & Kitchen,Storage Box,1,17.63,0.0,17.63,2.21,UPI
ORD-102178,2024-04-02 13:00:00,CUST-1272,Customer 353,55,Male,West,Consumer,Home & Kitchen,Cookware Set,2,107.36,0.0,214.72,60.02,UPI
ORD-102179,2023-11-30 11:00:00,CUST-1554,Customer 574,38,Female,South,Consumer,Furniture,Bookshelf,1,96.55,0.05,91.72,17.36,Credit Card
ORD-102180,2024-05-25 13:00:00,CUST-1213,Customer 697,68,Male,South,Corporate,Electronics,Smartwatch,3,218.97,0.2,525.53,43.02,UPI
ORD-102181,2023-06-25 18:00:00,CUST-1651,Customer 29,45,Male,East,Corporate,Furniture,Bookshelf,3,101.31,0.05,288.73,73.28,UPI
ORD-102182,2024-03-18 08:00:00,CUST-1534,Customer 892,58,Male,Central,Consumer,Clothing,Hoodie,3,47.09,0.1,127.14,34.44,Net Banking
ORD-102183,2024-04-15 12:00:00,CUST-1398,Customer 100,54,Male,Central,Consumer,Furniture,Desk,3,242.49,0.0,727.47,235.36,Cash
ORD-102184,2024-04-07 10:00:00,CUST-1791,Customer 141,60,Female,South,Consumer,Electronics,Tablet,7,335.88,0.15,1998.49,243.3,Credit Card
ORD-102185,2023-07-31 18:00:00,CUST-1394,Customer 531,53,Male,Central,Consumer,Furniture,Sofa,4,562.64,0.0,2250.56,700.9,UPI
ORD-102186,2023-08-11 14:00:00,CUST-1432,Customer 95,46,Female,Central,Consumer,Electronics,Tablet,6,315.82,0.0,1894.92,514.19,UPI
ORD-102187,2023-07-08 09:00:00,CUST-1027,Customer 670,57,Male,West,Consumer,Furniture,Desk,2,231.95,0.05,440.7,102.32,UPI
ORD-102188,2023-12-04 11:00:00,CUST-1518,Customer 197,42,Male,Central,Consumer,Electronics,Headphones,4,89.44,0.0,357.76,53.91,Credit Card
ORD-102189,2024-03-03 08:00:00,CUST-1745,Customer 289,62,Female,Central,Consumer,Office Supplies,Notebook,1,4.62,0.05,4.39,0.89,UPI
ORD-102190,2023-09-22 14:00:00,CUST-1465,Customer 533,44,Female,South,Corporate,Office Supplies,Binder,2,7.02,0.05,13.34,1.78,Net Banking
ORD-102191,2023-10-27 20:00:00,CUST-1309,Customer 851,56,Female,East,Corporate,Electronics,Tablet,1,299.11,0.0,299.11,81.89,Credit Card
ORD-102192,2023-07-29 15:00:00,CUST-1517,Customer 179,28,Male,East,Consumer,Office Supplies,Pen Set,1,8.83,0.0,8.83,2.38,Credit Card
ORD-102193,2023-06-09 19:00:00,CUST-1441,Customer 764,27,Male,South,Consumer,Office Supplies,Notebook,2,3.69,0.0,7.38,0.97,UPI
ORD-102194,2024-04-24 17:00:00,CUST-1169,Customer 590,47,Male,Central,Corporate,Clothing,Sneakers,2,95.43,0.0,190.86,28.29,Net Banking
ORD-102195,2024-08-18 19:00:00,CUST-1158,Customer 472,62,Female,East,Consumer,Home & Kitchen,Towel Pack,3,24.1,0.15,61.46,19.87,UPI
ORD-102196,2023-08-01 12:00:00,CUST-1717,Customer 791,56,Female,West,Home Office,Electronics,Headphones,6,73.08,0.05,416.56,86.38,Credit Card
ORD-102197,2024-09-20 20:00:00,CUST-1492,Customer 576,35,Female,South,Corporate,Home & Kitchen,Blender,2,62.78,0.0,125.56,28.73,Net Banking
ORD-102198,2024-02-21 11:00:00,CUST-1709,Customer 728,62,Female,South,Corporate,Clothing,Hoodie,5,40.47,0.0,202.35,68.56,UPI
ORD-102199,2023-05-03 13:00:00,CUST-1276,Customer 534,52,Male,West,Consumer,Clothing,Jacket,3,78.03,0.1,210.68,28.63,UPI
ORD-102200,2023-09-25 16:00:00,CUST-1764,Customer 428,46,Other,Central,Consumer,Furniture,Sofa,3,571.2,0.1,1542.24,384.52,Credit Card
ORD-102201,2023-01-06 11:00:00,CUST-1468,Customer 275,69,Female,West,Consumer,Furniture,Lamp,7,37.79,0.15,224.85,64.98,Credit Card
ORD-102202,2023-01-29 11:00:00,CUST-1693,Customer 240,58,Male,West,Consumer,Electronics,Headphones,4,84.48,0.0,337.92,56.18,UPI
ORD-102203,2023-09-03 09:00:00,CUST-1588,Customer 57,33,Male,Central,Home Office,Home & Kitchen,Blender,2,47.07,0.05,89.43,14.61,Cash
ORD-102204,2023-11-28 08:00:00,CUST-1742,Customer 258,21,Female,East,Home Office,Office Supplies,Binder,2,5.52,0.0,11.04,3.56,Cash
ORD-102205,2024-08-05 14:00:00,CUST-1487,Customer 724,32,Male,West,Home Office,Furniture,Sofa,2,412.46,0.1,742.43,79.32,Net Banking
ORD-102206,2023-04-09 20:00:00,CUST-1616,Customer 269,27,Male,East,Consumer,Office Supplies,Binder,6,5.8,0.0,34.8,4.26,UPI
ORD-102207,2024-09-04 10:00:00,CUST-1024,Customer 415,27,Male,East,Home Office,Electronics,Smartwatch,5,184.41,0.05,875.95,167.27,UPI
ORD-102208,2023-06-21 13:00:00,CUST-1428,Customer 345,45,Female,West,Corporate,Electronics,Tablet,2,352.11,0.0,704.22,208.14,UPI
ORD-102209,2023-04-11 20:00:00,CUST-1644,Customer 757,69,Female,South,Consumer,Office Supplies,Binder,4,6.55,0.1,23.58,4.78,Credit Card
ORD-102210,2024-05-25 18:00:00,CUST-1654,Customer 521,51,Female,West,Home Office,Office Supplies,Pen Set,4,7.3,0.0,29.2,4.47,Credit Card
ORD-102211,2024-07-19 08:00:00,CUST-1448,Customer 337,40,Female,Central,Home Office,Clothing,T-Shirt,1,19.09,0.1,17.18,3.32,Cash
ORD-102212,2024-03-17 14:00:00,CUST-1756,Customer 838,30,Male,East,Corporate,Office Supplies,Notebook,7,4.68,0.0,32.76,6.56,Credit Card
ORD-102213,2023-03-26 09:00:00,CUST-1190,Customer 13,58,Female,South,Corporate,Office Supplies,Printer Paper,6,16.47,0.1,88.94,24.57,Net Banking
ORD-102214,2023-03-26 11:00:00,CUST-1635,Customer 120,46,Male,Central,Corporate,Clothing,Jeans,4,48.63,0.0,194.52,61.19,Cash
ORD-102215,2023-10-12 11:00:00,CUST-1258,Customer 115,20,Female,South,Corporate,Electronics,Headphones,6,69.28,0.05,394.9,65.84,Credit Card
ORD-102216,2023-11-25 15:00:00,CUST-1206,Customer 88,42,Female,West,Consumer,Clothing,Sneakers,1,88.05,0.1,79.24,21.5,Credit Card
ORD-102217,2024-12-29 10:00:00,CUST-1648,Customer 142,27,Female,West,Consumer,Clothing,Jacket,7,83.22,0.0,582.54,156.92,UPI
ORD-102218,2023-07-29 11:00:00,CUST-1645,Customer 617,43,Female,East,Home Office,Electronics,Laptop,5,732.63,0.0,3663.15,1051.6,UPI
ORD-102219,2023-05-21 10:00:00,CUST-1749,Customer 658,21,Male,East,Consumer,Electronics,Smartphone,7,599.41,0.0,4195.87,987.37,UPI
ORD-102220,2024-11-21 12:00:00,CUST-1342,Customer 73,29,Male,Central,Consumer,Electronics,Laptop,7,983.69,0.0,6885.83,578.19,Credit Card
ORD-102221,2023-04-23 16:00:00,CUST-1650,Customer 29,60,Female,South,Consumer,Electronics,Smartphone,5,575.93,0.05,2735.67,703.3,Net Banking
ORD-102222,2023-01-20 13:00:00,CUST-1614,Customer 813,26,Male,East,Consumer,Office Supplies,Printer Paper,3,19.85,0.0,59.55,14.61,UPI
ORD-102223,2023-11-05 12:00:00,CUST-1709,Customer 737,23,Male,Central,Consumer,Electronics,Headphones,5,85.14,0.0,425.7,104.34,UPI
ORD-102224,2023-10-20 14:00:00,CUST-1250,Customer 711,29,Female,Central,Consumer,Office Supplies,Printer Paper,4,16.33,0.0,65.32,10.19,Net Banking
ORD-102225,2024-03-28 15:00:00,CUST-1391,Customer 621,66,Male,West,Home Office,Electronics,Laptop,3,943.16,0.0,2829.48,301.14,Cash
ORD-102226,2024-10-02 08:00:00,CUST-1566,Customer 376,67,Male,Central,Consumer,Electronics,Smartwatch,5,196.88,0.0,984.4,129.08,UPI
ORD-102227,2024-11-12 19:00:00,CUST-1333,Customer 291,52,Male,Central,Home Office,Furniture,Bookshelf,7,80.03,0.1,504.19,69.77,Net Banking
ORD-102228,2023-07-31 19:00:00,CUST-1799,Customer 299,58,Male,South,Home Office,Electronics,Smartphone,2,733.01,0.0,1466.02,186.0,Net Banking
ORD-102229,2024-12-16 15:00:00,CUST-1655,Customer 470,65,Male,Central,Consumer,Home & Kitchen,Towel Pack,4,22.49,0.15,76.47,11.17,Cash
ORD-102230,2024-04-06 15:00:00,CUST-1017,Customer 43,33,Male,South,Consumer,Furniture,Office Chair,6,155.51,0.1,839.75,82.75,Cash
ORD-102231,2023-02-20 17:00:00,CUST-1315,Customer 839,39,Female,West,Consumer,Electronics,Headphones,3,74.1,0.0,222.3,33.95,Credit Card
ORD-102232,2024-11-16 13:00:00,CUST-1429,Customer 877,19,Male,South,Home Office,Electronics,Headphones,3,71.84,0.15,183.19,64.01,Net Banking
ORD-102233,2023-04-11 12:00:00,CUST-1564,Customer 63,45,Male,South,Corporate,Furniture,Office Chair,1,155.32,0.05,147.55,32.18,Net Banking
ORD-102234,2024-03-05 12:00:00,CUST-1431,Customer 472,66,Female,East,Home Office,Office Supplies,Binder,3,6.52,0.05,18.58,3.21,UPI
ORD-102235,2024-07-31 10:00:00,CUST-1490,Customer 327,19,Female,West,Home Office,Clothing,Jeans,5,42.57,0.0,212.85,58.43,UPI
ORD-102236,2023-07-02 18:00:00,CUST-1467,Customer 338,54,Female,South,Consumer,Furniture,Office Chair,7,155.57,0.05,1034.54,213.9,UPI
ORD-102237,2023-07-17 12:00:00,CUST-1122,Customer 352,42,Female,West,Home Office,Office Supplies,Stapler,4,12.32,0.0,49.28,4.33,UPI
ORD-102238,2023-12-14 11:00:00,CUST-1284,Customer 470,68,Female,West,Corporate,Office Supplies,Binder,3,5.83,0.05,16.62,3.79,Credit Card
ORD-102239,2024-10-07 20:00:00,CUST-1246,Customer 866,48,Male,Central,Consumer,Clothing,Sneakers,6,95.66,0.0,573.96,93.04,UPI
ORD-102240,2023-06-13 14:00:00,CUST-1296,Customer 660,39,Female,South,Home Office,Office Supplies,Printer Paper,2,19.19,0.0,38.38,8.99,Credit Card
ORD-102241,2024-04-29 16:00:00,CUST-1169,Customer 877,23,Male,East,Corporate,Furniture,Lamp,2,35.96,0.05,68.32,8.66,UPI
ORD-102242,2023-11-27 11:00:00,CUST-1764,Customer 245,47,Female,West,Consumer,Clothing,T-Shirt,4,20.17,0.0,80.68,16.97,Net Banking
ORD-102243,2023-03-23 11:00:00,CUST-1100,Customer 757,69,Female,West,Consumer,Clothing,Jacket,6,78.05,0.0,468.3,61.95,Credit Card
ORD-102244,2024-06-02 17:00:00,CUST-1266,Customer 371,18,Female,East,Corporate,Office Supplies,Pen Set,2,9.43,0.1,16.97,2.73,Net Banking
ORD-102245,2024-08-30 13:00:00,CUST-1336,Customer 344,18,Female,East,Corporate,Home & Kitchen,Towel Pack,1,25.0,0.0,25.0,6.64,UPI
ORD-102246,2024-02-25 09:00:00,CUST-1497,Customer 48,64,Male,Central,Consumer,Home & Kitchen,Storage Box,6,15.61,0.0,93.66,13.25,Net Banking
ORD-102247,2023-05-09 18:00:00,CUST-1158,Customer 800,31,Male,South,Consumer,Electronics,Laptop,5,860.81,0.0,4304.05,829.08,Credit Card
ORD-102248,2023-04-24 13:00:00,CUST-1566,Customer 105,49,Female,South,Consumer,Clothing,T-Shirt,5,21.33,0.15,90.65,9.04,Credit Card
ORD-102249,2023-11-06 16:00:00,CUST-1057,Customer 436,50,Male,South,Corporate,Office Supplies,Binder,3,6.98,0.05,19.89,5.28,UPI
ORD-102250,2024-01-05 12:00:00,CUST-1046,Customer 875,42,Female,South,Corporate,Office Supplies,Stapler,1,11.0,0.05,10.45,2.36,UPI
ORD-102251,2024-02-08 15:00:00,CUST-1165,Customer 580,43,Female,East,Home Office,Office Supplies,Pen Set,3,7.57,0.1,20.44,6.13,UPI
ORD-102252,2023-06-27 18:00:00,CUST-1176,Customer 110,53,Male,West,Consumer,Home & Kitchen,Blender,4,53.77,0.05,204.33,45.87,UPI
ORD-102253,2024-01-01 19:00:00,CUST-1495,Customer 835,30,Male,East,Consumer,Office Supplies,Pen Set,4,9.26,0.1,33.34,11.62,UPI
ORD-102254,2023-08-04 10:00:00,CUST-1645,Customer 539,27,Female,Central,Consumer,Office Supplies,Notebook,7,4.7,0.05,31.25,4.53,Net Banking
ORD-102255,2024-05-15 16:00:00,CUST-1646,Customer 224,69,Male,South,Home Office,Electronics,Smartphone,2,701.11,0.15,1191.89,334.17,Credit Card
ORD-102256,2024-08-04 19:00:00,CUST-1144,Customer 236,18,Male,East,Consumer,Furniture,Office Chair,3,132.51,0.05,377.65,74.29,Credit Card
ORD-102257,2024-04-21 16:00:00,CUST-1370,Customer 774,27,Male,West,Consumer,Home & Kitchen,Blender,2,63.83,0.0,127.66,23.17,Cash
ORD-102258,2023-01-01 09:00:00,CUST-1138,Customer 532,55,Male,West,Consumer,Clothing,Hoodie,4,34.46,0.0,137.84,38.25,Credit Card
ORD-102259,2024-12-25 10:00:00,CUST-1487,Customer 359,47,Male,East,Consumer,Electronics,Smartwatch,6,189.62,0.0,1137.72,384.55,UPI
ORD-102260,2023-01-18 10:00:00,CUST-1201,Customer 267,34,Female,South,Corporate,Home & Kitchen,Storage Box,7,15.71,0.05,104.47,29.67,UPI
ORD-102261,2024-12-30 09:00:00,CUST-1520,Customer 784,24,Female,West,Consumer,Clothing,Jeans,2,46.68,0.2,74.69,12.63,Credit Card
ORD-102262,2023-01-24 17:00:00,CUST-1619,Customer 318,37,Male,West,Corporate,Office Supplies,Pen Set,4,8.37,0.1,30.13,6.56,Credit Card
ORD-102263,2024-01-13 20:00:00,CUST-1521,Customer 494,20,Female,South,Consumer,Electronics,Smartphone,6,575.91,0.1,3109.91,431.12,Credit Card
ORD-102264,2023-03-19 14:00:00,CUST-1006,Customer 70,46,Male,East,Consumer,Office Supplies,Stapler,1,11.06,0.05,10.51,2.6,Credit Card
ORD-102265,2023-03-11 15:00:00,CUST-1789,Customer 223,43,Female,West,Corporate,Electronics,Laptop,5,961.56,0.15,4086.63,771.14,Credit Card
ORD-102266,2024-05-13 18:00:00,CUST-1362,Customer 709,65,Male,Central,Consumer,Furniture,Desk,1,192.87,0.1,173.58,24.58,Credit Card
ORD-102267,2024-06-15 13:00:00,CUST-1487,Customer 689,59,Other,West,Consumer,Office Supplies,Binder,1,6.14,0.0,6.14,0.53,Cash
ORD-102268,2023-03-28 14:00:00,CUST-1548,Customer 885,42,Female,Central,Consumer,Home & Kitchen,Coffee Maker,1,64.2,0.05,60.99,20.12,Net Banking
ORD-102269,2024-12-13 15:00:00,CUST-1436,Customer 104,45,Female,West,Corporate,Furniture,Sofa,7,461.69,0.0,3231.83,327.32,Credit Card
ORD-102270,2023-08-22 11:00:00,CUST-1765,Customer 467,53,Female,East,Corporate,Home & Kitchen,Coffee Maker,5,66.29,0.0,331.45,55.99,UPI
ORD-102271,2023-08-21 08:00:00,CUST-1693,Customer 129,33,Female,East,Consumer,Home & Kitchen,Storage Box,6,17.57,0.0,105.42,13.85,UPI
ORD-102272,2023-08-05 15:00:00,CUST-1525,Customer 672,49,Male,South,Corporate,Electronics,Smartwatch,5,191.83,0.0,959.15,204.7,Credit Card
ORD-102273,2023-12-03 18:00:00,CUST-1496,Customer 134,18,Female,East,Consumer,Electronics,Tablet,6,324.63,0.0,1947.78,258.34,Credit Card
ORD-102274,2023-05-10 08:00:00,CUST-1279,Customer 110,66,Female,South,Corporate,Clothing,Jacket,4,85.57,0.0,342.28,95.42,UPI
ORD-102275,2023-11-07 10:00:00,CUST-1366,Customer 756,66,Other,East,Corporate,Clothing,Hoodie,6,35.2,0.15,179.52,25.26,Credit Card
ORD-102276,2023-06-03 11:00:00,CUST-1004,Customer 115,64,Female,South,Consumer,Furniture,Desk,1,246.01,0.0,246.01,32.0,Net Banking
ORD-102277,2023-02-07 18:00:00,CUST-1593,Customer 784,29,Female,South,Home Office,Office Supplies,Stapler,5,11.24,0.1,50.58,7.01,Cash
ORD-102278,2023-09-27 14:00:00,CUST-1104,Customer 672,58,Male,East,Consumer,Office Supplies,Notebook,6,4.69,0.0,28.14,4.51,UPI
ORD-102279,2024-05-05 14:00:00,CUST-1179,Customer 515,47,Male,Central,Consumer,Clothing,T-Shirt,7,15.34,0.2,85.9,21.76,Cash
ORD-102280,2024-07-11 16:00:00,CUST-1460,Customer 131,69,Female,Central,Corporate,Clothing,Sneakers,3,88.81,0.1,239.79,32.76,Credit Card
ORD-102281,2023-09-15 11:00:00,CUST-1538,Customer 252,18,Female,Central,Corporate,Electronics,Smartphone,2,662.03,0.15,1125.45,301.79,UPI
ORD-102282,2023-08-25 17:00:00,CUST-1026,Customer 183,38,Female,South,Consumer,Electronics,Laptop,6,894.25,0.05,5097.22,999.8,Credit Card
ORD-102283,2024-07-28 08:00:00,CUST-1613,Customer 355,23,Female,East,Consumer,Electronics,Smartphone,1,703.86,0.05,668.67,89.06,UPI
ORD-102284,2024-05-12 09:00:00,CUST-1110,Customer 182,67,Male,South,Home Office,Home & Kitchen,Coffee Maker,6,62.25,0.0,373.5,54.09,Credit Card
ORD-102285,2024-08-30 18:00:00,CUST-1510,Customer 166,26,Female,West,Home Office,Home & Kitchen,Towel Pack,5,21.9,0.0,109.5,24.35,Credit Card
ORD-102286,2024-10-23 16:00:00,CUST-1623,Customer 297,20,Female,West,Corporate,Clothing,T-Shirt,5,20.74,0.1,93.33,17.01,UPI
ORD-102287,2024-08-22 10:00:00,CUST-1150,Customer 4,23,Female,West,Consumer,Electronics,Laptop,3,986.9,0.0,2960.7,647.52,Credit Card
ORD-102288,2024-11-14 13:00:00,CUST-1319,Customer 817,68,Male,West,Corporate,Office Supplies,Printer Paper,1,18.44,0.0,18.44,5.52,Credit Card
ORD-102289,2023-11-01 08:00:00,CUST-1412,Customer 755,45,Female,West,Consumer,Electronics,Laptop,5,888.5,0.15,3776.12,348.82,Net Banking
ORD-102290,2023-10-16 16:00:00,CUST-1440,Customer 243,23,Male,East,Consumer,Furniture,Bookshelf,3,100.56,0.0,301.68,56.2,Credit Card
ORD-102291,2023-08-23 17:00:00,CUST-1647,Customer 175,38,Female,South,Consumer,Electronics,Smartwatch,3,213.34,0.1,576.02,110.69,Credit Card
ORD-102292,2023-06-21 11:00:00,CUST-1763,Customer 786,40,Female,West,Home Office,Clothing,Jacket,2,87.06,0.0,174.12,25.73,Credit Card
ORD-102293,2024-06-30 12:00:00,CUST-1322,Customer 72,59,Female,West,Consumer,Electronics,Laptop,3,973.55,0.0,2920.65,582.11,UPI
ORD-102294,2024-06-05 11:00:00,CUST-1476,Customer 688,29,Male,South,Consumer,Office Supplies,Printer Paper,6,17.91,0.0,107.46,25.04,Cash
ORD-102295,2024-08-08 13:00:00,CUST-1742,Customer 119,24,Male,South,Consumer,Home & Kitchen,Blender,7,59.26,0.05,394.08,93.77,Net Banking
ORD-102296,2023-05-03 11:00:00,CUST-1484,Customer 69,56,Female,Central,Corporate,Clothing,Jeans,3,45.86,0.1,123.82,32.3,UPI
ORD-102297,2023-12-25 11:00:00,CUST-1038,Customer 833,40,Female,East,Corporate,Electronics,Laptop,1,757.59,0.15,643.95,64.86,UPI
ORD-102298,2023-06-12 13:00:00,CUST-1247,Customer 494,24,Male,South,Consumer,Home & Kitchen,Cookware Set,1,136.51,0.0,136.51,27.88,Net Banking
ORD-102299,2024-10-13 19:00:00,CUST-1532,Customer 327,40,Female,East,Corporate,Office Supplies,Printer Paper,2,19.09,0.0,38.18,10.86,Cash
ORD-102300,2023-07-15 17:00:00,CUST-1788,Customer 41,40,Female,West,Consumer,Furniture,Sofa,1,417.74,0.1,375.97,76.27,Net Banking
ORD-102301,2023-04-16 11:00:00,CUST-1186,Customer 583,30,Male,South,Consumer,Office Supplies,Notebook,5,4.35,0.0,21.75,5.6,Credit Card
ORD-102302,2024-02-21 20:00:00,CUST-1172,Customer 509,28,Female,East,Consumer,Home & Kitchen,Coffee Maker,5,66.44,0.0,332.2,79.54,UPI
ORD-102303,2024-10-03 10:00:00,CUST-1518,Customer 29,22,Female,East,Consumer,Office Supplies,Notebook,6,3.5,0.05,19.95,4.1,Credit Card
ORD-102304,2024-10-30 19:00:00,CUST-1092,Customer 641,61,Female,Central,Home Office,Office Supplies,Pen Set,3,8.5,0.1,22.95,2.33,UPI
ORD-102305,2023-03-12 12:00:00,CUST-1759,Customer 476,18,Female,West,Corporate,Furniture,Desk,6,243.38,0.0,1460.28,366.49,Net Banking
ORD-102306,2023-08-26 15:00:00,CUST-1728,Customer 772,44,Female,West,Consumer,Electronics,Smartwatch,2,195.9,0.0,391.8,87.89,UPI
ORD-102307,2023-04-23 10:00:00,CUST-1459,Customer 672,18,Female,South,Home Office,Clothing,Sneakers,2,72.42,0.2,115.87,9.45,Cash
ORD-102308,2023-08-13 17:00:00,CUST-1271,Customer 538,59,Male,South,Corporate,Electronics,Tablet,7,357.65,0.15,2128.02,289.09,Credit Card
ORD-102309,2024-01-25 12:00:00,CUST-1349,Customer 59,38,Male,South,Consumer,Furniture,Desk,7,187.51,0.05,1246.94,120.43,Credit Card
ORD-102310,2023-07-24 19:00:00,CUST-1442,Customer 188,69,Male,East,Home Office,Furniture,Office Chair,5,164.39,0.05,780.85,182.69,Net Banking
ORD-102311,2023-02-19 09:00:00,CUST-1686,Customer 269,20,Female,Central,Corporate,Furniture,Office Chair,5,132.1,0.15,561.42,47.21,Credit Card
ORD-102312,2024-01-08 14:00:00,CUST-1577,Customer 853,35,Male,South,Corporate,Furniture,Lamp,5,40.42,0.05,192.0,59.03,Credit Card
ORD-102313,2023-02-08 10:00:00,CUST-1370,Customer 290,38,Male,East,Consumer,Office Supplies,Binder,6,5.13,0.1,27.7,9.3,Credit Card
ORD-102314,2023-06-15 19:00:00,CUST-1509,Customer 471,21,Female,West,Consumer,Furniture,Desk,2,194.49,0.05,369.53,126.9,Cash
ORD-102315,2023-01-01 13:00:00,CUST-1451,Customer 798,40,Male,East,Home Office,Electronics,Tablet,1,342.72,0.0,342.72,48.38,UPI
ORD-102316,2023-03-05 16:00:00,CUST-1094,Customer 30,41,Male,East,Corporate,Home & Kitchen,Cookware Set,2,133.86,0.1,240.95,51.49,Credit Card
ORD-102317,2023-11-15 19:00:00,CUST-1245,Customer 598,41,Female,East,Corporate,Home & Kitchen,Blender,3,64.89,0.05,184.94,59.29,UPI
ORD-102318,2024-09-13 14:00:00,CUST-1163,Customer 799,45,Male,Central,Corporate,Furniture,Desk,2,227.12,0.0,454.24,120.64,UPI
ORD-102319,2024-07-19 08:00:00,CUST-1439,Customer 778,27,Female,Central,Home Office,Furniture,Desk,4,214.37,0.05,814.61,130.88,UPI
ORD-102320,2023-03-14 10:00:00,CUST-1776,Customer 457,30,Male,East,Consumer,Electronics,Smartwatch,1,164.46,0.1,148.01,45.17,Credit Card
ORD-102321,2023-01-26 10:00:00,CUST-1572,Customer 338,43,Female,Central,Consumer,Electronics,Laptop,5,896.15,0.0,4480.75,1052.81,Credit Card
ORD-102322,2023-09-04 19:00:00,CUST-1529,Customer 166,51,Female,East,Consumer,Furniture,Office Chair,5,137.62,0.1,619.29,171.6,UPI
ORD-102323,2024-04-21 19:00:00,CUST-1407,Customer 532,38,Female,East,Consumer,Home & Kitchen,Towel Pack,1,25.7,0.0,25.7,8.78,Credit Card
ORD-102324,2024-06-29 14:00:00,CUST-1283,Customer 809,41,Male,South,Consumer,Clothing,Jeans,3,45.81,0.05,130.56,45.61,Credit Card
ORD-102325,2024-08-23 19:00:00,CUST-1168,Customer 466,69,Female,West,Consumer,Furniture,Desk,4,245.94,0.2,787.01,170.23,Net Banking
ORD-102326,2023-09-07 11:00:00,CUST-1726,Customer 594,51,Male,Central,Consumer,Home & Kitchen,Storage Box,1,18.35,0.15,15.6,1.91,Net Banking
ORD-102327,2023-05-03 16:00:00,CUST-1015,Customer 249,20,Female,West,Corporate,Furniture,Lamp,5,30.95,0.15,131.54,32.53,Credit Card
ORD-102328,2023-01-20 13:00:00,CUST-1728,Customer 667,36,Male,East,Consumer,Electronics,Headphones,6,80.34,0.05,457.94,116.24,UPI
ORD-102329,2023-04-18 11:00:00,CUST-1174,Customer 380,20,Male,South,Consumer,Furniture,Lamp,3,40.7,0.05,116.0,27.2,UPI
ORD-102330,2023-02-17 11:00:00,CUST-1642,Customer 324,63,Male,East,Consumer,Electronics,Tablet,1,339.51,0.05,322.53,62.56,UPI
ORD-102331,2024-09-20 13:00:00,CUST-1680,Customer 221,60,Male,West,Consumer,Home & Kitchen,Cookware Set,4,125.74,0.0,502.96,119.21,UPI
ORD-102332,2023-07-15 12:00:00,CUST-1733,Customer 591,42,Male,Central,Corporate,Furniture,Lamp,7,40.45,0.05,268.99,60.31,UPI
ORD-102333,2024-08-23 10:00:00,CUST-1767,Customer 15,31,Male,Central,Consumer,Office Supplies,Notebook,3,3.73,0.05,10.63,3.56,UPI
ORD-102334,2024-02-08 12:00:00,CUST-1402,Customer 835,55,Female,South,Consumer,Furniture,Office Chair,6,162.83,0.05,928.13,284.15,Credit Card
ORD-102335,2024-01-29 09:00:00,CUST-1449,Customer 871,27,Female,South,Consumer,Home & Kitchen,Storage Box,7,15.82,0.0,110.74,20.63,UPI
ORD-102336,2023-11-28 20:00:00,CUST-1025,Customer 860,58,Female,East,Consumer,Office Supplies,Notebook,2,4.23,0.0,8.46,1.98,UPI
ORD-102337,2024-08-21 12:00:00,CUST-1663,Customer 862,63,Male,East,Corporate,Office Supplies,Printer Paper,5,17.37,0.0,86.85,20.22,Credit Card
ORD-102338,2023-02-01 09:00:00,CUST-1464,Customer 756,27,Male,Central,Home Office,Electronics,Headphones,1,82.76,0.0,82.76,18.03,Credit Card
ORD-102339,2023-03-09 15:00:00,CUST-1037,Customer 741,45,Female,East,Consumer,Home & Kitchen,Towel Pack,4,19.08,0.0,76.32,7.3,Credit Card
ORD-102340,2023-11-06 19:00:00,CUST-1277,Customer 381,26,Male,West,Consumer,Office Supplies,Printer Paper,7,15.71,0.0,109.97,29.96,Credit Card
ORD-102341,2023-10-15 12:00:00,CUST-1682,Customer 157,50,Female,West,Home Office,Furniture,Office Chair,7,139.32,0.15,828.95,229.99,Credit Card
ORD-102342,2024-02-03 18:00:00,CUST-1307,Customer 6,53,Female,South,Corporate,Home & Kitchen,Coffee Maker,2,67.71,0.0,135.42,28.54,UPI
ORD-102343,2024-06-22 15:00:00,CUST-1229,Customer 19,18,Male,South,Consumer,Electronics,Smartwatch,5,202.45,0.1,911.02,294.65,UPI
ORD-102344,2024-03-04 17:00:00,CUST-1217,Customer 634,67,Female,East,Corporate,Furniture,Lamp,1,30.21,0.0,30.21,10.44,UPI
ORD-102345,2023-07-07 11:00:00,CUST-1140,Customer 177,31,Female,East,Home Office,Office Supplies,Binder,2,5.45,0.15,9.26,2.77,Credit Card
ORD-102346,2023-08-27 08:00:00,CUST-1432,Customer 140,42,Female,South,Consumer,Furniture,Lamp,6,32.32,0.1,174.53,57.69,UPI
ORD-102347,2024-07-03 12:00:00,CUST-1221,Customer 784,31,Female,East,Corporate,Office Supplies,Binder,5,6.03,0.15,25.63,5.42,Cash
ORD-102348,2023-05-28 20:00:00,CUST-1466,Customer 139,65,Male,East,Corporate,Electronics,Tablet,3,318.37,0.15,811.84,265.35,UPI
ORD-102349,2024-01-04 18:00:00,CUST-1398,Customer 138,57,Female,East,Consumer,Electronics,Headphones,7,71.85,0.1,452.66,150.49,UPI
ORD-102350,2024-01-29 18:00:00,CUST-1521,Customer 427,69,Male,West,Home Office,Electronics,Smartphone,6,656.67,0.0,3940.02,978.56,Net Banking
ORD-102351,2024-07-01 19:00:00,CUST-1470,Customer 210,38,Male,East,Home Office,Electronics,Headphones,1,88.83,0.05,84.39,10.19,UPI
ORD-102352,2024-06-05 12:00:00,CUST-1047,Customer 67,47,Female,West,Corporate,Home & Kitchen,Towel Pack,1,23.98,0.0,23.98,2.9,UPI
ORD-102353,2023-12-06 12:00:00,CUST-1005,Customer 622,48,Male,East,Consumer,Office Supplies,Stapler,5,11.36,0.15,48.28,10.02,UPI
ORD-102354,2023-08-14 20:00:00,CUST-1243,Customer 465,29,Female,South,Corporate,Office Supplies,Binder,7,6.89,0.15,41.0,11.42,Credit Card
ORD-102355,2023-09-26 15:00:00,CUST-1274,Customer 430,66,Other,East,Corporate,Furniture,Sofa,2,510.79,0.0,1021.58,220.02,Credit Card
ORD-102356,2023-10-28 11:00:00,CUST-1361,Customer 216,62,Male,South,Consumer,Clothing,Jeans,4,47.93,0.05,182.13,53.9,UPI
ORD-102357,2023-06-10 11:00:00,CUST-1563,Customer 588,69,Male,Central,Consumer,Electronics,Tablet,6,314.33,0.0,1885.98,542.87,UPI
ORD-102358,2024-04-01 19:00:00,CUST-1777,Customer 508,41,Male,West,Consumer,Electronics,Tablet,7,317.82,0.05,2113.5,285.27,UPI
ORD-102359,2023-06-02 08:00:00,CUST-1600,Customer 507,24,Male,South,Consumer,Office Supplies,Stapler,5,12.19,0.05,57.9,6.71,Credit Card
ORD-102360,2024-04-18 08:00:00,CUST-1292,Customer 839,26,Male,West,Corporate,Office Supplies,Notebook,7,3.73,0.05,24.8,6.71,Net Banking
ORD-102361,2024-07-02 17:00:00,CUST-1187,Customer 515,46,Female,East,Home Office,Clothing,Jeans,7,49.09,0.15,292.09,48.63,UPI
ORD-102362,2024-12-03 08:00:00,CUST-1284,Customer 833,60,Male,Central,Consumer,Home & Kitchen,Storage Box,6,15.33,0.0,91.98,30.49,Credit Card
ORD-102363,2023-03-28 10:00:00,CUST-1197,Customer 785,54,Male,East,Corporate,Clothing,T-Shirt,5,16.26,0.1,73.17,23.01,Credit Card
ORD-102364,2024-07-08 20:00:00,CUST-1448,Customer 96,56,Male,East,Corporate,Electronics,Headphones,7,72.25,0.05,480.46,96.97,UPI
ORD-102365,2023-03-04 13:00:00,CUST-1543,Customer 196,58,Male,South,Consumer,Electronics,Smartwatch,1,169.96,0.0,169.96,40.24,Credit Card
ORD-102366,2023-09-04 17:00:00,CUST-1209,Customer 618,61,Female,South,Corporate,Electronics,Smartphone,1,622.43,0.0,622.43,192.16,UPI
ORD-102367,2023-05-09 14:00:00,CUST-1487,Customer 126,65,Female,West,Consumer,Clothing,Hoodie,4,34.04,0.0,136.16,42.93,Net Banking
ORD-102368,2023-04-29 09:00:00,CUST-1295,Customer 654,36,Male,West,Consumer,Home & Kitchen,Cookware Set,5,124.78,0.05,592.7,136.55,UPI
ORD-102369,2023-05-09 10:00:00,CUST-1397,Customer 365,55,Male,West,Consumer,Home & Kitchen,Blender,7,52.49,0.15,312.32,106.94,Net Banking
ORD-102370,2023-02-02 17:00:00,CUST-1190,Customer 278,32,Female,East,Home Office,Furniture,Desk,5,229.54,0.0,1147.7,253.25,Credit Card
ORD-102371,2024-08-23 09:00:00,CUST-1437,Customer 481,53,Female,East,Home Office,Clothing,Jeans,2,52.98,0.0,105.96,9.65,Credit Card
ORD-102372,2023-02-14 15:00:00,CUST-1072,Customer 265,20,Female,Central,Corporate,Office Supplies,Pen Set,7,9.23,0.05,61.38,14.24,Net Banking
ORD-102373,2023-10-18 12:00:00,CUST-1399,Customer 441,20,Male,West,Corporate,Clothing,Hoodie,1,42.07,0.0,42.07,12.19,Net Banking
ORD-102374,2024-05-25 12:00:00,CUST-1357,Customer 685,28,Female,East,Corporate,Office Supplies,Pen Set,1,7.97,0.0,7.97,2.76,UPI
ORD-102375,2024-12-23 20:00:00,CUST-1325,Customer 486,46,Male,Central,Consumer,Electronics,Headphones,6,87.55,0.05,499.03,54.12,Credit Card
ORD-102376,2024-09-15 15:00:00,CUST-1721,Customer 885,65,Male,West,Consumer,Electronics,Headphones,7,93.85,0.0,656.95,130.7,UPI
ORD-102377,2023-04-11 15:00:00,CUST-1630,Customer 438,49,Female,West,Consumer,Home & Kitchen,Coffee Maker,4,71.49,0.1,257.36,61.35,Credit Card
ORD-102378,2024-12-22 12:00:00,CUST-1458,Customer 733,47,Male,South,Consumer,Furniture,Bookshelf,1,79.63,0.0,79.63,25.32,Net Banking
ORD-102379,2024-04-22 12:00:00,CUST-1710,Customer 466,54,Female,Central,Home Office,Furniture,Desk,1,245.99,0.05,233.69,63.87,UPI
ORD-102380,2023-05-12 16:00:00,CUST-1526,Customer 756,64,Female,Central,Corporate,Furniture,Office Chair,7,119.51,0.0,836.57,119.16,Credit Card
ORD-102381,2023-11-24 08:00:00,CUST-1511,Customer 838,48,Female,East,Corporate,Furniture,Bookshelf,2,100.59,0.0,201.18,62.78,Credit Card
ORD-102382,2024-11-01 11:00:00,CUST-1384,Customer 791,56,Female,Central,Home Office,Home & Kitchen,Cookware Set,5,105.57,0.05,501.46,130.05,Credit Card
ORD-102383,2023-10-14 15:00:00,CUST-1215,Customer 45,39,Male,Central,Corporate,Electronics,Laptop,3,754.22,0.1,2036.39,655.09,Cash
ORD-102384,2023-05-15 16:00:00,CUST-1239,Customer 136,69,Female,Central,Corporate,Electronics,Smartwatch,2,213.48,0.2,341.57,104.27,Credit Card
ORD-102385,2024-09-30 09:00:00,CUST-1779,Customer 847,43,Female,Central,Corporate,Clothing,Sneakers,5,92.76,0.0,463.8,53.29,UPI
ORD-102386,2024-11-26 18:00:00,CUST-1542,Customer 708,64,Male,East,Consumer,Office Supplies,Pen Set,6,8.37,0.05,47.71,16.19,Credit Card
ORD-102387,2024-12-13 15:00:00,CUST-1070,Customer 528,68,Female,West,Consumer,Electronics,Headphones,4,90.98,0.05,345.72,70.06,UPI
ORD-102388,2024-11-28 11:00:00,CUST-1188,Customer 579,63,Female,South,Corporate,Electronics,Smartphone,4,711.75,0.0,2847.0,983.04,UPI
ORD-102389,2024-09-29 17:00:00,CUST-1761,Customer 44,35,Female,East,Consumer,Electronics,Smartwatch,4,191.92,0.1,690.91,90.16,Credit Card
ORD-102390,2023-11-28 20:00:00,CUST-1166,Customer 459,37,Male,Central,Corporate,Electronics,Laptop,5,1018.9,0.0,5094.5,1498.78,Credit Card
ORD-102391,2023-05-21 13:00:00,CUST-1444,Customer 49,58,Female,South,Home Office,Electronics,Smartwatch,6,185.28,0.15,944.93,153.38,Credit Card
ORD-102392,2024-03-26 11:00:00,CUST-1282,Customer 566,66,Male,East,Home Office,Electronics,Laptop,5,773.52,0.05,3674.22,338.39,Net Banking
ORD-102393,2023-06-11 11:00:00,CUST-1568,Customer 514,49,Male,South,Consumer,Clothing,T-Shirt,2,20.63,0.0,41.26,14.37,UPI
ORD-102394,2023-12-12 15:00:00,CUST-1688,Customer 578,58,Male,South,Consumer,Home & Kitchen,Coffee Maker,2,69.68,0.1,125.42,20.31,Credit Card
ORD-102395,2024-04-23 08:00:00,CUST-1338,Customer 620,41,Female,Central,Home Office,Home & Kitchen,Blender,5,63.58,0.0,317.9,32.34,UPI
ORD-102396,2024-11-22 14:00:00,CUST-1008,Customer 899,62,Female,Central,Home Office,Furniture,Bookshelf,5,78.43,0.1,352.94,110.24,Credit Card
ORD-102397,2023-07-31 08:00:00,CUST-1285,Customer 468,39,Male,South,Consumer,Furniture,Office Chair,3,124.44,0.1,335.99,66.07,Cash
ORD-102398,2023-07-03 08:00:00,CUST-1017,Customer 731,50,Male,East,Home Office,Home & Kitchen,Coffee Maker,6,60.49,0.05,344.79,81.25,Credit Card
ORD-102399,2024-06-20 13:00:00,CUST-1178,Customer 404,45,Male,Central,Home Office,Clothing,T-Shirt,3,19.09,0.0,57.27,19.81,Net Banking
ORD-102400,2023-01-05 17:00:00,CUST-1308,Customer 671,61,Male,West,Consumer,Office Supplies,Binder,3,6.85,0.0,20.55,4.31,UPI
ORD-102401,2024-02-18 19:00:00,CUST-1089,Customer 250,59,Male,South,Consumer,Electronics,Smartwatch,4,188.28,0.05,715.46,70.2,UPI
ORD-102402,2024-06-28 09:00:00,CUST-1028,Customer 390,61,Male,West,Home Office,Furniture,Desk,2,193.98,0.05,368.56,98.27,Credit Card
ORD-102403,2024-02-07 11:00:00,CUST-1250,Customer 546,24,Male,Central,Corporate,Office Supplies,Notebook,5,3.92,0.05,18.62,5.06,Credit Card
ORD-102404,2023-10-08 13:00:00,CUST-1020,Customer 872,30,Male,East,Corporate,Office Supplies,Binder,7,5.83,0.0,40.81,5.4,Credit Card
ORD-102405,2024-08-27 15:00:00,CUST-1203,Customer 807,65,Female,East,Home Office,Electronics,Smartwatch,7,204.29,0.1,1287.03,292.49,Net Banking
ORD-102406,2023-09-28 20:00:00,CUST-1093,Customer 242,24,Female,South,Home Office,Home & Kitchen,Storage Box,4,17.25,0.1,62.1,11.16,Net Banking
ORD-102407,2024-06-02 16:00:00,CUST-1426,Customer 380,58,Female,West,Consumer,Office Supplies,Notebook,2,3.54,0.05,6.73,0.63,Credit Card
ORD-102408,2023-12-05 14:00:00,CUST-1639,Customer 71,50,Male,West,Consumer,Office Supplies,Pen Set,4,7.98,0.0,31.92,5.24,Net Banking
ORD-102409,2023-01-20 08:00:00,CUST-1685,Customer 626,36,Male,Central,Home Office,Electronics,Laptop,1,913.65,0.05,867.97,282.59,UPI
ORD-102410,2024-01-23 09:00:00,CUST-1497,Customer 63,19,Male,East,Consumer,Clothing,Jacket,5,70.55,0.0,352.75,56.82,Cash
ORD-102411,2023-02-06 09:00:00,CUST-1066,Customer 16,18,Male,West,Consumer,Clothing,T-Shirt,4,17.86,0.1,64.3,9.02,Net Banking
ORD-102412,2024-11-10 16:00:00,CUST-1058,Customer 667,64,Male,West,Home Office,Electronics,Laptop,1,905.07,0.1,814.56,272.1,Net Banking
ORD-102413,2024-03-15 12:00:00,CUST-1597,Customer 405,23,Female,South,Corporate,Office Supplies,Stapler,4,11.89,0.15,40.43,7.41,UPI
ORD-102414,2023-09-29 11:00:00,CUST-1598,Customer 165,56,Male,East,Consumer,Office Supplies,Binder,6,5.16,0.0,30.96,10.34,UPI
ORD-102415,2023-12-21 16:00:00,CUST-1214,Customer 685,25,Male,West,Consumer,Clothing,Sneakers,2,78.87,0.1,141.97,45.1,UPI
ORD-102416,2024-03-28 18:00:00,CUST-1793,Customer 699,38,Male,South,Home Office,Electronics,Smartwatch,3,213.11,0.15,543.43,112.5,Credit Card
ORD-102417,2023-07-09 13:00:00,CUST-1512,Customer 757,23,Male,South,Consumer,Home & Kitchen,Storage Box,7,14.99,0.0,104.93,19.3,Credit Card
ORD-102418,2023-07-30 19:00:00,CUST-1350,Customer 732,51,Female,Central,Consumer,Office Supplies,Binder,5,6.82,0.0,34.1,4.0,Cash
ORD-102419,2023-11-02 17:00:00,CUST-1501,Customer 483,23,Male,West,Home Office,Electronics,Laptop,6,861.41,0.0,5168.46,679.48,Credit Card
ORD-102420,2023-07-08 17:00:00,CUST-1014,Customer 850,50,Male,South,Corporate,Electronics,Smartphone,4,629.62,0.05,2392.56,341.56,UPI
ORD-102421,2024-07-07 19:00:00,CUST-1590,Customer 510,67,Female,South,Consumer,Electronics,Smartwatch,4,212.74,0.0,850.96,176.14,Credit Card
ORD-102422,2023-03-17 10:00:00,CUST-1176,Customer 625,56,Male,South,Corporate,Furniture,Lamp,4,34.45,0.0,137.8,24.87,UPI
ORD-102423,2024-08-26 17:00:00,CUST-1012,Customer 125,52,Male,Central,Consumer,Office Supplies,Printer Paper,4,16.8,0.05,63.84,18.9,Credit Card
ORD-102424,2023-09-12 20:00:00,CUST-1500,Customer 488,65,Female,Central,Consumer,Clothing,Sneakers,2,75.37,0.1,135.67,21.72,Net Banking
ORD-102425,2024-02-14 20:00:00,CUST-1001,Customer 266,60,Male,Central,Home Office,Electronics,Smartphone,1,672.8,0.15,571.88,111.3,Cash
ORD-102426,2023-04-26 15:00:00,CUST-1020,Customer 721,56,Female,South,Corporate,Home & Kitchen,Coffee Maker,6,71.01,0.1,383.45,43.38,Credit Card
ORD-102427,2023-10-09 17:00:00,CUST-1134,Customer 600,47,Female,Central,Corporate,Electronics,Laptop,4,963.3,0.15,3275.22,501.86,Credit Card
ORD-102428,2024-07-04 19:00:00,CUST-1763,Customer 631,38,Male,East,Consumer,Office Supplies,Pen Set,4,8.08,0.05,30.7,8.95,Credit Card
ORD-102429,2023-07-17 19:00:00,CUST-1784,Customer 690,50,Male,Central,Consumer,Home & Kitchen,Blender,5,54.74,0.1,246.33,66.74,Credit Card
ORD-102430,2023-04-07 19:00:00,CUST-1336,Customer 565,23,Male,West,Consumer,Clothing,Hoodie,3,38.18,0.0,114.54,21.6,UPI
ORD-102431,2024-01-17 18:00:00,CUST-1273,Customer 74,63,Female,East,Consumer,Office Supplies,Notebook,7,3.68,0.15,21.9,5.17,Credit Card
ORD-102432,2023-04-29 12:00:00,CUST-1341,Customer 207,64,Male,East,Corporate,Clothing,Jeans,4,51.33,0.15,174.52,35.56,UPI
ORD-102433,2023-08-18 17:00:00,CUST-1500,Customer 864,31,Female,East,Corporate,Electronics,Tablet,4,300.33,0.05,1141.25,367.15,Credit Card
ORD-102434,2023-11-25 13:00:00,CUST-1460,Customer 624,57,Male,West,Corporate,Electronics,Tablet,4,396.35,0.0,1585.4,295.78,Credit Card
ORD-102435,2024-02-16 18:00:00,CUST-1246,Customer 858,54,Female,East,Consumer,Furniture,Desk,2,189.07,0.0,378.14,103.98,Net Banking
ORD-102436,2024-04-11 18:00:00,CUST-1201,Customer 63,62,Other,Central,Corporate,Electronics,Headphones,2,82.62,0.0,165.24,22.97,Net Banking
ORD-102437,2024-05-08 20:00:00,CUST-1390,Customer 169,64,Male,South,Consumer,Furniture,Bookshelf,2,78.34,0.0,156.68,30.9,Credit Card
ORD-102438,2024-09-08 15:00:00,CUST-1230,Customer 598,56,Male,East,Corporate,Electronics,Tablet,2,381.77,0.0,763.54,170.21,UPI
ORD-102439,2023-02-18 14:00:00,CUST-1350,Customer 41,66,Female,East,Home Office,Home & Kitchen,Towel Pack,2,20.33,0.0,40.66,4.4,Credit Card
ORD-102440,2023-09-22 10:00:00,CUST-1022,Customer 63,34,Female,East,Corporate,Home & Kitchen,Cookware Set,2,125.77,0.0,251.54,60.02,Cash
ORD-102441,2023-01-01 16:00:00,CUST-1150,Customer 307,41,Male,South,Consumer,Clothing,Jeans,7,52.68,0.15,313.45,73.71,Cash
ORD-102442,2023-01-07 15:00:00,CUST-1775,Customer 609,25,Female,East,Corporate,Clothing,Jeans,3,48.48,0.05,138.17,16.98,UPI
ORD-102443,2023-06-04 14:00:00,CUST-1286,Customer 862,62,Female,East,Consumer,Electronics,Smartwatch,6,173.36,0.1,936.14,327.31,UPI
ORD-102444,2024-03-12 16:00:00,CUST-1346,Customer 876,32,Female,East,Consumer,Electronics,Tablet,3,383.8,0.0,1151.4,120.87,Net Banking
ORD-102445,2024-10-14 19:00:00,CUST-1152,Customer 399,44,Female,East,Consumer,Office Supplies,Notebook,6,4.02,0.0,24.12,7.76,Credit Card
ORD-102446,2024-07-18 09:00:00,CUST-1699,Customer 661,26,Female,Central,Consumer,Office Supplies,Printer Paper,6,15.38,0.0,92.28,19.63,UPI
ORD-102447,2024-04-16 13:00:00,CUST-1223,Customer 283,31,Male,Central,Consumer,Furniture,Bookshelf,6,91.83,0.15,468.33,65.63,Credit Card
ORD-102448,2024-07-22 17:00:00,CUST-1234,Customer 635,53,Male,West,Consumer,Office Supplies,Notebook,3,4.54,0.0,13.62,1.5,Credit Card
ORD-102449,2023-05-06 18:00:00,CUST-1333,Customer 805,31,Female,West,Corporate,Office Supplies,Notebook,1,4.0,0.05,3.8,1.02,UPI
ORD-102450,2024-09-05 18:00:00,CUST-1646,Customer 569,44,Female,Central,Consumer,Electronics,Smartphone,3,691.58,0.0,2074.74,588.61,Credit Card
ORD-102451,2024-10-11 18:00:00,CUST-1636,Customer 121,41,Female,South,Corporate,Furniture,Desk,5,241.33,0.0,1206.65,315.94,Credit Card
ORD-102452,2023-03-11 19:00:00,CUST-1146,Customer 252,49,Male,Central,Consumer,Furniture,Office Chair,5,141.39,0.0,706.95,136.7,Credit Card
ORD-102453,2023-12-10 20:00:00,CUST-1157,Customer 847,31,Male,South,Consumer,Office Supplies,Pen Set,5,7.71,0.05,36.62,4.64,Net Banking
ORD-102454,2024-08-28 15:00:00,CUST-1204,Customer 710,43,Male,South,Consumer,Home & Kitchen,Storage Box,7,17.67,0.0,123.69,36.26,Credit Card
ORD-102455,2023-12-14 11:00:00,CUST-1156,Customer 728,19,Male,West,Consumer,Office Supplies,Printer Paper,2,17.62,0.15,29.95,9.44,UPI
ORD-102456,2024-09-05 15:00:00,CUST-1400,Customer 46,44,Male,East,Consumer,Clothing,Jeans,4,40.93,0.0,163.72,30.42,Credit Card
ORD-102457,2024-11-13 17:00:00,CUST-1197,Customer 345,23,Male,Central,Corporate,Clothing,Sneakers,4,81.8,0.0,327.2,100.49,Net Banking
ORD-102458,2023-12-13 09:00:00,CUST-1058,Customer 465,55,Male,East,Consumer,Electronics,Headphones,2,92.55,0.0,185.1,46.57,Credit Card
ORD-102459,2023-02-13 17:00:00,CUST-1631,Customer 708,62,Male,West,Corporate,Office Supplies,Printer Paper,5,17.09,0.2,68.36,15.2,UPI
ORD-102460,2023-09-06 15:00:00,CUST-1273,Customer 94,38,Male,Central,Consumer,Office Supplies,Pen Set,1,7.46,0.05,7.09,1.74,UPI
ORD-102461,2023-06-07 20:00:00,CUST-1197,Customer 680,63,Female,West,Corporate,Office Supplies,Notebook,7,3.59,0.05,23.87,2.6,UPI
ORD-102462,2023-12-13 10:00:00,CUST-1114,Customer 551,38,Female,West,Consumer,Electronics,Smartphone,1,538.97,0.05,512.02,58.3,Net Banking
ORD-102463,2024-03-03 19:00:00,CUST-1655,Customer 522,63,Male,West,Home Office,Home & Kitchen,Storage Box,1,19.07,0.15,16.21,4.48,Credit Card
ORD-102464,2023-12-05 13:00:00,CUST-1481,Customer 776,45,Female,East,Consumer,Home & Kitchen,Cookware Set,2,124.54,0.0,249.08,85.16,Credit Card
ORD-102465,2023-05-23 15:00:00,CUST-1258,Customer 703,46,Female,East,Home Office,Electronics,Laptop,7,939.57,0.1,5919.29,1285.12,Credit Card
ORD-102466,2023-08-08 16:00:00,CUST-1662,Customer 641,39,Female,West,Consumer,Electronics,Tablet,7,380.98,0.1,2400.17,227.01,UPI
ORD-102467,2024-05-11 15:00:00,CUST-1242,Customer 450,66,Female,East,Corporate,Electronics,Tablet,7,330.93,0.0,2316.51,227.9,Net Banking
ORD-102468,2023-01-20 19:00:00,CUST-1199,Customer 875,54,Male,South,Consumer,Clothing,Jacket,6,84.72,0.0,508.32,104.81,Credit Card
ORD-102469,2023-06-06 10:00:00,CUST-1302,Customer 758,43,Male,West,Consumer,Office Supplies,Printer Paper,7,21.36,0.05,142.04,36.59,Cash
ORD-102470,2024-10-13 17:00:00,CUST-1031,Customer 269,59,Female,South,Consumer,Electronics,Laptop,4,943.17,0.0,3772.68,459.58,Credit Card
ORD-102471,2023-03-14 20:00:00,CUST-1358,Customer 714,42,Female,South,Consumer,Clothing,Jacket,1,82.43,0.0,82.43,7.33,Credit Card
ORD-102472,2023-10-30 10:00:00,CUST-1600,Customer 512,63,Female,West,Consumer,Furniture,Lamp,4,35.04,0.0,140.16,38.82,UPI
ORD-102473,2023-06-01 11:00:00,CUST-1335,Customer 815,42,Female,West,Corporate,Office Supplies,Stapler,2,13.73,0.0,27.46,3.28,Cash
ORD-102474,2023-03-18 14:00:00,CUST-1464,Customer 337,60,Female,South,Consumer,Furniture,Office Chair,2,123.35,0.1,222.03,44.03,Credit Card
ORD-102475,2023-11-05 17:00:00,CUST-1315,Customer 717,31,Female,East,Corporate,Office Supplies,Printer Paper,5,20.02,0.05,95.09,26.46,Net Banking
ORD-102476,2024-01-16 20:00:00,CUST-1658,Customer 235,47,Male,West,Consumer,Office Supplies,Printer Paper,2,17.58,0.05,33.4,3.8,Credit Card
ORD-102477,2023-05-09 18:00:00,CUST-1798,Customer 828,49,Male,East,Corporate,Electronics,Smartwatch,3,199.14,0.05,567.55,113.25,Net Banking
ORD-102478,2023-02-26 18:00:00,CUST-1433,Customer 156,45,Male,Central,Corporate,Furniture,Sofa,3,558.02,0.0,1674.06,184.3,Credit Card
ORD-102479,2023-04-09 13:00:00,CUST-1554,Customer 161,41,Female,South,Consumer,Home & Kitchen,Blender,1,58.4,0.05,55.48,9.64,Credit Card
ORD-102480,2024-04-20 16:00:00,CUST-1487,Customer 882,18,Male,Central,Corporate,Office Supplies,Notebook,5,3.44,0.15,14.62,4.77,Net Banking
ORD-102481,2024-09-20 10:00:00,CUST-1705,Customer 250,68,Female,West,Consumer,Home & Kitchen,Towel Pack,6,24.26,0.0,145.56,38.61,Credit Card
ORD-102482,2023-05-12 14:00:00,CUST-1724,Customer 467,29,Female,West,Consumer,Office Supplies,Binder,4,7.05,0.05,26.79,2.31,UPI
ORD-102483,2023-08-22 10:00:00,CUST-1714,Customer 407,26,Male,Central,Corporate,Clothing,T-Shirt,1,19.34,0.1,17.41,2.02,Cash
ORD-102484,2023-09-08 08:00:00,CUST-1055,Customer 708,60,Female,Central,Corporate,Furniture,Bookshelf,6,103.63,0.05,590.69,94.12,Credit Card
ORD-102485,2023-09-21 19:00:00,CUST-1341,Customer 219,21,Female,South,Consumer,Clothing,Jacket,4,85.41,0.0,341.64,109.94,UPI
ORD-102486,2023-06-28 18:00:00,CUST-1400,Customer 304,57,Female,East,Consumer,Electronics,Smartphone,2,713.9,0.0,1427.8,402.23,UPI
ORD-102487,2023-02-10 14:00:00,CUST-1620,Customer 807,36,Male,East,Corporate,Electronics,Smartwatch,7,184.38,0.05,1226.13,302.51,Credit Card
ORD-102488,2024-01-19 08:00:00,CUST-1451,Customer 826,55,Male,East,Consumer,Electronics,Tablet,7,345.43,0.1,2176.21,263.76,Credit Card
ORD-102489,2023-09-18 09:00:00,CUST-1376,Customer 162,29,Other,Central,Home Office,Electronics,Tablet,4,389.92,0.1,1403.71,464.34,Credit Card
ORD-102490,2023-09-07 09:00:00,CUST-1426,Customer 439,54,Female,South,Home Office,Home & Kitchen,Blender,4,64.28,0.05,244.26,72.84,UPI
ORD-102491,2023-07-13 17:00:00,CUST-1475,Customer 413,69,Female,West,Consumer,Home & Kitchen,Cookware Set,7,108.17,0.0,757.19,109.52,Credit Card
ORD-102492,2024-11-09 10:00:00,CUST-1482,Customer 462,44,Male,West,Consumer,Clothing,Hoodie,2,36.54,0.1,65.77,12.44,UPI
ORD-102493,2024-03-21 11:00:00,CUST-1587,Customer 469,47,Male,South,Corporate,Electronics,Smartphone,3,602.26,0.05,1716.44,335.84,UPI
ORD-102494,2023-11-02 19:00:00,CUST-1320,Customer 45,49,Female,East,Corporate,Home & Kitchen,Storage Box,4,17.91,0.2,57.31,13.68,Credit Card
ORD-102495,2023-05-30 19:00:00,CUST-1465,Customer 785,36,Female,South,Consumer,Clothing,Jacket,3,86.72,0.1,234.14,42.43,Cash
ORD-102496,2024-08-07 17:00:00,CUST-1096,Customer 223,46,Female,South,Home Office,Furniture,Bookshelf,3,94.78,0.0,284.34,38.87,UPI
ORD-102497,2024-10-10 12:00:00,CUST-1405,Customer 233,51,Male,Central,Corporate,Office Supplies,Pen Set,1,7.12,0.05,6.76,1.76,Net Banking
ORD-102498,2023-01-24 15:00:00,CUST-1299,Customer 730,19,Male,West,Consumer,Office Supplies,Binder,2,5.74,0.05,10.91,2.87,UPI
ORD-102499,2024-11-09 10:00:00,CUST-1009,Customer 872,41,Male,Central,Consumer,Electronics,Headphones,3,92.0,0.0,276.0,55.05,Net Banking
ORD-102500,2024-05-25 19:00:00,CUST-1165,Customer 811,45,Male,East,Corporate,Office Supplies,Stapler,6,11.66,0.05,66.46,14.05,Net Banking
ORD-102501,2023-03-14 09:00:00,CUST-1775,Customer 263,28,Male,East,Corporate,Clothing,Jacket,3,66.45,0.0,199.35,18.68,UPI
ORD-102502,2024-07-03 17:00:00,CUST-1439,Customer 671,42,Male,East,Consumer,Electronics,Laptop,2,812.37,0.0,1624.74,330.06,UPI
ORD-102503,2023-03-20 14:00:00,CUST-1030,Customer 147,38,Female,East,Consumer,Furniture,Sofa,6,543.53,0.1,2935.06,869.09,Credit Card
ORD-102504,2023-02-07 17:00:00,CUST-1708,Customer 364,46,Male,South,Consumer,Office Supplies,Pen Set,3,8.18,0.0,24.54,5.88,UPI
ORD-102505,2023-03-26 13:00:00,CUST-1096,Customer 228,32,Female,Central,Consumer,Clothing,Jeans,7,40.95,0.1,257.98,84.77,UPI
ORD-102506,2023-12-02 10:00:00,CUST-1499,Customer 205,64,Female,West,Corporate,Home & Kitchen,Towel Pack,1,21.11,0.05,20.05,5.48,UPI
ORD-102507,2024-03-28 17:00:00,CUST-1033,Customer 793,51,Male,Central,Consumer,Clothing,T-Shirt,1,21.31,0.1,19.18,5.56,Credit Card
ORD-102508,2023-10-25 16:00:00,CUST-1669,Customer 799,50,Female,Central,Corporate,Office Supplies,Printer Paper,7,18.02,0.1,113.53,23.13,Net Banking
ORD-102509,2023-03-31 14:00:00,CUST-1500,Customer 138,60,Male,East,Consumer,Office Supplies,Stapler,1,12.05,0.1,10.84,1.37,Credit Card
ORD-102510,2023-05-26 12:00:00,CUST-1684,Customer 333,19,Male,East,Corporate,Office Supplies,Printer Paper,1,16.26,0.0,16.26,5.31,Cash
ORD-102511,2024-09-14 12:00:00,CUST-1242,Customer 29,31,Male,West,Home Office,Office Supplies,Notebook,5,3.83,0.2,15.32,3.95,Net Banking
ORD-102512,2024-12-03 14:00:00,CUST-1714,Customer 743,27,Male,South,Consumer,Electronics,Smartwatch,3,215.68,0.0,647.04,210.65,Credit Card
ORD-102513,2024-07-04 11:00:00,CUST-1715,Customer 263,50,Female,East,Home Office,Clothing,Jeans,4,50.63,0.1,182.27,44.97,UPI
ORD-102514,2023-03-17 11:00:00,CUST-1382,Customer 539,35,Female,South,Corporate,Clothing,Hoodie,3,40.1,0.05,114.29,23.17,UPI
ORD-102515,2024-08-21 11:00:00,CUST-1474,Customer 490,54,Female,Central,Home Office,Office Supplies,Pen Set,3,9.3,0.0,27.9,3.25,Net Banking
ORD-102516,2024-05-20 08:00:00,CUST-1301,Customer 179,66,Female,West,Consumer,Home & Kitchen,Blender,4,54.07,0.05,205.47,38.5,Net Banking
ORD-102517,2024-01-20 20:00:00,CUST-1625,Customer 321,37,Female,East,Home Office,Office Supplies,Stapler,2,13.83,0.05,26.28,6.34,UPI
ORD-102518,2023-04-15 11:00:00,CUST-1513,Customer 100,35,Female,West,Consumer,Furniture,Office Chair,2,120.55,0.0,241.1,79.88,Net Banking
ORD-102519,2024-12-28 10:00:00,CUST-1116,Customer 145,43,Female,West,Consumer,Electronics,Smartphone,2,602.35,0.0,1204.7,366.12,Credit Card
ORD-102520,2023-11-20 09:00:00,CUST-1328,Customer 763,43,Female,East,Home Office,Electronics,Smartwatch,1,218.36,0.0,218.36,47.72,Credit Card
ORD-102521,2023-02-02 20:00:00,CUST-1328,Customer 328,36,Male,South,Home Office,Furniture,Bookshelf,4,104.89,0.2,335.65,67.45,UPI
ORD-102522,2023-06-03 14:00:00,CUST-1348,Customer 408,35,Female,West,Consumer,Office Supplies,Printer Paper,4,20.07,0.05,76.27,6.79,Cash
ORD-102523,2023-10-20 12:00:00,CUST-1499,Customer 623,37,Female,East,Consumer,Electronics,Tablet,1,368.71,0.0,368.71,64.46,Credit Card
ORD-102524,2023-02-15 13:00:00,CUST-1223,Customer 789,43,Male,West,Home Office,Electronics,Headphones,4,90.83,0.1,326.99,112.8,UPI
ORD-102525,2023-08-25 09:00:00,CUST-1150,Customer 393,41,Female,East,Corporate,Electronics,Headphones,6,87.81,0.05,500.52,140.18,Credit Card
ORD-102526,2023-12-08 12:00:00,CUST-1365,Customer 784,41,Female,South,Consumer,Clothing,T-Shirt,1,16.9,0.1,15.21,3.37,Credit Card
ORD-102527,2024-11-23 11:00:00,CUST-1305,Customer 515,33,Other,East,Consumer,Clothing,Jeans,3,45.59,0.05,129.93,40.64,Net Banking
ORD-102528,2023-03-05 18:00:00,CUST-1726,Customer 46,50,Male,West,Consumer,Furniture,Sofa,7,519.0,0.0,3633.0,313.26,UPI
ORD-102529,2024-02-26 08:00:00,CUST-1603,Customer 852,43,Male,Central,Consumer,Electronics,Laptop,3,897.37,0.0,2692.11,911.44,UPI
ORD-102530,2024-10-30 13:00:00,CUST-1196,Customer 236,29,Male,East,Corporate,Electronics,Smartphone,1,719.07,0.1,647.16,174.03,UPI
ORD-102531,2024-08-11 18:00:00,CUST-1545,Customer 673,57,Female,West,Consumer,Electronics,Laptop,4,863.47,0.1,3108.49,259.85,UPI
ORD-102532,2024-11-06 18:00:00,CUST-1484,Customer 783,63,Female,Central,Corporate,Furniture,Lamp,3,31.93,0.1,86.21,23.32,Credit Card
ORD-102533,2023-05-05 14:00:00,CUST-1721,Customer 723,38,Female,South,Consumer,Electronics,Headphones,2,74.01,0.0,148.02,15.16,UPI
ORD-102534,2024-08-07 10:00:00,CUST-1596,Customer 548,45,Female,Central,Corporate,Furniture,Sofa,1,550.14,0.1,495.13,125.12,Net Banking
ORD-102535,2024-12-15 12:00:00,CUST-1446,Customer 259,67,Male,East,Consumer,Home & Kitchen,Towel Pack,7,18.77,0.0,131.39,21.19,Credit Card
ORD-102536,2023-08-27 10:00:00,CUST-1200,Customer 582,34,Male,West,Corporate,Office Supplies,Pen Set,6,9.23,0.05,52.61,7.22,Credit Card
ORD-102537,2023-12-31 16:00:00,CUST-1165,Customer 460,29,Female,West,Home Office,Clothing,T-Shirt,5,15.65,0.0,78.25,19.53,UPI
ORD-102538,2024-01-23 11:00:00,CUST-1299,Customer 596,36,Male,West,Corporate,Electronics,Smartphone,1,611.99,0.1,550.79,108.61,UPI
ORD-102539,2023-12-27 16:00:00,CUST-1702,Customer 310,41,Female,South,Consumer,Electronics,Laptop,7,960.55,0.2,5379.08,524.04,Credit Card
ORD-102540,2023-07-31 16:00:00,CUST-1719,Customer 619,41,Male,East,Home Office,Home & Kitchen,Coffee Maker,4,69.49,0.0,277.96,83.95,UPI
ORD-102541,2024-12-09 20:00:00,CUST-1769,Customer 436,49,Female,West,Consumer,Furniture,Desk,4,250.32,0.1,901.15,136.84,Net Banking
ORD-102542,2024-11-29 12:00:00,CUST-1784,Customer 874,32,Other,West,Consumer,Office Supplies,Printer Paper,7,15.93,0.05,105.93,26.16,Credit Card
ORD-102543,2023-10-05 20:00:00,CUST-1388,Customer 101,46,Male,East,Home Office,Home & Kitchen,Coffee Maker,4,72.03,0.0,288.12,70.45,Credit Card
ORD-102544,2024-08-10 13:00:00,CUST-1481,Customer 651,23,Female,West,Consumer,Office Supplies,Notebook,2,4.22,0.0,8.44,0.8,UPI
ORD-102545,2023-10-18 16:00:00,CUST-1067,Customer 467,67,Female,East,Consumer,Furniture,Lamp,2,40.66,0.1,73.19,25.56,UPI
ORD-102546,2024-08-03 16:00:00,CUST-1127,Customer 518,33,Male,South,Home Office,Office Supplies,Notebook,7,3.53,0.0,24.71,4.96,Credit Card
ORD-102547,2024-03-02 18:00:00,CUST-1202,Customer 473,34,Female,East,Consumer,Electronics,Smartphone,4,600.48,0.0,2401.92,325.33,UPI
ORD-102548,2023-12-10 14:00:00,CUST-1135,Customer 123,26,Female,West,Corporate,Electronics,Smartphone,5,670.08,0.15,2847.84,563.65,UPI
ORD-102549,2023-04-04 18:00:00,CUST-1601,Customer 517,37,Male,Central,Corporate,Electronics,Laptop,5,1014.03,0.05,4816.64,1169.61,UPI
ORD-102550,2024-04-22 12:00:00,CUST-1675,Customer 377,68,Male,West,Consumer,Home & Kitchen,Storage Box,2,18.35,0.1,33.03,2.67,UPI
ORD-102551,2023-08-23 14:00:00,CUST-1000,Customer 211,48,Male,West,Consumer,Office Supplies,Pen Set,3,9.17,0.05,26.13,4.21,Credit Card
ORD-102552,2023-06-08 14:00:00,CUST-1546,Customer 832,52,Male,West,Consumer,Furniture,Sofa,7,494.89,0.05,3291.02,739.85,Credit Card
ORD-102553,2023-05-22 17:00:00,CUST-1235,Customer 200,49,Male,South,Home Office,Electronics,Laptop,2,890.38,0.1,1602.68,428.73,Cash
ORD-102554,2024-12-17 16:00:00,CUST-1395,Customer 379,35,Male,West,Corporate,Clothing,Jacket,7,86.29,0.0,604.03,99.42,UPI
ORD-102555,2023-03-17 09:00:00,CUST-1295,Customer 331,58,Male,West,Consumer,Home & Kitchen,Blender,2,63.49,0.0,126.98,24.01,Credit Card
ORD-102556,2024-08-05 18:00:00,CUST-1121,Customer 408,35,Female,Central,Corporate,Furniture,Desk,3,248.78,0.05,709.02,99.07,UPI
ORD-102557,2024-09-24 17:00:00,CUST-1630,Customer 484,59,Male,West,Corporate,Furniture,Bookshelf,1,102.28,0.15,86.94,13.83,Credit Card
ORD-102558,2023-01-23 09:00:00,CUST-1246,Customer 567,69,Male,Central,Corporate,Home & Kitchen,Storage Box,5,18.53,0.0,92.65,24.61,Net Banking
ORD-102559,2024-03-06 20:00:00,CUST-1349,Customer 303,18,Male,East,Consumer,Home & Kitchen,Coffee Maker,3,62.29,0.2,149.5,25.57,UPI
ORD-102560,2024-02-26 16:00:00,CUST-1472,Customer 312,26,Female,West,Consumer,Home & Kitchen,Towel Pack,4,20.95,0.1,75.42,11.73,Credit Card
ORD-102561,2023-09-19 09:00:00,CUST-1420,Customer 635,57,Male,South,Consumer,Furniture,Office Chair,5,166.83,0.05,792.44,127.27,Credit Card
ORD-102562,2024-05-01 14:00:00,CUST-1147,Customer 627,24,Male,Central,Corporate,Electronics,Smartphone,5,645.22,0.0,3226.1,791.73,Credit Card
ORD-102563,2023-10-26 18:00:00,CUST-1537,Customer 527,55,Female,West,Consumer,Furniture,Sofa,7,437.65,0.0,3063.55,708.97,Credit Card
ORD-102564,2023-11-17 11:00:00,CUST-1127,Customer 467,30,Female,Central,Corporate,Furniture,Bookshelf,4,92.35,0.05,350.93,66.63,UPI
ORD-102565,2023-11-12 20:00:00,CUST-1627,Customer 102,48,Female,West,Home Office,Home & Kitchen,Cookware Set,2,129.12,0.0,258.24,64.75,Credit Card
ORD-102566,2024-08-07 13:00:00,CUST-1518,Customer 509,51,Female,West,Consumer,Electronics,Smartwatch,5,216.58,0.0,1082.9,274.57,UPI
ORD-102567,2024-04-07 10:00:00,CUST-1270,Customer 202,34,Male,East,Consumer,Office Supplies,Notebook,1,4.54,0.0,4.54,0.38,UPI
ORD-102568,2023-10-04 12:00:00,CUST-1283,Customer 66,62,Male,East,Consumer,Home & Kitchen,Towel Pack,6,19.08,0.2,91.58,15.71,Credit Card
ORD-102569,2024-11-07 14:00:00,CUST-1137,Customer 544,65,Female,East,Corporate,Home & Kitchen,Storage Box,3,16.14,0.0,48.42,7.07,Credit Card
ORD-102570,2024-08-08 16:00:00,CUST-1354,Customer 471,29,Female,Central,Consumer,Office Supplies,Printer Paper,6,15.43,0.05,87.95,26.72,Credit Card
ORD-102571,2024-11-11 20:00:00,CUST-1145,Customer 479,56,Female,West,Home Office,Home & Kitchen,Coffee Maker,2,81.26,0.0,162.52,25.09,UPI
ORD-102572,2024-06-17 10:00:00,CUST-1405,Customer 659,52,Female,South,Consumer,Electronics,Smartphone,3,564.74,0.0,1694.22,280.68,UPI
ORD-102573,2023-10-13 20:00:00,CUST-1128,Customer 305,31,Male,East,Home Office,Furniture,Lamp,5,37.4,0.0,187.0,42.11,Credit Card
ORD-102574,2024-07-18 14:00:00,CUST-1710,Customer 302,60,Female,East,Consumer,Electronics,Smartwatch,5,199.45,0.1,897.52,204.45,Credit Card
ORD-102575,2023-08-29 09:00:00,CUST-1091,Customer 155,33,Female,Central,Home Office,Home & Kitchen,Storage Box,1,17.1,0.05,16.24,4.86,Net Banking
ORD-102576,2023-07-17 20:00:00,CUST-1575,Customer 69,31,Male,East,Consumer,Home & Kitchen,Storage Box,1,16.76,0.0,16.76,3.1,UPI
ORD-102577,2023-11-26 12:00:00,CUST-1352,Customer 828,54,Male,West,Consumer,Electronics,Headphones,7,88.04,0.1,554.65,86.48,UPI
ORD-102578,2024-12-08 16:00:00,CUST-1271,Customer 260,24,Male,East,Home Office,Electronics,Laptop,4,908.77,0.0,3635.08,887.78,Credit Card
ORD-102579,2024-02-19 17:00:00,CUST-1146,Customer 405,65,Male,East,Consumer,Furniture,Desk,6,193.95,0.1,1047.33,289.73,Credit Card
ORD-102580,2023-10-08 08:00:00,CUST-1509,Customer 816,37,Female,West,Corporate,Electronics,Smartphone,1,606.59,0.0,606.59,211.09,UPI
ORD-102581,2023-12-04 10:00:00,CUST-1626,Customer 192,43,Male,West,Corporate,Clothing,Hoodie,4,41.65,0.15,141.61,34.97,UPI
ORD-102582,2023-08-01 16:00:00,CUST-1518,Customer 158,53,Female,East,Consumer,Electronics,Smartphone,5,597.57,0.15,2539.67,539.67,Credit Card
ORD-102583,2024-04-25 12:00:00,CUST-1000,Customer 649,63,Male,East,Consumer,Clothing,Jeans,7,50.23,0.1,316.45,36.69,Credit Card
ORD-102584,2023-09-13 08:00:00,CUST-1665,Customer 319,58,Male,East,Home Office,Office Supplies,Binder,5,5.77,0.0,28.85,10.0,UPI
ORD-102585,2024-02-09 08:00:00,CUST-1762,Customer 231,37,Female,East,Corporate,Furniture,Office Chair,5,159.61,0.05,758.15,200.87,Credit Card
ORD-102586,2023-09-27 18:00:00,CUST-1564,Customer 701,56,Female,South,Home Office,Electronics,Smartwatch,3,171.26,0.1,462.4,57.59,Net Banking
ORD-102587,2023-08-23 09:00:00,CUST-1010,Customer 239,38,Female,Central,Corporate,Home & Kitchen,Cookware Set,7,134.31,0.05,893.16,182.31,UPI
ORD-102588,2024-12-09 09:00:00,CUST-1403,Customer 5,44,Female,East,Corporate,Office Supplies,Binder,3,5.49,0.0,16.47,3.81,Net Banking
ORD-102589,2023-09-10 15:00:00,CUST-1260,Customer 744,53,Female,West,Corporate,Furniture,Bookshelf,2,93.13,0.05,176.95,24.52,Credit Card
ORD-102590,2023-02-21 09:00:00,CUST-1522,Customer 873,46,Male,East,Consumer,Furniture,Bookshelf,6,86.6,0.0,519.6,144.33,UPI
ORD-102591,2023-10-04 16:00:00,CUST-1603,Customer 817,20,Female,East,Home Office,Home & Kitchen,Storage Box,7,17.17,0.05,114.18,29.18,Credit Card
ORD-102592,2024-01-24 15:00:00,CUST-1709,Customer 104,20,Male,South,Home Office,Clothing,Hoodie,6,36.98,0.0,221.88,31.75,Net Banking
ORD-102593,2023-03-11 16:00:00,CUST-1697,Customer 421,25,Female,East,Corporate,Clothing,Sneakers,2,95.91,0.05,182.23,63.28,UPI
ORD-102594,2023-08-12 14:00:00,CUST-1772,Customer 796,22,Female,South,Home Office,Office Supplies,Printer Paper,6,18.91,0.0,113.46,38.14,UPI
ORD-102595,2023-05-02 18:00:00,CUST-1069,Customer 569,55,Male,South,Consumer,Home & Kitchen,Storage Box,3,18.96,0.0,56.88,8.63,Credit Card
ORD-102596,2024-01-01 16:00:00,CUST-1094,Customer 269,27,Female,Central,Consumer,Furniture,Lamp,2,38.47,0.0,76.94,15.33,UPI
ORD-102597,2024-06-11 13:00:00,CUST-1640,Customer 325,30,Female,West,Consumer,Clothing,Sneakers,7,90.32,0.15,537.4,172.82,UPI
ORD-102598,2024-12-07 08:00:00,CUST-1572,Customer 282,34,Male,East,Corporate,Furniture,Desk,7,250.85,0.05,1668.15,316.45,Credit Card
ORD-102599,2023-10-12 11:00:00,CUST-1601,Customer 570,27,Female,South,Consumer,Office Supplies,Printer Paper,3,16.68,0.05,47.54,16.06,UPI
ORD-102600,2024-09-22 09:00:00,CUST-1188,Customer 587,63,Female,South,Consumer,Home & Kitchen,Coffee Maker,1,75.0,0.1,67.5,9.05,UPI
ORD-102601,2023-06-06 08:00:00,CUST-1367,Customer 655,22,Male,West,Corporate,Home & Kitchen,Cookware Set,2,118.4,0.05,224.96,61.97,UPI
ORD-102602,2024-07-23 11:00:00,CUST-1514,Customer 251,27,Female,East,Consumer,Office Supplies,Stapler,4,13.32,0.0,53.28,12.89,Credit Card
ORD-102603,2024-02-15 10:00:00,CUST-1501,Customer 649,29,Female,East,Consumer,Office Supplies,Binder,1,5.15,0.05,4.89,0.85,UPI
ORD-102604,2024-07-07 08:00:00,CUST-1686,Customer 396,22,Male,East,Consumer,Home & Kitchen,Cookware Set,2,119.96,0.0,239.92,65.69,Credit Card
ORD-102605,2024-07-05 12:00:00,CUST-1293,Customer 37,31,Male,East,Consumer,Home & Kitchen,Storage Box,2,17.25,0.05,32.78,2.84,UPI
ORD-102606,2024-01-24 14:00:00,CUST-1669,Customer 703,27,Female,West,Consumer,Clothing,Hoodie,7,40.45,0.0,283.15,40.3,Net Banking
ORD-102607,2023-07-07 10:00:00,CUST-1249,Customer 89,35,Female,South,Consumer,Electronics,Tablet,3,317.32,0.15,809.17,121.82,Credit Card
ORD-102608,2024-01-20 11:00:00,CUST-1608,Customer 9,25,Female,Central,Consumer,Furniture,Office Chair,3,141.75,0.05,403.99,45.13,Net Banking
ORD-102609,2024-08-26 08:00:00,CUST-1026,Customer 637,66,Female,Central,Consumer,Home & Kitchen,Towel Pack,3,25.24,0.0,75.72,6.75,Net Banking
ORD-102610,2024-12-09 08:00:00,CUST-1164,Customer 79,58,Female,Central,Home Office,Clothing,Jeans,1,41.51,0.05,39.43,6.91,Credit Card
ORD-102611,2024-11-08 10:00:00,CUST-1005,Customer 479,51,Male,Central,Consumer,Clothing,Jacket,4,73.39,0.0,293.56,40.79,Credit Card
ORD-102612,2023-05-13 13:00:00,CUST-1172,Customer 302,48,Male,West,Consumer,Office Supplies,Stapler,7,14.36,0.0,100.52,11.65,Cash
ORD-102613,2024-03-12 16:00:00,CUST-1420,Customer 849,54,Female,South,Corporate,Furniture,Desk,6,257.29,0.15,1312.18,160.71,Net Banking
ORD-102614,2023-03-18 18:00:00,CUST-1696,Customer 278,66,Male,West,Consumer,Furniture,Lamp,2,30.17,0.1,54.31,16.46,Credit Card
ORD-102615,2024-05-03 16:00:00,CUST-1009,Customer 94,24,Other,South,Consumer,Clothing,Hoodie,1,41.42,0.1,37.28,3.94,Net Banking
ORD-102616,2024-12-25 16:00:00,CUST-1468,Customer 123,45,Male,East,Corporate,Furniture,Bookshelf,6,78.56,0.05,447.79,123.46,Credit Card
ORD-102617,2023-02-08 20:00:00,CUST-1098,Customer 890,28,Male,Central,Consumer,Clothing,T-Shirt,6,21.12,0.0,126.72,11.98,Credit Card
ORD-102618,2024-04-24 11:00:00,CUST-1139,Customer 865,41,Female,West,Home Office,Clothing,T-Shirt,7,18.08,0.0,126.56,11.51,Net Banking
ORD-102619,2024-11-21 18:00:00,CUST-1077,Customer 121,64,Male,West,Consumer,Clothing,Jeans,5,44.84,0.05,212.99,42.47,Credit Card
ORD-102620,2024-09-10 20:00:00,CUST-1470,Customer 303,50,Male,West,Corporate,Furniture,Lamp,4,33.09,0.05,125.74,23.02,Cash
ORD-102621,2023-10-14 15:00:00,CUST-1506,Customer 29,50,Female,East,Home Office,Clothing,Jacket,6,78.68,0.0,472.08,107.33,Credit Card
ORD-102622,2023-03-17 18:00:00,CUST-1221,Customer 739,22,Female,Central,Home Office,Electronics,Laptop,5,765.64,0.0,3828.2,1032.52,Credit Card
ORD-102623,2024-11-05 09:00:00,CUST-1535,Customer 809,60,Male,West,Consumer,Electronics,Headphones,6,90.37,0.0,542.22,88.73,Net Banking
ORD-102624,2024-11-03 19:00:00,CUST-1320,Customer 635,55,Male,West,Corporate,Furniture,Lamp,2,35.77,0.0,71.54,9.48,Credit Card
ORD-102625,2024-02-27 15:00:00,CUST-1603,Customer 454,36,Female,South,Consumer,Electronics,Headphones,7,83.86,0.0,587.02,177.26,UPI
ORD-102626,2024-12-15 10:00:00,CUST-1419,Customer 333,35,Female,Central,Corporate,Home & Kitchen,Cookware Set,1,137.31,0.0,137.31,17.11,Net Banking
ORD-102627,2023-01-04 08:00:00,CUST-1778,Customer 258,48,Male,South,Corporate,Home & Kitchen,Blender,1,50.31,0.05,47.79,14.13,Cash
ORD-102628,2024-03-26 17:00:00,CUST-1533,Customer 641,57,Male,East,Consumer,Electronics,Tablet,5,309.85,0.0,1549.25,369.54,Net Banking
ORD-102629,2023-01-29 13:00:00,CUST-1783,Customer 515,44,Female,East,Consumer,Clothing,T-Shirt,5,17.95,0.0,89.75,14.19,Net Banking
ORD-102630,2024-11-14 12:00:00,CUST-1728,Customer 419,62,Male,East,Corporate,Office Supplies,Binder,4,6.75,0.05,25.65,4.23,Credit Card
ORD-102631,2024-05-11 13:00:00,CUST-1166,Customer 340,28,Female,South,Consumer,Clothing,Jeans,7,39.17,0.1,246.77,44.44,UPI
ORD-102632,2024-10-28 20:00:00,CUST-1276,Customer 657,53,Male,Central,Corporate,Home & Kitchen,Blender,7,62.06,0.0,434.42,104.08,UPI
ORD-102633,2024-02-15 13:00:00,CUST-1281,Customer 889,60,Female,South,Consumer,Office Supplies,Pen Set,6,8.2,0.0,49.2,16.95,UPI
ORD-102634,2023-03-02 09:00:00,CUST-1488,Customer 111,54,Female,West,Corporate,Electronics,Laptop,2,889.62,0.05,1690.28,280.47,UPI
ORD-102635,2023-01-20 11:00:00,CUST-1449,Customer 696,35,Male,East,Consumer,Electronics,Laptop,1,890.4,0.0,890.4,297.66,Credit Card
ORD-102636,2023-09-02 09:00:00,CUST-1377,Customer 408,42,Female,West,Corporate,Office Supplies,Notebook,1,3.48,0.0,3.48,0.47,Cash
ORD-102637,2024-06-26 16:00:00,CUST-1035,Customer 590,42,Male,West,Consumer,Home & Kitchen,Towel Pack,5,20.62,0.05,97.94,10.82,UPI
ORD-102638,2023-04-21 18:00:00,CUST-1358,Customer 719,34,Female,East,Corporate,Office Supplies,Binder,5,6.69,0.0,33.45,7.48,UPI
ORD-102639,2024-09-14 18:00:00,CUST-1153,Customer 290,24,Female,Central,Corporate,Furniture,Desk,6,218.74,0.1,1181.2,405.92,UPI
ORD-102640,2023-06-24 16:00:00,CUST-1759,Customer 180,27,Male,South,Consumer,Electronics,Smartwatch,1,198.77,0.1,178.89,37.73,Credit Card
ORD-102641,2023-12-29 17:00:00,CUST-1682,Customer 24,51,Female,West,Corporate,Home & Kitchen,Coffee Maker,2,82.65,0.0,165.3,48.93,UPI
ORD-102642,2023-05-29 13:00:00,CUST-1145,Customer 869,29,Female,Central,Home Office,Furniture,Bookshelf,3,77.96,0.0,233.88,48.55,UPI
ORD-102643,2023-12-07 16:00:00,CUST-1326,Customer 717,59,Male,West,Consumer,Clothing,Jeans,5,45.33,0.2,181.32,56.12,Net Banking
ORD-102644,2023-11-27 09:00:00,CUST-1508,Customer 647,59,Male,East,Corporate,Clothing,Hoodie,1,39.06,0.05,37.11,11.11,Cash
ORD-102645,2023-01-04 14:00:00,CUST-1387,Customer 43,39,Female,East,Consumer,Electronics,Headphones,6,70.98,0.2,340.7,90.38,Net Banking
ORD-102646,2024-02-19 15:00:00,CUST-1136,Customer 830,36,Male,West,Corporate,Electronics,Headphones,1,94.62,0.1,85.16,20.96,Cash
ORD-102647,2024-07-28 08:00:00,CUST-1589,Customer 102,68,Female,Central,Home Office,Furniture,Lamp,4,41.53,0.0,166.12,36.53,Net Banking
ORD-102648,2024-11-14 15:00:00,CUST-1725,Customer 261,18,Male,West,Corporate,Furniture,Sofa,7,460.33,0.0,3222.31,1090.19,Credit Card
ORD-102649,2023-08-30 17:00:00,CUST-1646,Customer 530,31,Female,East,Consumer,Clothing,T-Shirt,2,21.26,0.0,42.52,9.8,UPI
ORD-102650,2024-10-04 12:00:00,CUST-1283,Customer 11,53,Male,East,Consumer,Clothing,T-Shirt,5,15.52,0.1,69.84,11.94,Credit Card
ORD-102651,2024-10-03 15:00:00,CUST-1691,Customer 681,63,Male,Central,Corporate,Electronics,Smartphone,4,739.85,0.0,2959.4,941.68,UPI
ORD-102652,2024-12-22 11:00:00,CUST-1706,Customer 834,41,Female,West,Consumer,Office Supplies,Notebook,6,4.57,0.05,26.05,6.73,Net Banking
ORD-102653,2023-09-30 11:00:00,CUST-1715,Customer 368,55,Female,Central,Corporate,Electronics,Smartwatch,5,175.75,0.05,834.81,192.6,UPI
ORD-102654,2024-09-13 09:00:00,CUST-1660,Customer 109,29,Male,East,Corporate,Electronics,Headphones,6,84.79,0.1,457.87,120.96,UPI
ORD-102655,2024-02-17 12:00:00,CUST-1235,Customer 530,66,Female,Central,Corporate,Clothing,T-Shirt,3,20.33,0.1,54.89,9.56,UPI
ORD-102656,2023-02-12 18:00:00,CUST-1400,Customer 700,48,Female,West,Consumer,Clothing,Jacket,2,72.13,0.0,144.26,27.93,Credit Card
ORD-102657,2023-07-17 20:00:00,CUST-1519,Customer 876,56,Male,East,Corporate,Clothing,Hoodie,5,38.95,0.0,194.75,25.86,Net Banking
ORD-102658,2024-05-05 16:00:00,CUST-1650,Customer 245,27,Female,West,Consumer,Electronics,Tablet,7,363.85,0.05,2419.6,752.15,Credit Card
ORD-102659,2023-04-28 16:00:00,CUST-1088,Customer 253,43,Female,Central,Consumer,Office Supplies,Binder,4,5.41,0.1,19.48,5.06,Credit Card
ORD-102660,2023-11-14 15:00:00,CUST-1053,Customer 75,55,Male,South,Corporate,Furniture,Lamp,6,31.2,0.1,168.48,50.97,Credit Card
ORD-102661,2024-07-19 14:00:00,CUST-1775,Customer 40,39,Female,South,Corporate,Home & Kitchen,Towel Pack,7,20.62,0.05,137.12,22.72,Net Banking
ORD-102662,2023-04-20 13:00:00,CUST-1556,Customer 663,67,Female,West,Consumer,Office Supplies,Binder,5,6.66,0.1,29.97,10.45,UPI
ORD-102663,2023-12-29 16:00:00,CUST-1214,Customer 200,61,Male,Central,Home Office,Home & Kitchen,Storage Box,6,15.65,0.0,93.9,16.57,UPI
ORD-102664,2023-06-06 18:00:00,CUST-1796,Customer 274,24,Female,West,Consumer,Electronics,Smartwatch,4,195.24,0.0,780.96,137.06,Credit Card
ORD-102665,2024-01-27 13:00:00,CUST-1312,Customer 402,61,Male,West,Consumer,Furniture,Bookshelf,6,82.66,0.15,421.57,143.07,Credit Card
ORD-102666,2023-06-25 15:00:00,CUST-1505,Customer 70,37,Female,East,Consumer,Clothing,Hoodie,3,36.72,0.05,104.65,26.88,Credit Card
ORD-102667,2024-12-05 14:00:00,CUST-1744,Customer 699,48,Female,Central,Consumer,Furniture,Bookshelf,4,96.99,0.1,349.16,115.93,Credit Card
ORD-102668,2023-02-25 11:00:00,CUST-1683,Customer 512,39,Male,South,Consumer,Office Supplies,Notebook,1,3.55,0.0,3.55,0.88,UPI
ORD-102669,2024-12-04 11:00:00,CUST-1504,Customer 377,54,Male,East,Corporate,Office Supplies,Notebook,2,4.33,0.05,8.23,1.21,Credit Card
ORD-102670,2024-08-01 09:00:00,CUST-1441,Customer 210,40,Male,West,Corporate,Home & Kitchen,Cookware Set,5,118.83,0.0,594.15,110.21,UPI
ORD-102671,2024-09-16 13:00:00,CUST-1230,Customer 530,42,Female,East,Consumer,Electronics,Laptop,6,922.2,0.0,5533.2,1725.84,UPI
ORD-102672,2024-09-13 17:00:00,CUST-1141,Customer 647,48,Female,West,Consumer,Home & Kitchen,Blender,1,54.1,0.0,54.1,11.48,UPI
ORD-102673,2023-05-17 16:00:00,CUST-1069,Customer 509,29,Female,West,Consumer,Furniture,Desk,1,252.15,0.1,226.94,61.6,Net Banking
ORD-102674,2024-11-10 20:00:00,CUST-1013,Customer 682,40,Female,West,Consumer,Office Supplies,Stapler,1,10.43,0.0,10.43,1.3,Credit Card
ORD-102675,2024-03-09 08:00:00,CUST-1390,Customer 439,20,Female,West,Corporate,Office Supplies,Stapler,4,13.95,0.0,55.8,10.49,UPI
ORD-102676,2024-12-03 17:00:00,CUST-1279,Customer 111,21,Male,South,Corporate,Electronics,Headphones,3,75.52,0.0,226.56,69.48,Credit Card
ORD-102677,2024-10-03 18:00:00,CUST-1472,Customer 143,51,Female,East,Corporate,Home & Kitchen,Cookware Set,1,103.79,0.0,103.79,34.67,Net Banking
ORD-102678,2024-02-28 13:00:00,CUST-1408,Customer 715,32,Male,Central,Consumer,Home & Kitchen,Storage Box,6,16.75,0.05,95.48,16.0,Net Banking
ORD-102679,2023-10-01 11:00:00,CUST-1534,Customer 62,52,Male,Central,Consumer,Home & Kitchen,Coffee Maker,4,65.0,0.05,247.0,31.27,Credit Card
ORD-102680,2023-03-27 12:00:00,CUST-1155,Customer 410,57,Male,Central,Corporate,Home & Kitchen,Cookware Set,1,121.29,0.05,115.23,9.95,Credit Card
ORD-102681,2023-03-15 16:00:00,CUST-1131,Customer 183,52,Female,West,Corporate,Office Supplies,Printer Paper,5,20.35,0.0,101.75,11.64,Credit Card
ORD-102682,2023-10-12 19:00:00,CUST-1101,Customer 681,39,Female,South,Consumer,Furniture,Desk,7,247.95,0.05,1648.87,503.94,Credit Card
ORD-102683,2024-08-15 16:00:00,CUST-1564,Customer 243,47,Male,West,Consumer,Home & Kitchen,Blender,3,58.31,0.0,174.93,35.52,Credit Card
ORD-102684,2024-01-04 14:00:00,CUST-1728,Customer 687,58,Female,East,Home Office,Electronics,Laptop,7,1013.42,0.05,6739.24,1069.77,Credit Card
ORD-102685,2023-12-18 16:00:00,CUST-1290,Customer 169,35,Female,East,Consumer,Clothing,Jeans,3,45.55,0.15,116.15,33.62,Credit Card
ORD-102686,2023-06-28 08:00:00,CUST-1115,Customer 547,39,Female,South,Home Office,Office Supplies,Pen Set,1,6.91,0.05,6.56,1.93,Credit Card
ORD-102687,2024-02-17 15:00:00,CUST-1755,Customer 174,30,Male,East,Corporate,Office Supplies,Notebook,1,4.55,0.15,3.87,0.69,Credit Card
ORD-102688,2024-04-10 08:00:00,CUST-1183,Customer 420,28,Male,West,Consumer,Furniture,Desk,1,204.04,0.0,204.04,65.98,Credit Card
ORD-102689,2024-12-17 20:00:00,CUST-1522,Customer 547,21,Male,Central,Consumer,Furniture,Sofa,3,437.61,0.1,1181.55,242.27,UPI
ORD-102690,2024-06-16 19:00:00,CUST-1705,Customer 139,21,Female,Central,Home Office,Electronics,Tablet,3,297.33,0.1,802.79,120.85,Net Banking
ORD-102691,2024-03-19 14:00:00,CUST-1734,Customer 409,25,Female,Central,Consumer,Furniture,Bookshelf,4,86.83,0.05,329.95,106.55,Credit Card
ORD-102692,2024-10-26 12:00:00,CUST-1179,Customer 641,57,Male,West,Consumer,Furniture,Office Chair,4,134.98,0.05,512.92,62.22,Credit Card
ORD-102693,2023-11-07 17:00:00,CUST-1024,Customer 225,50,Male,Central,Consumer,Electronics,Smartwatch,7,181.63,0.0,1271.41,443.6,Net Banking
ORD-102694,2024-11-13 16:00:00,CUST-1337,Customer 48,22,Female,East,Consumer,Electronics,Laptop,1,898.97,0.1,809.07,198.69,Credit Card
ORD-102695,2023-09-28 17:00:00,CUST-1722,Customer 212,57,Female,East,Corporate,Office Supplies,Notebook,7,4.45,0.05,29.59,9.68,Credit Card
ORD-102696,2023-04-04 14:00:00,CUST-1378,Customer 356,57,Male,East,Consumer,Furniture,Bookshelf,2,106.04,0.05,201.48,25.85,UPI
ORD-102697,2023-11-01 11:00:00,CUST-1702,Customer 129,65,Female,West,Corporate,Clothing,Jacket,7,66.22,0.0,463.54,85.78,Credit Card
ORD-102698,2023-04-04 08:00:00,CUST-1666,Customer 725,68,Other,East,Corporate,Electronics,Smartphone,1,559.63,0.0,559.63,176.72,UPI
ORD-102699,2023-03-28 11:00:00,CUST-1408,Customer 622,22,Female,West,Consumer,Office Supplies,Binder,1,6.34,0.15,5.39,1.65,Cash
ORD-102700,2024-10-05 14:00:00,CUST-1695,Customer 456,45,Male,East,Corporate,Electronics,Laptop,1,751.7,0.0,751.7,237.09,UPI
ORD-102701,2024-08-03 13:00:00,CUST-1781,Customer 428,60,Female,West,Consumer,Office Supplies,Notebook,3,3.92,0.0,11.76,1.83,Cash
ORD-102702,2023-06-11 14:00:00,CUST-1543,Customer 715,30,Female,East,Corporate,Office Supplies,Stapler,7,12.82,0.0,89.74,22.14,Credit Card
ORD-102703,2024-09-03 11:00:00,CUST-1599,Customer 598,49,Female,West,Consumer,Office Supplies,Stapler,4,13.48,0.05,51.22,9.49,Credit Card
ORD-102704,2023-02-20 20:00:00,CUST-1357,Customer 621,22,Male,South,Corporate,Furniture,Lamp,2,32.42,0.1,58.36,9.72,Credit Card
ORD-102705,2023-07-27 12:00:00,CUST-1796,Customer 341,33,Male,West,Home Office,Office Supplies,Notebook,5,4.34,0.15,18.44,4.06,UPI
ORD-102706,2024-05-30 19:00:00,CUST-1283,Customer 5,68,Male,Central,Corporate,Electronics,Headphones,4,86.08,0.05,327.1,89.32,UPI
ORD-102707,2023-08-10 13:00:00,CUST-1605,Customer 77,55,Male,West,Consumer,Office Supplies,Notebook,5,4.6,0.0,23.0,5.06,UPI
ORD-102708,2024-06-17 13:00:00,CUST-1753,Customer 663,31,Female,East,Consumer,Furniture,Office Chair,6,134.37,0.0,806.22,114.67,Credit Card
ORD-102709,2024-09-30 15:00:00,CUST-1732,Customer 740,69,Male,West,Home Office,Office Supplies,Stapler,6,13.35,0.0,80.1,23.87,Net Banking
ORD-102710,2023-02-18 11:00:00,CUST-1705,Customer 84,28,Female,West,Home Office,Furniture,Sofa,2,534.34,0.05,1015.25,349.25,Credit Card
ORD-102711,2023-01-18 10:00:00,CUST-1157,Customer 38,37,Female,Central,Corporate,Clothing,T-Shirt,4,16.81,0.2,53.79,9.57,Net Banking
ORD-102712,2024-11-17 12:00:00,CUST-1784,Customer 212,41,Female,East,Consumer,Furniture,Lamp,5,37.36,0.0,186.8,57.78,Credit Card
ORD-102713,2024-01-15 18:00:00,CUST-1157,Customer 331,50,Male,South,Consumer,Electronics,Headphones,4,86.9,0.0,347.6,108.88,UPI
ORD-102714,2024-01-05 09:00:00,CUST-1188,Customer 164,31,Male,Central,Home Office,Electronics,Headphones,7,75.68,0.05,503.27,75.66,UPI
ORD-102715,2023-12-05 13:00:00,CUST-1406,Customer 527,31,Male,West,Consumer,Electronics,Tablet,7,342.76,0.05,2279.35,616.41,UPI
ORD-102716,2023-11-13 16:00:00,CUST-1115,Customer 802,52,Female,South,Corporate,Office Supplies,Pen Set,6,8.02,0.05,45.71,15.24,Cash
ORD-102717,2024-05-18 17:00:00,CUST-1583,Customer 598,28,Male,East,Consumer,Clothing,Jeans,2,50.43,0.05,95.82,26.81,UPI
ORD-102718,2024-02-28 13:00:00,CUST-1742,Customer 299,25,Male,Central,Corporate,Clothing,Sneakers,4,72.27,0.0,289.08,25.47,UPI
ORD-102719,2023-04-30 09:00:00,CUST-1211,Customer 434,25,Male,East,Consumer,Furniture,Office Chair,6,143.55,0.05,818.24,199.01,Net Banking
ORD-102720,2024-04-02 08:00:00,CUST-1261,Customer 851,35,Female,West,Consumer,Electronics,Tablet,2,310.94,0.0,621.88,180.46,Credit Card
ORD-102721,2024-05-02 14:00:00,CUST-1333,Customer 719,19,Female,East,Consumer,Home & Kitchen,Storage Box,5,17.22,0.1,77.49,19.13,UPI
ORD-102722,2023-03-24 18:00:00,CUST-1069,Customer 139,19,Other,South,Home Office,Electronics,Tablet,2,369.96,0.0,739.92,64.94,UPI
ORD-102723,2023-10-03 08:00:00,CUST-1137,Customer 432,55,Male,West,Corporate,Furniture,Bookshelf,1,92.29,0.05,87.68,9.86,Credit Card
ORD-102724,2024-07-31 19:00:00,CUST-1759,Customer 75,46,Male,Central,Corporate,Home & Kitchen,Towel Pack,2,22.87,0.2,36.59,10.85,Credit Card
ORD-102725,2024-03-27 16:00:00,CUST-1740,Customer 752,25,Female,South,Home Office,Furniture,Lamp,7,33.61,0.05,223.51,47.33,Credit Card
ORD-102726,2023-04-10 08:00:00,CUST-1401,Customer 625,31,Male,East,Consumer,Electronics,Laptop,7,815.71,0.0,5709.97,1933.7,Credit Card
ORD-102727,2023-01-30 12:00:00,CUST-1595,Customer 222,53,Male,South,Home Office,Electronics,Smartphone,6,688.69,0.15,3512.32,674.52,UPI
ORD-102728,2024-02-29 10:00:00,CUST-1039,Customer 671,59,Female,West,Consumer,Office Supplies,Stapler,2,10.75,0.0,21.5,6.49,UPI
ORD-102729,2023-12-04 20:00:00,CUST-1030,Customer 425,63,Female,Central,Consumer,Electronics,Smartwatch,6,212.8,0.1,1149.12,102.94,Credit Card
ORD-102730,2024-12-02 15:00:00,CUST-1708,Customer 716,29,Male,West,Consumer,Office Supplies,Printer Paper,2,19.43,0.0,38.86,11.93,UPI
ORD-102731,2024-01-17 12:00:00,CUST-1017,Customer 28,62,Female,South,Home Office,Furniture,Lamp,1,40.58,0.15,34.49,10.76,Credit Card
ORD-102732,2024-11-10 11:00:00,CUST-1565,Customer 386,40,Male,South,Corporate,Furniture,Bookshelf,2,84.69,0.0,169.38,30.11,Net Banking
ORD-102733,2023-06-06 15:00:00,CUST-1795,Customer 520,33,Male,West,Consumer,Electronics,Laptop,1,873.09,0.0,873.09,142.8,UPI
ORD-102734,2023-11-23 08:00:00,CUST-1634,Customer 95,48,Male,Central,Home Office,Clothing,T-Shirt,5,15.55,0.2,62.2,20.26,Credit Card
ORD-102735,2023-04-12 11:00:00,CUST-1316,Customer 362,24,Male,South,Corporate,Furniture,Lamp,5,40.93,0.05,194.42,56.38,Credit Card
ORD-102736,2024-02-24 10:00:00,CUST-1429,Customer 665,42,Male,Central,Corporate,Clothing,Jacket,1,81.48,0.0,81.48,19.67,Net Banking
ORD-102737,2023-05-18 16:00:00,CUST-1481,Customer 613,41,Female,South,Corporate,Furniture,Sofa,1,512.64,0.0,512.64,101.41,UPI
ORD-102738,2023-12-26 16:00:00,CUST-1355,Customer 95,48,Other,Central,Consumer,Electronics,Headphones,4,88.52,0.0,354.08,115.52,Credit Card
ORD-102739,2023-09-09 14:00:00,CUST-1758,Customer 668,27,Female,West,Consumer,Furniture,Lamp,1,33.23,0.0,33.23,9.36,UPI
ORD-102740,2023-05-16 09:00:00,CUST-1035,Customer 653,21,Female,South,Corporate,Office Supplies,Pen Set,6,8.49,0.05,48.39,9.32,Credit Card
ORD-102741,2023-03-12 12:00:00,CUST-1764,Customer 390,37,Male,Central,Consumer,Furniture,Office Chair,3,158.25,0.05,451.01,96.57,Net Banking
ORD-102742,2024-01-09 18:00:00,CUST-1687,Customer 737,69,Male,East,Corporate,Clothing,Sneakers,3,74.94,0.15,191.1,20.37,Net Banking
ORD-102743,2024-11-22 10:00:00,CUST-1076,Customer 547,47,Male,East,Corporate,Home & Kitchen,Cookware Set,1,142.27,0.1,128.04,38.27,Credit Card
ORD-102744,2023-05-26 10:00:00,CUST-1453,Customer 899,46,Female,East,Corporate,Clothing,Hoodie,5,46.49,0.15,197.58,60.71,UPI
ORD-102745,2023-10-23 09:00:00,CUST-1508,Customer 659,51,Male,Central,Home Office,Office Supplies,Notebook,6,4.75,0.05,27.08,4.77,Cash
ORD-102746,2023-06-13 18:00:00,CUST-1787,Customer 898,44,Male,Central,Consumer,Office Supplies,Pen Set,6,9.06,0.0,54.36,8.89,Credit Card
ORD-102747,2024-08-13 09:00:00,CUST-1794,Customer 753,29,Female,South,Consumer,Office Supplies,Binder,4,5.72,0.05,21.74,3.22,Net Banking
ORD-102748,2023-10-30 15:00:00,CUST-1376,Customer 302,69,Male,East,Consumer,Furniture,Lamp,2,36.87,0.0,73.74,9.35,UPI
ORD-102749,2024-12-12 20:00:00,CUST-1143,Customer 95,29,Female,East,Consumer,Clothing,T-Shirt,1,16.06,0.0,16.06,5.39,Credit Card
ORD-102750,2023-06-28 16:00:00,CUST-1644,Customer 567,51,Male,East,Consumer,Home & Kitchen,Storage Box,3,17.82,0.1,48.11,13.71,Net Banking
ORD-102751,2023-02-28 13:00:00,CUST-1530,Customer 493,63,Female,Central,Consumer,Electronics,Laptop,4,768.21,0.05,2919.2,575.14,UPI
ORD-102752,2024-03-01 10:00:00,CUST-1410,Customer 887,52,Female,South,Consumer,Home & Kitchen,Blender,1,63.44,0.0,63.44,6.96,Credit Card
ORD-102753,2024-04-20 08:00:00,CUST-1619,Customer 832,67,Male,South,Consumer,Clothing,Hoodie,1,37.37,0.0,37.37,4.4,UPI
ORD-102754,2024-12-24 10:00:00,CUST-1066,Customer 4,27,Male,East,Home Office,Furniture,Office Chair,2,126.86,0.0,253.72,68.92,UPI
ORD-102755,2024-09-28 20:00:00,CUST-1060,Customer 256,51,Female,Central,Consumer,Home & Kitchen,Coffee Maker,1,61.24,0.05,58.18,7.84,UPI
ORD-102756,2024-10-07 09:00:00,CUST-1384,Customer 462,22,Female,Central,Consumer,Electronics,Laptop,1,934.13,0.0,934.13,162.47,Credit Card
ORD-102757,2024-04-07 08:00:00,CUST-1309,Customer 566,46,Male,South,Corporate,Electronics,Headphones,4,73.21,0.15,248.91,84.23,UPI
ORD-102758,2023-09-20 18:00:00,CUST-1125,Customer 359,27,Male,Central,Consumer,Furniture,Office Chair,6,128.69,0.05,733.53,173.79,Cash
ORD-102759,2023-11-10 13:00:00,CUST-1164,Customer 254,52,Male,West,Corporate,Office Supplies,Pen Set,4,7.28,0.0,29.12,8.69,Cash
ORD-102760,2023-04-08 12:00:00,CUST-1389,Customer 407,34,Male,Central,Corporate,Furniture,Desk,1,210.55,0.1,189.5,20.48,Credit Card
ORD-102761,2023-11-11 17:00:00,CUST-1045,Customer 723,24,Female,West,Corporate,Home & Kitchen,Towel Pack,3,25.95,0.15,66.17,11.2,Net Banking
ORD-102762,2023-09-24 14:00:00,CUST-1569,Customer 846,63,Male,Central,Consumer,Electronics,Headphones,1,81.63,0.1,73.47,23.64,Credit Card
ORD-102763,2023-01-27 19:00:00,CUST-1079,Customer 669,64,Male,Central,Consumer,Furniture,Office Chair,5,131.78,0.05,625.95,187.05,Cash
ORD-102764,2023-05-30 14:00:00,CUST-1533,Customer 147,26,Female,South,Home Office,Office Supplies,Stapler,2,10.92,0.0,21.84,6.01,Credit Card
ORD-102765,2024-01-26 17:00:00,CUST-1273,Customer 854,28,Female,East,Home Office,Electronics,Headphones,3,68.53,0.05,195.31,46.6,Net Banking
ORD-102766,2023-09-27 19:00:00,CUST-1125,Customer 478,19,Male,South,Corporate,Clothing,Jeans,7,44.0,0.1,277.2,42.3,Net Banking
ORD-102767,2024-12-26 14:00:00,CUST-1463,Customer 629,52,Female,East,Consumer,Furniture,Bookshelf,5,79.97,0.2,319.88,76.16,Net Banking
ORD-102768,2023-12-16 11:00:00,CUST-1505,Customer 610,64,Female,Central,Consumer,Home & Kitchen,Coffee Maker,6,60.16,0.05,342.91,32.13,Credit Card
ORD-102769,2024-11-30 20:00:00,CUST-1762,Customer 440,29,Male,South,Corporate,Clothing,Jeans,3,39.87,0.05,113.63,15.3,Cash
ORD-102770,2024-04-27 10:00:00,CUST-1349,Customer 476,41,Male,East,Consumer,Electronics,Smartwatch,7,182.68,0.0,1278.76,281.24,Credit Card
ORD-102771,2023-01-30 08:00:00,CUST-1748,Customer 487,54,Female,Central,Home Office,Electronics,Smartphone,6,689.94,0.0,4139.64,333.38,UPI
ORD-102772,2023-05-29 15:00:00,CUST-1380,Customer 118,41,Male,Central,Home Office,Electronics,Smartphone,4,541.54,0.0,2166.16,309.11,Net Banking
ORD-102773,2024-05-30 20:00:00,CUST-1697,Customer 701,57,Male,South,Consumer,Home & Kitchen,Blender,5,59.81,0.0,299.05,36.22,UPI
ORD-102774,2024-02-02 09:00:00,CUST-1225,Customer 282,57,Female,East,Consumer,Clothing,Sneakers,5,90.71,0.05,430.87,74.66,UPI
ORD-102775,2023-08-09 19:00:00,CUST-1617,Customer 664,56,Male,South,Consumer,Furniture,Sofa,2,556.17,0.0,1112.34,346.78,Credit Card
ORD-102776,2024-01-17 18:00:00,CUST-1175,Customer 24,55,Male,South,Consumer,Electronics,Smartwatch,2,173.74,0.05,330.11,110.85,UPI
ORD-102777,2024-10-21 20:00:00,CUST-1032,Customer 106,40,Male,Central,Consumer,Home & Kitchen,Blender,5,62.04,0.05,294.69,36.71,Credit Card
ORD-102778,2023-10-11 13:00:00,CUST-1104,Customer 240,38,Male,West,Corporate,Electronics,Headphones,4,92.22,0.0,368.88,52.52,Credit Card
ORD-102779,2023-02-02 11:00:00,CUST-1324,Customer 269,49,Female,Central,Consumer,Clothing,Jeans,6,53.63,0.05,305.69,94.35,Net Banking
ORD-102780,2023-08-16 14:00:00,CUST-1104,Customer 94,23,Male,East,Consumer,Clothing,Sneakers,4,96.3,0.0,385.2,48.78,UPI
ORD-102781,2024-11-14 09:00:00,CUST-1623,Customer 614,49,Male,Central,Consumer,Furniture,Desk,1,196.53,0.0,196.53,55.06,Credit Card
ORD-102782,2024-07-10 18:00:00,CUST-1071,Customer 60,19,Female,East,Consumer,Office Supplies,Stapler,5,14.18,0.2,56.72,5.85,UPI
ORD-102783,2024-09-03 16:00:00,CUST-1773,Customer 91,55,Female,West,Consumer,Electronics,Headphones,5,90.82,0.0,454.1,115.81,Credit Card
ORD-102784,2024-10-27 14:00:00,CUST-1280,Customer 553,49,Female,East,Home Office,Furniture,Sofa,3,443.67,0.0,1331.01,201.97,Credit Card
ORD-102785,2023-03-27 14:00:00,CUST-1369,Customer 594,43,Male,Central,Consumer,Home & Kitchen,Towel Pack,6,19.97,0.05,113.83,32.14,Cash
ORD-102786,2023-07-26 17:00:00,CUST-1595,Customer 589,33,Male,Central,Corporate,Clothing,Hoodie,3,47.11,0.0,141.33,31.13,Credit Card
ORD-102787,2023-02-13 14:00:00,CUST-1561,Customer 777,44,Female,Central,Consumer,Clothing,Jacket,1,67.84,0.0,67.84,8.7,Credit Card
ORD-102788,2023-01-04 18:00:00,CUST-1670,Customer 710,51,Male,East,Corporate,Office Supplies,Binder,1,6.73,0.1,6.06,1.14,Credit Card
ORD-102789,2024-09-01 20:00:00,CUST-1796,Customer 331,53,Male,West,Consumer,Electronics,Tablet,7,337.23,0.05,2242.58,490.85,UPI
ORD-102790,2024-11-14 20:00:00,CUST-1243,Customer 579,65,Female,West,Consumer,Clothing,Jacket,3,82.75,0.05,235.84,82.29,Credit Card
ORD-102791,2023-04-24 16:00:00,CUST-1498,Customer 196,26,Female,Central,Consumer,Office Supplies,Printer Paper,3,15.88,0.15,40.49,8.49,Credit Card
ORD-102792,2024-06-11 17:00:00,CUST-1536,Customer 740,20,Female,East,Corporate,Electronics,Tablet,3,375.28,0.0,1125.84,136.04,Net Banking
ORD-102793,2024-01-26 12:00:00,CUST-1623,Customer 768,51,Male,Central,Consumer,Furniture,Lamp,6,36.02,0.05,205.31,47.2,UPI
ORD-102794,2023-02-20 08:00:00,CUST-1230,Customer 501,26,Other,West,Consumer,Office Supplies,Pen Set,5,9.32,0.0,46.6,6.5,Credit Card
ORD-102795,2024-10-30 13:00:00,CUST-1773,Customer 433,25,Male,South,Corporate,Clothing,Sneakers,7,77.85,0.0,544.95,173.01,Net Banking
ORD-102796,2024-09-28 19:00:00,CUST-1191,Customer 559,32,Female,West,Corporate,Electronics,Headphones,7,71.06,0.2,397.94,121.45,UPI
ORD-102797,2024-02-19 09:00:00,CUST-1568,Customer 749,55,Male,East,Consumer,Home & Kitchen,Blender,7,50.53,0.1,318.34,36.52,Cash
ORD-102798,2024-05-31 15:00:00,CUST-1707,Customer 821,21,Female,East,Consumer,Furniture,Desk,3,193.05,0.0,579.15,138.34,Credit Card
ORD-102799,2023-10-17 10:00:00,CUST-1105,Customer 71,38,Female,East,Corporate,Electronics,Tablet,5,405.64,0.0,2028.2,543.67,Credit Card
ORD-102800,2024-08-01 13:00:00,CUST-1430,Customer 541,23,Female,East,Consumer,Electronics,Tablet,3,303.62,0.0,910.86,134.76,Credit Card
ORD-102801,2023-11-21 09:00:00,CUST-1783,Customer 191,61,Female,Central,Consumer,Clothing,Sneakers,5,78.23,0.05,371.59,92.57,UPI
ORD-102802,2024-12-23 17:00:00,CUST-1118,Customer 56,57,Male,Central,Consumer,Furniture,Lamp,6,39.67,0.0,238.02,48.78,Credit Card
ORD-102803,2023-02-16 18:00:00,CUST-1643,Customer 1,22,Male,East,Corporate,Office Supplies,Stapler,2,11.24,0.15,19.11,4.02,UPI
ORD-102804,2023-05-06 17:00:00,CUST-1670,Customer 86,32,Male,South,Home Office,Electronics,Smartwatch,7,176.28,0.0,1233.96,282.39,Credit Card
ORD-102805,2024-12-08 17:00:00,CUST-1211,Customer 403,41,Female,East,Corporate,Clothing,T-Shirt,3,19.54,0.0,58.62,13.71,UPI
ORD-102806,2023-07-30 11:00:00,CUST-1565,Customer 771,41,Male,Central,Corporate,Clothing,Jeans,7,44.53,0.15,264.95,71.97,Credit Card
ORD-102807,2023-08-15 14:00:00,CUST-1789,Customer 794,26,Male,East,Corporate,Furniture,Office Chair,6,159.94,0.15,815.69,164.9,Credit Card
ORD-102808,2024-07-31 09:00:00,CUST-1309,Customer 702,42,Male,West,Consumer,Home & Kitchen,Storage Box,1,17.17,0.0,17.17,4.72,UPI
ORD-102809,2023-05-19 12:00:00,CUST-1063,Customer 581,63,Female,Central,Home Office,Electronics,Smartwatch,3,180.67,0.05,514.91,108.75,Net Banking
ORD-102810,2024-01-10 14:00:00,CUST-1207,Customer 549,29,Male,East,Consumer,Electronics,Tablet,3,360.15,0.15,918.38,237.82,Net Banking
ORD-102811,2023-07-28 16:00:00,CUST-1751,Customer 17,24,Female,East,Corporate,Office Supplies,Stapler,6,13.84,0.05,78.89,11.92,Credit Card
ORD-102812,2023-05-25 09:00:00,CUST-1735,Customer 740,38,Male,Central,Consumer,Clothing,Jacket,6,73.32,0.05,417.92,94.56,UPI
ORD-102813,2024-12-04 18:00:00,CUST-1672,Customer 23,43,Male,Central,Corporate,Electronics,Smartwatch,1,210.48,0.05,199.96,41.26,Credit Card
ORD-102814,2023-05-26 13:00:00,CUST-1465,Customer 709,32,Female,South,Home Office,Office Supplies,Stapler,6,11.95,0.15,60.94,9.85,UPI
ORD-102815,2023-03-10 19:00:00,CUST-1219,Customer 648,23,Male,Central,Home Office,Furniture,Desk,2,228.82,0.05,434.76,42.1,Credit Card
ORD-102816,2024-05-06 14:00:00,CUST-1493,Customer 239,22,Female,East,Home Office,Office Supplies,Pen Set,3,8.85,0.0,26.55,5.78,Net Banking
ORD-102817,2024-09-25 15:00:00,CUST-1688,Customer 84,59,Male,Central,Home Office,Office Supplies,Stapler,2,10.45,0.05,19.85,1.64,Net Banking
ORD-102818,2023-04-04 17:00:00,CUST-1656,Customer 792,24,Other,South,Consumer,Home & Kitchen,Blender,2,55.51,0.1,99.92,18.51,Credit Card
ORD-102819,2024-05-31 18:00:00,CUST-1048,Customer 199,32,Male,East,Consumer,Furniture,Office Chair,4,123.67,0.05,469.95,84.63,Credit Card
ORD-102820,2024-01-30 10:00:00,CUST-1568,Customer 479,57,Male,East,Consumer,Office Supplies,Notebook,1,4.42,0.0,4.42,1.11,UPI
ORD-102821,2024-08-28 14:00:00,CUST-1761,Customer 628,48,Female,Central,Consumer,Office Supplies,Notebook,1,4.25,0.05,4.04,1.4,UPI
ORD-102822,2023-04-03 08:00:00,CUST-1100,Customer 416,19,Female,Central,Consumer,Furniture,Office Chair,6,135.02,0.05,769.61,239.86,Cash
ORD-102823,2024-12-13 14:00:00,CUST-1483,Customer 224,26,Female,West,Consumer,Electronics,Laptop,3,745.19,0.2,1788.46,613.93,Credit Card
ORD-102824,2024-03-27 18:00:00,CUST-1496,Customer 442,42,Male,Central,Home Office,Home & Kitchen,Blender,5,64.57,0.0,322.85,108.72,Credit Card
ORD-102825,2024-09-06 19:00:00,CUST-1416,Customer 441,36,Male,East,Corporate,Electronics,Tablet,7,326.49,0.1,2056.89,205.71,UPI
ORD-102826,2023-09-22 11:00:00,CUST-1601,Customer 399,69,Female,West,Consumer,Clothing,T-Shirt,1,17.03,0.05,16.18,2.53,UPI
ORD-102827,2024-11-19 13:00:00,CUST-1792,Customer 356,23,Male,Central,Corporate,Electronics,Headphones,6,70.83,0.0,424.98,68.08,UPI
ORD-102828,2024-04-02 15:00:00,CUST-1520,Customer 48,19,Male,East,Corporate,Clothing,T-Shirt,1,18.94,0.05,17.99,1.78,Credit Card
ORD-102829,2023-04-03 13:00:00,CUST-1021,Customer 310,46,Female,West,Home Office,Electronics,Tablet,6,320.61,0.0,1923.66,593.63,Credit Card
ORD-102830,2024-11-04 10:00:00,CUST-1414,Customer 329,67,Male,Central,Consumer,Home & Kitchen,Coffee Maker,3,80.15,0.1,216.41,69.63,Credit Card
ORD-102831,2024-08-03 11:00:00,CUST-1409,Customer 228,18,Female,West,Corporate,Clothing,Sneakers,1,92.56,0.1,83.3,20.27,Cash
ORD-102832,2023-08-08 13:00:00,CUST-1217,Customer 99,61,Male,South,Consumer,Electronics,Smartwatch,2,161.76,0.0,323.52,103.71,UPI
ORD-102833,2024-02-03 14:00:00,CUST-1588,Customer 367,69,Other,South,Home Office,Clothing,Sneakers,3,89.08,0.05,253.88,69.28,Credit Card
ORD-102834,2023-10-11 19:00:00,CUST-1457,Customer 830,39,Female,Central,Home Office,Office Supplies,Printer Paper,6,16.76,0.2,80.45,16.01,Credit Card
ORD-102835,2024-02-01 15:00:00,CUST-1089,Customer 165,39,Other,Central,Consumer,Furniture,Bookshelf,5,76.98,0.0,384.9,46.37,Net Banking
ORD-102836,2024-12-05 13:00:00,CUST-1621,Customer 625,69,Female,South,Consumer,Electronics,Smartwatch,6,202.69,0.15,1033.72,350.22,UPI
ORD-102837,2024-10-18 16:00:00,CUST-1011,Customer 859,50,Male,Central,Consumer,Clothing,Hoodie,1,36.87,0.0,36.87,9.84,Net Banking
ORD-102838,2023-06-07 18:00:00,CUST-1694,Customer 865,46,Male,Central,Consumer,Clothing,Jeans,7,52.42,0.0,366.94,64.45,Net Banking
ORD-102839,2024-12-10 13:00:00,CUST-1492,Customer 285,32,Male,East,Consumer,Furniture,Lamp,4,36.77,0.05,139.73,16.03,Credit Card
ORD-102840,2023-11-16 14:00:00,CUST-1796,Customer 123,66,Female,South,Corporate,Home & Kitchen,Storage Box,1,14.77,0.0,14.77,4.37,Net Banking
ORD-102841,2024-05-29 10:00:00,CUST-1270,Customer 656,31,Male,East,Consumer,Electronics,Smartwatch,7,226.61,0.15,1348.33,399.84,Credit Card
ORD-102842,2024-07-11 19:00:00,CUST-1178,Customer 274,38,Female,East,Corporate,Electronics,Tablet,6,354.03,0.05,2017.97,457.3,UPI
ORD-102843,2023-12-19 19:00:00,CUST-1385,Customer 264,61,Female,Central,Corporate,Office Supplies,Notebook,1,3.63,0.05,3.45,1.21,UPI
ORD-102844,2023-11-30 10:00:00,CUST-1646,Customer 651,44,Male,East,Corporate,Electronics,Headphones,4,82.48,0.05,313.42,57.77,UPI
ORD-102845,2023-11-30 12:00:00,CUST-1497,Customer 236,57,Female,East,Consumer,Electronics,Smartwatch,7,225.3,0.05,1498.24,500.95,UPI
ORD-102846,2024-09-21 11:00:00,CUST-1356,Customer 467,69,Female,Central,Corporate,Office Supplies,Binder,5,5.99,0.1,26.96,6.74,Credit Card
ORD-102847,2023-10-10 19:00:00,CUST-1308,Customer 434,51,Female,East,Corporate,Furniture,Office Chair,2,139.84,0.05,265.7,74.09,UPI
ORD-102848,2023-07-24 08:00:00,CUST-1630,Customer 760,26,Male,South,Consumer,Electronics,Tablet,5,343.87,0.1,1547.42,506.95,Credit Card
ORD-102849,2023-09-21 10:00:00,CUST-1171,Customer 659,57,Male,South,Consumer,Clothing,T-Shirt,2,17.06,0.05,32.41,9.87,Credit Card
ORD-102850,2023-05-23 12:00:00,CUST-1026,Customer 332,49,Female,Central,Corporate,Office Supplies,Pen Set,3,7.25,0.0,21.75,3.44,UPI
ORD-102851,2023-10-13 15:00:00,CUST-1190,Customer 4,27,Male,East,Consumer,Clothing,Sneakers,2,89.47,0.05,169.99,53.4,UPI
ORD-102852,2023-03-25 11:00:00,CUST-1167,Customer 225,23,Female,West,Consumer,Office Supplies,Pen Set,5,9.3,0.0,46.5,10.5,Credit Card
ORD-102853,2023-03-07 14:00:00,CUST-1149,Customer 154,66,Female,East,Consumer,Office Supplies,Binder,7,6.65,0.0,46.55,4.29,Credit Card
ORD-102854,2024-06-12 17:00:00,CUST-1247,Customer 706,23,Male,Central,Home Office,Electronics,Tablet,1,300.45,0.0,300.45,78.7,Net Banking
ORD-102855,2023-02-26 18:00:00,CUST-1572,Customer 697,41,Male,East,Corporate,Clothing,T-Shirt,5,17.83,0.0,89.15,19.16,UPI
ORD-102856,2024-02-19 09:00:00,CUST-1197,Customer 38,69,Male,West,Corporate,Electronics,Smartphone,2,528.15,0.0,1056.3,237.55,UPI
ORD-102857,2024-07-23 09:00:00,CUST-1107,Customer 318,63,Female,East,Consumer,Electronics,Laptop,6,814.11,0.1,4396.19,840.16,Credit Card
ORD-102858,2024-06-12 09:00:00,CUST-1318,Customer 135,61,Male,South,Home Office,Clothing,Sneakers,1,92.16,0.1,82.94,8.07,UPI
ORD-102859,2023-11-22 19:00:00,CUST-1777,Customer 769,56,Male,East,Consumer,Clothing,Hoodie,3,38.06,0.0,114.18,14.69,Cash
ORD-102860,2023-05-22 16:00:00,CUST-1750,Customer 650,42,Female,West,Home Office,Office Supplies,Printer Paper,2,20.6,0.15,35.02,9.95,Credit Card
ORD-102861,2024-11-10 14:00:00,CUST-1003,Customer 120,32,Male,East,Corporate,Electronics,Laptop,7,864.52,0.15,5143.89,736.82,UPI
ORD-102862,2024-09-01 18:00:00,CUST-1009,Customer 624,64,Male,West,Corporate,Electronics,Laptop,1,921.58,0.15,783.34,195.43,Credit Card
ORD-102863,2024-03-22 15:00:00,CUST-1242,Customer 731,47,Female,South,Home Office,Office Supplies,Notebook,5,4.64,0.0,23.2,5.25,Credit Card
ORD-102864,2023-03-05 11:00:00,CUST-1116,Customer 59,38,Female,East,Home Office,Clothing,Jacket,1,81.67,0.0,81.67,11.42,UPI
ORD-102865,2023-01-26 14:00:00,CUST-1642,Customer 560,68,Male,East,Consumer,Office Supplies,Printer Paper,5,20.95,0.05,99.51,15.5,UPI
ORD-102866,2023-08-19 17:00:00,CUST-1119,Customer 474,37,Male,East,Consumer,Electronics,Laptop,6,962.9,0.1,5199.66,954.47,UPI
ORD-102867,2023-04-25 08:00:00,CUST-1072,Customer 152,19,Female,Central,Corporate,Electronics,Tablet,6,356.48,0.05,2031.94,645.45,UPI
ORD-102868,2024-09-20 15:00:00,CUST-1180,Customer 828,49,Male,Central,Consumer,Office Supplies,Pen Set,1,7.63,0.05,7.25,2.42,UPI
ORD-102869,2023-05-31 14:00:00,CUST-1470,Customer 12,40,Other,South,Consumer,Clothing,Jacket,6,71.58,0.1,386.53,71.29,UPI
ORD-102870,2023-07-26 08:00:00,CUST-1132,Customer 442,50,Male,South,Consumer,Electronics,Smartwatch,3,219.71,0.15,560.26,51.8,Credit Card
ORD-102871,2024-12-13 11:00:00,CUST-1232,Customer 793,50,Female,East,Corporate,Electronics,Headphones,5,69.51,0.05,330.17,79.98,Credit Card
ORD-102872,2024-08-20 13:00:00,CUST-1402,Customer 280,50,Female,South,Corporate,Electronics,Headphones,7,94.36,0.15,561.44,108.22,Credit Card
ORD-102873,2023-06-09 12:00:00,CUST-1772,Customer 260,35,Female,South,Consumer,Electronics,Smartphone,1,597.97,0.1,538.17,114.59,Net Banking
ORD-102874,2023-10-07 11:00:00,CUST-1692,Customer 655,31,Male,Central,Corporate,Office Supplies,Stapler,3,13.3,0.0,39.9,7.95,Credit Card
ORD-102875,2024-01-12 16:00:00,CUST-1175,Customer 217,34,Female,West,Consumer,Electronics,Smartphone,7,598.62,0.1,3771.31,968.23,Credit Card
ORD-102876,2024-04-29 13:00:00,CUST-1232,Customer 453,68,Female,Central,Home Office,Office Supplies,Pen Set,1,9.47,0.0,9.47,1.54,UPI
ORD-102877,2024-11-14 14:00:00,CUST-1056,Customer 166,56,Male,Central,Consumer,Clothing,Sneakers,2,73.34,0.0,146.68,47.09,UPI
ORD-102878,2024-09-27 18:00:00,CUST-1236,Customer 62,38,Male,West,Home Office,Home & Kitchen,Storage Box,4,15.58,0.2,49.86,9.66,Cash
ORD-102879,2024-12-14 09:00:00,CUST-1490,Customer 320,65,Male,East,Home Office,Home & Kitchen,Storage Box,7,18.46,0.0,129.22,22.26,UPI
ORD-102880,2023-01-30 12:00:00,CUST-1414,Customer 128,57,Male,Central,Corporate,Electronics,Smartphone,3,586.47,0.05,1671.44,550.23,Credit Card
ORD-102881,2023-06-22 08:00:00,CUST-1300,Customer 471,45,Male,Central,Corporate,Electronics,Smartphone,3,586.81,0.2,1408.34,248.85,Credit Card
ORD-102882,2024-02-15 20:00:00,CUST-1015,Customer 442,59,Female,East,Consumer,Furniture,Office Chair,6,163.04,0.0,978.24,100.2,Cash
ORD-102883,2023-02-05 10:00:00,CUST-1723,Customer 430,67,Female,South,Consumer,Clothing,Jeans,1,51.33,0.0,51.33,6.26,Net Banking
ORD-102884,2023-09-17 18:00:00,CUST-1312,Customer 871,47,Female,East,Consumer,Electronics,Headphones,3,70.96,0.0,212.88,58.09,Net Banking
ORD-102885,2023-04-23 10:00:00,CUST-1731,Customer 766,23,Male,East,Corporate,Furniture,Desk,3,231.67,0.05,660.26,153.07,Net Banking
ORD-102886,2024-11-12 12:00:00,CUST-1588,Customer 390,40,Male,West,Home Office,Furniture,Sofa,3,445.53,0.0,1336.59,299.86,Credit Card
ORD-102887,2023-02-16 15:00:00,CUST-1636,Customer 178,29,Male,Central,Consumer,Electronics,Laptop,5,786.5,0.0,3932.5,401.66,Credit Card
ORD-102888,2023-04-19 18:00:00,CUST-1337,Customer 186,54,Male,East,Consumer,Clothing,Jacket,2,79.9,0.1,143.82,17.88,UPI
ORD-102889,2023-05-23 10:00:00,CUST-1102,Customer 672,22,Female,Central,Corporate,Office Supplies,Pen Set,3,7.15,0.0,21.45,4.01,UPI
ORD-102890,2023-04-19 10:00:00,CUST-1179,Customer 759,42,Male,West,Consumer,Office Supplies,Stapler,7,12.17,0.05,80.93,16.26,Credit Card
ORD-102891,2024-02-20 19:00:00,CUST-1526,Customer 818,40,Male,East,Corporate,Home & Kitchen,Blender,6,51.67,0.0,310.02,56.32,UPI
ORD-102892,2023-09-23 12:00:00,CUST-1467,Customer 834,38,Female,East,Consumer,Electronics,Headphones,7,91.91,0.05,611.2,131.86,Net Banking
ORD-102893,2024-10-28 10:00:00,CUST-1073,Customer 34,50,Female,West,Corporate,Electronics,Smartwatch,5,198.37,0.05,942.26,262.0,Credit Card
ORD-102894,2023-07-10 17:00:00,CUST-1689,Customer 747,46,Female,West,Consumer,Furniture,Lamp,5,32.39,0.0,161.95,40.75,Credit Card
ORD-102895,2024-01-28 09:00:00,CUST-1020,Customer 676,28,Male,East,Corporate,Office Supplies,Pen Set,2,9.39,0.0,18.78,4.6,Credit Card
ORD-102896,2024-04-26 19:00:00,CUST-1376,Customer 150,59,Female,West,Consumer,Office Supplies,Stapler,2,13.66,0.0,27.32,6.3,Credit Card
ORD-102897,2024-04-01 19:00:00,CUST-1157,Customer 247,41,Male,West,Consumer,Electronics,Smartwatch,4,179.14,0.0,716.56,96.2,Cash
ORD-102898,2024-08-04 19:00:00,CUST-1138,Customer 872,26,Male,South,Corporate,Home & Kitchen,Cookware Set,3,142.36,0.0,427.08,103.89,UPI
ORD-102899,2023-05-28 11:00:00,CUST-1395,Customer 403,53,Male,Central,Consumer,Furniture,Bookshelf,6,84.93,0.05,484.1,59.44,Credit Card
ORD-102900,2024-01-06 09:00:00,CUST-1261,Customer 626,38,Female,East,Corporate,Furniture,Desk,1,209.53,0.0,209.53,57.09,Net Banking
ORD-102901,2024-08-07 13:00:00,CUST-1360,Customer 55,51,Male,West,Corporate,Office Supplies,Binder,7,5.91,0.0,41.37,8.36,UPI
ORD-102902,2024-09-22 12:00:00,CUST-1756,Customer 576,57,Female,East,Consumer,Home & Kitchen,Towel Pack,2,19.97,0.0,39.94,9.47,UPI
ORD-102903,2024-03-26 20:00:00,CUST-1620,Customer 265,50,Male,West,Corporate,Office Supplies,Binder,3,6.54,0.1,17.66,5.53,UPI
ORD-102904,2024-04-20 16:00:00,CUST-1260,Customer 698,66,Female,West,Consumer,Home & Kitchen,Towel Pack,3,22.99,0.0,68.97,12.47,Net Banking
ORD-102905,2024-09-22 20:00:00,CUST-1418,Customer 101,49,Male,South,Consumer,Electronics,Smartphone,7,721.1,0.05,4795.31,512.79,Credit Card
ORD-102906,2024-04-01 17:00:00,CUST-1299,Customer 894,37,Female,West,Consumer,Office Supplies,Pen Set,6,7.47,0.05,42.58,13.65,UPI
ORD-102907,2024-11-23 17:00:00,CUST-1211,Customer 210,69,Female,South,Consumer,Clothing,T-Shirt,1,16.37,0.0,16.37,2.92,UPI
ORD-102908,2023-04-04 09:00:00,CUST-1365,Customer 367,44,Female,Central,Corporate,Office Supplies,Printer Paper,6,17.56,0.0,105.36,19.99,Net Banking
ORD-102909,2023-09-11 08:00:00,CUST-1111,Customer 30,55,Female,West,Corporate,Furniture,Sofa,5,432.55,0.0,2162.75,345.88,Cash
ORD-102910,2023-03-23 08:00:00,CUST-1188,Customer 87,35,Female,East,Consumer,Home & Kitchen,Coffee Maker,1,82.68,0.05,78.55,15.2,Net Banking
ORD-102911,2023-03-08 15:00:00,CUST-1455,Customer 845,65,Male,East,Consumer,Electronics,Laptop,6,935.94,0.0,5615.64,1239.16,Credit Card
ORD-102912,2023-12-11 10:00:00,CUST-1589,Customer 631,66,Female,Central,Consumer,Furniture,Lamp,1,39.5,0.0,39.5,12.15,UPI
ORD-102913,2023-06-14 20:00:00,CUST-1539,Customer 805,67,Female,South,Corporate,Home & Kitchen,Coffee Maker,3,77.83,0.15,198.47,54.47,Credit Card
ORD-102914,2023-10-25 09:00:00,CUST-1789,Customer 760,38,Male,West,Home Office,Home & Kitchen,Cookware Set,2,112.2,0.1,201.96,44.15,UPI
ORD-102915,2023-11-16 20:00:00,CUST-1170,Customer 586,62,Male,West,Corporate,Home & Kitchen,Blender,1,49.46,0.0,49.46,14.16,Cash
ORD-102916,2024-03-29 16:00:00,CUST-1096,Customer 582,52,Male,East,Consumer,Home & Kitchen,Blender,4,55.02,0.15,187.07,57.79,UPI
ORD-102917,2024-11-21 09:00:00,CUST-1505,Customer 293,22,Male,West,Consumer,Electronics,Tablet,5,387.65,0.0,1938.25,185.49,Credit Card
ORD-102918,2024-09-12 08:00:00,CUST-1453,Customer 630,65,Other,South,Consumer,Home & Kitchen,Towel Pack,4,21.24,0.0,84.96,20.38,UPI
ORD-102919,2023-10-04 13:00:00,CUST-1688,Customer 849,45,Female,East,Corporate,Furniture,Office Chair,3,119.47,0.0,358.41,32.86,Credit Card
ORD-102920,2023-08-26 12:00:00,CUST-1101,Customer 210,45,Female,East,Home Office,Office Supplies,Notebook,4,4.32,0.15,14.69,2.4,Credit Card
ORD-102921,2024-07-16 12:00:00,CUST-1193,Customer 874,37,Male,Central,Consumer,Furniture,Bookshelf,2,82.8,0.0,165.6,47.34,UPI
ORD-102922,2023-04-01 14:00:00,CUST-1329,Customer 471,62,Male,West,Home Office,Clothing,Sneakers,1,88.4,0.1,79.56,23.36,Cash
ORD-102923,2024-01-30 09:00:00,CUST-1655,Customer 715,23,Male,East,Consumer,Office Supplies,Stapler,2,10.26,0.05,19.49,6.21,Credit Card
ORD-102924,2023-11-05 09:00:00,CUST-1157,Customer 320,37,Male,West,Consumer,Clothing,Hoodie,1,41.12,0.05,39.06,8.38,UPI
ORD-102925,2023-05-14 17:00:00,CUST-1760,Customer 613,47,Female,Central,Corporate,Electronics,Smartwatch,6,187.67,0.0,1126.02,115.66,UPI
ORD-102926,2024-03-26 20:00:00,CUST-1088,Customer 501,28,Female,South,Consumer,Electronics,Smartwatch,5,220.05,0.0,1100.25,125.68,Credit Card
ORD-102927,2023-08-23 11:00:00,CUST-1749,Customer 296,29,Male,South,Consumer,Furniture,Desk,2,242.58,0.1,436.64,63.73,UPI
ORD-102928,2023-05-16 20:00:00,CUST-1538,Customer 25,50,Male,West,Consumer,Electronics,Smartwatch,4,163.9,0.0,655.6,118.33,Credit Card
ORD-102929,2024-04-21 12:00:00,CUST-1112,Customer 795,48,Female,Central,Corporate,Clothing,Hoodie,4,45.05,0.05,171.19,38.03,Cash
ORD-102930,2023-05-08 12:00:00,CUST-1791,Customer 624,60,Male,Central,Consumer,Furniture,Office Chair,1,157.77,0.0,157.77,40.14,UPI
ORD-102931,2024-05-06 09:00:00,CUST-1039,Customer 450,60,Male,West,Home Office,Office Supplies,Printer Paper,7,19.48,0.1,122.72,15.2,Credit Card
ORD-102932,2023-04-29 13:00:00,CUST-1311,Customer 493,18,Male,East,Home Office,Electronics,Tablet,7,399.59,0.05,2657.27,348.16,Credit Card
ORD-102933,2023-11-14 14:00:00,CUST-1581,Customer 569,38,Male,East,Corporate,Electronics,Headphones,6,90.49,0.05,515.79,65.35,Credit Card
ORD-102934,2024-08-12 16:00:00,CUST-1275,Customer 24,62,Female,West,Consumer,Office Supplies,Printer Paper,6,16.68,0.05,95.08,26.99,Net Banking
ORD-102935,2023-06-16 10:00:00,CUST-1305,Customer 156,67,Female,South,Consumer,Furniture,Desk,4,216.38,0.0,865.52,139.84,Cash
ORD-102936,2024-07-14 10:00:00,CUST-1228,Customer 890,22,Female,Central,Corporate,Electronics,Laptop,6,826.6,0.0,4959.6,620.01,Cash
ORD-102937,2024-06-10 13:00:00,CUST-1142,Customer 20,57,Male,South,Consumer,Electronics,Tablet,4,349.08,0.0,1396.32,274.34,UPI
ORD-102938,2024-10-20 08:00:00,CUST-1466,Customer 99,30,Female,East,Consumer,Electronics,Smartphone,2,733.96,0.05,1394.52,204.76,Cash
ORD-102939,2023-05-04 09:00:00,CUST-1357,Customer 888,59,Female,East,Consumer,Office Supplies,Printer Paper,2,19.18,0.0,38.36,6.89,UPI
ORD-102940,2024-06-06 16:00:00,CUST-1648,Customer 706,41,Female,South,Corporate,Electronics,Smartphone,6,594.91,0.0,3569.46,1079.7,Credit Card
ORD-102941,2024-11-14 20:00:00,CUST-1434,Customer 559,23,Male,West,Corporate,Furniture,Desk,4,259.5,0.0,1038.0,176.62,UPI
ORD-102942,2024-07-11 15:00:00,CUST-1410,Customer 826,28,Female,West,Corporate,Clothing,Sneakers,6,93.08,0.0,558.48,71.05,UPI
ORD-102943,2023-05-18 09:00:00,CUST-1129,Customer 617,66,Female,East,Corporate,Office Supplies,Pen Set,2,7.55,0.05,14.34,2.05,Credit Card
ORD-102944,2024-08-23 20:00:00,CUST-1201,Customer 80,57,Female,South,Consumer,Office Supplies,Binder,4,7.0,0.05,26.6,2.37,Credit Card
ORD-102945,2023-03-20 14:00:00,CUST-1030,Customer 46,19,Male,East,Consumer,Electronics,Laptop,1,824.9,0.0,824.9,266.69,Credit Card
ORD-102946,2024-03-05 17:00:00,CUST-1779,Customer 790,67,Male,South,Consumer,Home & Kitchen,Blender,2,56.69,0.0,113.38,30.41,UPI
ORD-102947,2023-12-30 10:00:00,CUST-1625,Customer 379,61,Female,East,Corporate,Furniture,Office Chair,1,142.48,0.05,135.36,27.76,Credit Card
ORD-102948,2024-01-23 15:00:00,CUST-1216,Customer 318,46,Male,East,Consumer,Furniture,Desk,2,258.12,0.05,490.43,113.5,Credit Card
ORD-102949,2024-01-15 08:00:00,CUST-1364,Customer 256,19,Female,South,Home Office,Home & Kitchen,Blender,5,51.86,0.1,233.37,34.68,UPI
ORD-102950,2023-01-23 16:00:00,CUST-1449,Customer 719,40,Female,West,Consumer,Office Supplies,Pen Set,1,7.73,0.1,6.96,1.32,UPI
ORD-102951,2024-01-06 10:00:00,CUST-1195,Customer 752,26,Female,East,Consumer,Office Supplies,Notebook,2,4.32,0.1,7.78,1.29,Credit Card
ORD-102952,2024-11-14 19:00:00,CUST-1102,Customer 559,37,Male,Central,Corporate,Home & Kitchen,Towel Pack,5,25.53,0.1,114.88,34.77,Net Banking
ORD-102953,2023-11-15 08:00:00,CUST-1764,Customer 437,34,Female,East,Consumer,Electronics,Laptop,2,756.68,0.15,1286.36,361.11,UPI
ORD-102954,2023-07-22 16:00:00,CUST-1285,Customer 533,55,Male,East,Consumer,Clothing,Hoodie,4,36.94,0.05,140.37,21.99,Credit Card
ORD-102955,2024-12-27 09:00:00,CUST-1607,Customer 346,56,Female,East,Consumer,Office Supplies,Binder,7,7.09,0.05,47.15,13.48,Credit Card
ORD-102956,2023-03-14 16:00:00,CUST-1506,Customer 329,26,Male,West,Consumer,Furniture,Sofa,6,538.59,0.1,2908.39,306.43,Credit Card
ORD-102957,2023-12-21 14:00:00,CUST-1322,Customer 133,64,Male,East,Consumer,Electronics,Smartwatch,1,184.51,0.0,184.51,24.85,Credit Card
ORD-102958,2024-01-10 20:00:00,CUST-1492,Customer 421,52,Male,South,Consumer,Electronics,Smartwatch,2,185.28,0.0,370.56,40.29,Net Banking
ORD-102959,2023-12-15 16:00:00,CUST-1218,Customer 345,52,Female,Central,Consumer,Home & Kitchen,Storage Box,5,16.23,0.15,68.98,9.96,Net Banking
ORD-102960,2024-11-03 12:00:00,CUST-1201,Customer 255,58,Female,East,Corporate,Electronics,Headphones,3,86.87,0.05,247.58,34.93,UPI
ORD-102961,2023-11-04 09:00:00,CUST-1583,Customer 326,55,Male,West,Corporate,Electronics,Smartwatch,3,198.81,0.0,596.43,192.74,Credit Card
ORD-102962,2024-12-11 15:00:00,CUST-1621,Customer 631,59,Male,Central,Consumer,Clothing,Jacket,4,84.12,0.0,336.48,56.66,Credit Card
ORD-102963,2023-02-18 13:00:00,CUST-1579,Customer 708,33,Female,Central,Home Office,Clothing,Sneakers,5,73.86,0.0,369.3,64.96,UPI
ORD-102964,2024-06-19 08:00:00,CUST-1559,Customer 724,53,Male,West,Consumer,Electronics,Smartphone,4,704.73,0.0,2818.92,301.43,Net Banking
ORD-102965,2024-03-08 15:00:00,CUST-1707,Customer 762,68,Male,Central,Home Office,Clothing,T-Shirt,1,15.67,0.05,14.89,1.46,UPI
ORD-102966,2023-06-25 10:00:00,CUST-1242,Customer 885,57,Female,East,Home Office,Office Supplies,Binder,1,6.95,0.05,6.6,0.92,Net Banking
ORD-102967,2023-06-16 11:00:00,CUST-1010,Customer 341,39,Male,West,Corporate,Clothing,Sneakers,1,73.54,0.05,69.86,8.13,Credit Card
ORD-102968,2024-06-09 08:00:00,CUST-1221,Customer 804,50,Male,East,Consumer,Electronics,Smartwatch,2,170.0,0.0,340.0,58.84,UPI
ORD-102969,2024-04-10 12:00:00,CUST-1503,Customer 369,65,Male,South,Home Office,Electronics,Smartphone,6,566.1,0.0,3396.6,442.35,Credit Card
ORD-102970,2024-03-22 10:00:00,CUST-1477,Customer 745,52,Female,West,Consumer,Office Supplies,Printer Paper,7,16.71,0.0,116.97,14.98,UPI
ORD-102971,2023-02-07 08:00:00,CUST-1225,Customer 877,58,Female,Central,Consumer,Electronics,Headphones,4,79.25,0.0,317.0,80.78,UPI
ORD-102972,2024-03-12 13:00:00,CUST-1622,Customer 705,64,Male,West,Home Office,Office Supplies,Notebook,1,4.32,0.05,4.1,1.37,UPI
ORD-102973,2024-12-17 10:00:00,CUST-1779,Customer 340,37,Male,East,Consumer,Electronics,Tablet,1,395.22,0.0,395.22,32.95,Cash
ORD-102974,2023-01-13 09:00:00,CUST-1098,Customer 339,35,Male,East,Consumer,Clothing,Hoodie,6,41.34,0.15,210.83,57.03,Credit Card
ORD-102975,2023-12-09 14:00:00,CUST-1019,Customer 566,35,Male,East,Corporate,Home & Kitchen,Storage Box,3,16.58,0.05,47.25,12.19,Credit Card
ORD-102976,2023-12-27 08:00:00,CUST-1555,Customer 898,37,Male,Central,Home Office,Clothing,Jacket,7,72.13,0.0,504.91,120.15,UPI
ORD-102977,2024-10-16 20:00:00,CUST-1389,Customer 122,53,Male,Central,Consumer,Home & Kitchen,Coffee Maker,4,79.12,0.0,316.48,84.47,UPI
ORD-102978,2023-07-26 14:00:00,CUST-1535,Customer 232,43,Female,East,Home Office,Home & Kitchen,Blender,7,48.88,0.0,342.16,74.37,Net Banking
ORD-102979,2023-12-14 20:00:00,CUST-1568,Customer 386,66,Male,West,Consumer,Furniture,Sofa,1,458.59,0.0,458.59,151.46,Cash
ORD-102980,2024-06-07 19:00:00,CUST-1032,Customer 727,53,Female,West,Corporate,Furniture,Lamp,7,30.94,0.15,184.09,22.59,UPI
ORD-102981,2023-02-14 20:00:00,CUST-1601,Customer 218,52,Other,West,Corporate,Home & Kitchen,Blender,4,50.87,0.05,193.31,40.18,UPI
ORD-102982,2024-08-07 15:00:00,CUST-1139,Customer 408,67,Male,West,Consumer,Home & Kitchen,Towel Pack,4,23.22,0.1,83.59,21.43,UPI
ORD-102983,2024-08-23 13:00:00,CUST-1506,Customer 219,62,Female,South,Consumer,Home & Kitchen,Blender,4,49.17,0.05,186.85,60.79,Credit Card
ORD-102984,2024-06-09 17:00:00,CUST-1788,Customer 637,19,Female,West,Consumer,Clothing,Sneakers,3,75.24,0.15,191.86,40.6,Credit Card
ORD-102985,2024-04-18 09:00:00,CUST-1377,Customer 211,68,Male,West,Consumer,Electronics,Laptop,5,968.21,0.15,4114.89,1414.65,Credit Card
ORD-102986,2024-06-29 18:00:00,CUST-1279,Customer 87,63,Male,Central,Corporate,Home & Kitchen,Storage Box,6,14.26,0.0,85.56,22.01,Credit Card
ORD-102987,2024-07-24 12:00:00,CUST-1727,Customer 427,35,Other,Central,Consumer,Home & Kitchen,Blender,6,58.46,0.0,350.76,94.28,Cash
ORD-102988,2024-10-21 08:00:00,CUST-1333,Customer 2,30,Male,West,Corporate,Office Supplies,Stapler,7,11.68,0.0,81.76,24.6,UPI
ORD-102989,2023-11-09 11:00:00,CUST-1461,Customer 265,46,Female,East,Home Office,Home & Kitchen,Towel Pack,3,25.6,0.0,76.8,21.36,Net Banking
ORD-102990,2023-11-29 11:00:00,CUST-1160,Customer 869,69,Female,East,Corporate,Office Supplies,Binder,6,6.59,0.05,37.56,8.3,Net Banking
ORD-102991,2024-04-10 08:00:00,CUST-1416,Customer 735,49,Male,West,Corporate,Home & Kitchen,Coffee Maker,7,60.96,0.0,426.72,123.15,Cash
ORD-102992,2023-05-21 16:00:00,CUST-1058,Customer 565,48,Female,Central,Corporate,Electronics,Tablet,1,395.56,0.1,356.0,31.91,Cash
ORD-102993,2024-09-17 09:00:00,CUST-1685,Customer 404,29,Female,Central,Home Office,Home & Kitchen,Blender,4,54.72,0.0,218.88,72.63,Credit Card
ORD-102994,2024-07-16 19:00:00,CUST-1487,Customer 728,64,Male,East,Corporate,Electronics,Headphones,5,76.35,0.1,343.58,103.85,Credit Card
ORD-102995,2024-04-05 13:00:00,CUST-1354,Customer 50,59,Male,East,Consumer,Furniture,Lamp,4,37.99,0.0,151.96,38.32,UPI
ORD-102996,2023-08-09 17:00:00,CUST-1598,Customer 391,20,Male,Central,Corporate,Electronics,Smartphone,1,682.8,0.0,682.8,67.3,Credit Card
ORD-102997,2023-09-11 12:00:00,CUST-1486,Customer 395,31,Female,West,Corporate,Office Supplies,Stapler,5,11.47,0.1,51.62,8.24,Credit Card
ORD-102998,2023-11-14 09:00:00,CUST-1335,Customer 16,63,Female,Central,Corporate,Electronics,Headphones,3,77.85,0.0,233.55,34.68,Net Banking
ORD-102999,2024-04-28 10:00:00,CUST-1263,Customer 90,54,Female,Central,Consumer,Home & Kitchen,Coffee Maker,5,63.33,0.1,284.98,42.58,UPI
ORD-103000,2024-07-21 16:00:00,CUST-1054,Customer 388,38,Female,East,Consumer,Office Supplies,Printer Paper,1,19.04,0.15,16.18,4.23,Credit Card
ORD-103001,2024-05-05 17:00:00,CUST-1169,Customer 133,45,Other,Central,Home Office,Home & Kitchen,Cookware Set,1,142.19,0.0,142.19,45.01,UPI
ORD-103002,2024-11-09 11:00:00,CUST-1321,Customer 890,24,Male,West,Home Office,Electronics,Smartwatch,5,189.21,0.0,946.05,249.8,Cash
ORD-103003,2024-12-02 12:00:00,CUST-1368,Customer 122,61,Female,Central,Consumer,Electronics,Headphones,7,95.89,0.0,671.23,124.15,Net Banking
ORD-103004,2024-05-29 20:00:00,CUST-1795,Customer 27,50,Male,West,Consumer,Clothing,Hoodie,5,36.47,0.0,182.35,62.31,UPI
ORD-103005,2023-09-28 19:00:00,CUST-1268,Customer 713,44,Male,Central,Consumer,Clothing,Jacket,7,84.65,0.15,503.67,157.6,Credit Card
ORD-103006,2024-03-13 13:00:00,CUST-1384,Customer 365,49,Male,East,Corporate,Office Supplies,Printer Paper,6,21.15,0.1,114.21,30.27,Cash
ORD-103007,2023-11-07 11:00:00,CUST-1030,Customer 387,48,Male,East,Consumer,Clothing,Sneakers,2,92.72,0.0,185.44,34.74,UPI
ORD-103008,2024-04-04 11:00:00,CUST-1072,Customer 239,40,Female,East,Home Office,Clothing,Hoodie,1,35.53,0.05,33.75,8.93,UPI
ORD-103009,2024-08-15 14:00:00,CUST-1389,Customer 1,27,Male,Central,Corporate,Office Supplies,Binder,4,5.79,0.15,19.69,3.74,Cash
ORD-103010,2023-09-27 15:00:00,CUST-1278,Customer 646,43,Female,Central,Consumer,Home & Kitchen,Coffee Maker,5,61.6,0.0,308.0,37.55,UPI
ORD-103011,2024-01-05 10:00:00,CUST-1524,Customer 461,60,Male,East,Consumer,Clothing,Jeans,6,47.73,0.0,286.38,70.76,Net Banking
ORD-103012,2023-02-03 08:00:00,CUST-1674,Customer 357,20,Male,East,Corporate,Office Supplies,Pen Set,4,9.59,0.1,34.52,9.27,Net Banking
ORD-103013,2024-06-21 14:00:00,CUST-1041,Customer 181,38,Female,East,Corporate,Furniture,Bookshelf,7,88.3,0.1,556.29,96.97,Credit Card
ORD-103014,2023-12-24 18:00:00,CUST-1132,Customer 122,60,Female,Central,Corporate,Electronics,Headphones,6,72.56,0.0,435.36,144.07,UPI
ORD-103015,2023-12-02 09:00:00,CUST-1453,Customer 645,48,Female,West,Corporate,Electronics,Laptop,5,802.42,0.05,3811.5,1184.04,Credit Card
ORD-103016,2024-01-24 13:00:00,CUST-1079,Customer 61,19,Male,Central,Consumer,Clothing,Hoodie,4,41.99,0.0,167.96,39.87,Credit Card
ORD-103017,2023-06-07 10:00:00,CUST-1248,Customer 847,61,Male,Central,Consumer,Clothing,Hoodie,1,41.97,0.05,39.87,3.84,Credit Card
ORD-103018,2024-03-12 11:00:00,CUST-1565,Customer 482,20,Other,South,Consumer,Furniture,Sofa,6,446.61,0.05,2545.68,215.49,UPI
ORD-103019,2024-06-27 15:00:00,CUST-1032,Customer 154,42,Male,West,Consumer,Office Supplies,Pen Set,5,8.9,0.0,44.5,11.25,Credit Card
ORD-103020,2023-09-13 11:00:00,CUST-1494,Customer 796,23,Male,South,Consumer,Electronics,Tablet,7,299.47,0.1,1886.66,565.48,Cash
ORD-103021,2023-04-06 11:00:00,CUST-1077,Customer 249,32,Female,West,Corporate,Electronics,Smartphone,1,662.2,0.05,629.09,135.31,Credit Card
ORD-103022,2023-10-10 20:00:00,CUST-1607,Customer 269,38,Female,Central,Consumer,Home & Kitchen,Coffee Maker,2,69.93,0.1,125.87,10.87,Credit Card
ORD-103023,2023-05-25 10:00:00,CUST-1573,Customer 641,31,Male,West,Corporate,Furniture,Lamp,5,31.31,0.05,148.72,17.71,Credit Card
ORD-103024,2023-09-30 10:00:00,CUST-1042,Customer 109,63,Female,South,Consumer,Electronics,Tablet,4,364.49,0.05,1385.06,189.8,Credit Card
ORD-103025,2024-04-02 20:00:00,CUST-1431,Customer 569,47,Male,West,Consumer,Office Supplies,Stapler,5,13.03,0.0,65.15,16.25,Credit Card
ORD-103026,2023-03-24 15:00:00,CUST-1377,Customer 247,36,Female,Central,Consumer,Furniture,Office Chair,4,140.56,0.0,562.24,118.77,Net Banking
ORD-103027,2024-06-29 08:00:00,CUST-1764,Customer 745,33,Male,Central,Consumer,Clothing,T-Shirt,5,20.33,0.1,91.48,9.84,UPI
ORD-103028,2023-06-13 13:00:00,CUST-1031,Customer 419,43,Female,South,Consumer,Home & Kitchen,Storage Box,5,16.45,0.05,78.14,16.84,Net Banking
ORD-103029,2024-10-15 15:00:00,CUST-1545,Customer 584,35,Female,East,Home Office,Office Supplies,Pen Set,2,7.6,0.0,15.2,4.78,Credit Card
ORD-103030,2024-06-18 11:00:00,CUST-1435,Customer 415,59,Female,Central,Consumer,Office Supplies,Printer Paper,6,21.31,0.2,102.29,20.31,Credit Card
ORD-103031,2023-07-18 15:00:00,CUST-1770,Customer 172,30,Female,East,Consumer,Furniture,Desk,4,259.69,0.1,934.88,112.59,Cash
ORD-103032,2024-02-16 16:00:00,CUST-1587,Customer 290,53,Female,South,Home Office,Office Supplies,Stapler,5,10.6,0.0,53.0,12.51,UPI
ORD-103033,2023-03-22 11:00:00,CUST-1228,Customer 751,41,Female,Central,Consumer,Furniture,Lamp,5,41.34,0.0,206.7,68.4,Credit Card
ORD-103034,2023-03-14 18:00:00,CUST-1087,Customer 459,31,Female,Central,Corporate,Electronics,Headphones,6,89.71,0.05,511.35,56.91,Credit Card
ORD-103035,2024-11-28 13:00:00,CUST-1465,Customer 145,42,Male,West,Corporate,Home & Kitchen,Cookware Set,3,106.48,0.0,319.44,39.05,Net Banking
ORD-103036,2024-08-08 20:00:00,CUST-1679,Customer 61,24,Female,Central,Consumer,Furniture,Bookshelf,1,92.86,0.2,74.29,17.31,Credit Card
ORD-103037,2023-04-23 09:00:00,CUST-1446,Customer 76,45,Male,West,Consumer,Office Supplies,Pen Set,2,6.9,0.05,13.11,2.25,UPI
ORD-103038,2023-07-26 12:00:00,CUST-1464,Customer 733,55,Female,East,Corporate,Electronics,Headphones,7,84.49,0.0,591.43,190.32,Net Banking
ORD-103039,2023-05-25 17:00:00,CUST-1418,Customer 845,48,Female,South,Consumer,Clothing,Jacket,2,88.25,0.0,176.5,48.09,UPI
ORD-103040,2023-10-16 19:00:00,CUST-1297,Customer 453,18,Female,West,Consumer,Electronics,Laptop,2,832.04,0.0,1664.08,199.21,Cash
ORD-103041,2023-08-01 10:00:00,CUST-1717,Customer 525,48,Female,East,Consumer,Furniture,Bookshelf,7,92.52,0.05,615.26,193.86,UPI
ORD-103042,2023-08-28 20:00:00,CUST-1133,Customer 467,19,Female,Central,Consumer,Clothing,Sneakers,2,79.02,0.0,158.04,40.05,UPI
ORD-103043,2024-01-22 10:00:00,CUST-1422,Customer 298,37,Female,East,Home Office,Furniture,Office Chair,4,145.51,0.1,523.84,111.73,UPI
ORD-103044,2023-05-19 13:00:00,CUST-1695,Customer 691,51,Female,Central,Home Office,Home & Kitchen,Storage Box,3,18.09,0.1,48.84,7.29,Credit Card
ORD-103045,2024-10-06 12:00:00,CUST-1210,Customer 231,64,Male,West,Home Office,Electronics,Tablet,5,314.62,0.15,1337.14,341.53,UPI
ORD-103046,2024-06-15 13:00:00,CUST-1337,Customer 661,68,Female,Central,Consumer,Clothing,Sneakers,5,88.72,0.0,443.6,143.1,Net Banking
ORD-103047,2024-07-09 19:00:00,CUST-1561,Customer 77,44,Female,East,Home Office,Home & Kitchen,Blender,4,53.58,0.0,214.32,19.37,Credit Card
ORD-103048,2023-05-04 17:00:00,CUST-1102,Customer 521,29,Female,Central,Corporate,Office Supplies,Stapler,4,13.34,0.1,48.02,8.71,UPI
ORD-103049,2024-05-31 18:00:00,CUST-1211,Customer 504,61,Male,Central,Corporate,Clothing,Hoodie,6,43.83,0.0,262.98,87.47,UPI
ORD-103050,2024-09-02 11:00:00,CUST-1579,Customer 119,36,Male,Central,Corporate,Furniture,Office Chair,5,153.24,0.0,766.2,140.51,UPI
ORD-103051,2023-05-08 20:00:00,CUST-1066,Customer 783,46,Female,West,Corporate,Clothing,Sneakers,4,83.49,0.2,267.17,23.96,UPI
ORD-103052,2024-07-02 13:00:00,CUST-1300,Customer 170,28,Female,Central,Consumer,Home & Kitchen,Storage Box,7,16.96,0.1,106.85,11.47,UPI
ORD-103053,2023-09-19 16:00:00,CUST-1470,Customer 612,37,Male,West,Corporate,Clothing,T-Shirt,1,19.4,0.15,16.49,4.39,Credit Card
ORD-103054,2024-07-28 17:00:00,CUST-1680,Customer 429,42,Female,East,Corporate,Home & Kitchen,Coffee Maker,6,76.18,0.0,457.08,122.97,Credit Card
ORD-103055,2023-12-16 16:00:00,CUST-1109,Customer 686,56,Male,East,Consumer,Office Supplies,Printer Paper,2,18.92,0.05,35.95,3.99,Credit Card
ORD-103056,2024-08-08 15:00:00,CUST-1427,Customer 391,64,Female,West,Consumer,Office Supplies,Binder,3,6.92,0.05,19.72,2.74,UPI
ORD-103057,2023-04-18 14:00:00,CUST-1571,Customer 538,27,Female,South,Consumer,Furniture,Sofa,1,449.8,0.05,427.31,99.24,Credit Card
ORD-103058,2023-10-12 16:00:00,CUST-1317,Customer 665,47,Female,West,Corporate,Clothing,Jacket,4,65.21,0.0,260.84,69.22,Credit Card
ORD-103059,2023-07-19 19:00:00,CUST-1350,Customer 9,68,Female,Central,Corporate,Home & Kitchen,Towel Pack,6,26.11,0.1,140.99,17.25,UPI
ORD-103060,2023-07-01 13:00:00,CUST-1367,Customer 191,18,Female,Central,Corporate,Office Supplies,Stapler,3,10.46,0.0,31.38,6.38,UPI
ORD-103061,2023-08-14 14:00:00,CUST-1692,Customer 401,47,Male,West,Corporate,Electronics,Headphones,5,93.28,0.05,443.08,102.68,UPI
ORD-103062,2023-10-07 10:00:00,CUST-1492,Customer 323,57,Female,East,Consumer,Office Supplies,Printer Paper,3,19.16,0.15,48.86,4.56,UPI
ORD-103063,2023-04-03 12:00:00,CUST-1323,Customer 33,23,Male,West,Corporate,Clothing,T-Shirt,6,21.09,0.1,113.89,15.99,Cash
ORD-103064,2024-05-31 18:00:00,CUST-1007,Customer 573,52,Male,West,Consumer,Home & Kitchen,Coffee Maker,7,73.34,0.0,513.38,168.44,Credit Card
ORD-103065,2024-02-06 16:00:00,CUST-1316,Customer 74,39,Male,East,Corporate,Electronics,Laptop,6,966.75,0.05,5510.48,1750.1,UPI
ORD-103066,2024-08-28 10:00:00,CUST-1652,Customer 684,49,Female,South,Consumer,Electronics,Smartwatch,3,209.47,0.05,596.99,99.74,Credit Card
ORD-103067,2024-05-29 15:00:00,CUST-1343,Customer 158,55,Female,South,Home Office,Furniture,Sofa,6,496.22,0.0,2977.32,935.93,Credit Card
ORD-103068,2023-04-19 18:00:00,CUST-1314,Customer 541,25,Female,East,Consumer,Electronics,Laptop,1,830.59,0.0,830.59,208.3,UPI
ORD-103069,2023-02-21 09:00:00,CUST-1570,Customer 800,21,Female,East,Corporate,Home & Kitchen,Blender,7,46.81,0.05,311.29,107.41,Credit Card
ORD-103070,2023-11-05 08:00:00,CUST-1777,Customer 327,34,Female,Central,Consumer,Furniture,Desk,6,206.32,0.1,1114.13,379.78,Credit Card
ORD-103071,2023-12-18 13:00:00,CUST-1124,Customer 194,31,Female,South,Consumer,Office Supplies,Pen Set,5,9.46,0.15,40.21,9.91,Credit Card
ORD-103072,2023-06-25 16:00:00,CUST-1755,Customer 206,33,Female,South,Corporate,Electronics,Headphones,5,75.71,0.0,378.55,78.1,UPI
ORD-103073,2024-07-25 12:00:00,CUST-1273,Customer 407,66,Male,South,Consumer,Furniture,Bookshelf,2,100.18,0.0,200.36,23.73,Credit Card
ORD-103074,2024-02-29 18:00:00,CUST-1469,Customer 265,53,Female,West,Consumer,Home & Kitchen,Coffee Maker,4,71.96,0.0,287.84,64.24,Cash
ORD-103075,2024-06-30 19:00:00,CUST-1214,Customer 788,36,Male,South,Consumer,Office Supplies,Notebook,1,3.83,0.2,3.06,0.57,Credit Card
ORD-103076,2023-03-21 14:00:00,CUST-1017,Customer 757,49,Male,West,Consumer,Electronics,Smartwatch,3,227.41,0.1,614.01,156.15,Credit Card
ORD-103077,2024-08-18 12:00:00,CUST-1310,Customer 610,26,Male,East,Consumer,Electronics,Smartwatch,5,164.62,0.2,658.48,68.59,UPI
ORD-103078,2023-05-31 08:00:00,CUST-1706,Customer 311,27,Male,Central,Consumer,Home & Kitchen,Towel Pack,3,23.18,0.05,66.06,20.18,Cash
ORD-103079,2023-11-24 18:00:00,CUST-1729,Customer 120,23,Female,West,Consumer,Home & Kitchen,Storage Box,6,16.18,0.0,97.08,33.12,UPI
ORD-103080,2023-11-17 19:00:00,CUST-1301,Customer 209,40,Male,Central,Consumer,Electronics,Tablet,6,298.11,0.05,1699.23,231.99,Credit Card
ORD-103081,2024-08-22 13:00:00,CUST-1505,Customer 416,50,Female,Central,Consumer,Office Supplies,Binder,4,5.55,0.0,22.2,5.57,Cash
ORD-103082,2023-07-22 14:00:00,CUST-1617,Customer 734,44,Male,South,Corporate,Electronics,Smartwatch,3,207.67,0.0,623.01,184.74,UPI
ORD-103083,2023-06-25 17:00:00,CUST-1402,Customer 694,47,Female,West,Consumer,Office Supplies,Notebook,3,3.55,0.0,10.65,2.45,Net Banking
ORD-103084,2023-09-05 17:00:00,CUST-1649,Customer 880,26,Male,East,Consumer,Electronics,Smartphone,4,700.82,0.0,2803.28,932.28,UPI
ORD-103085,2023-09-21 09:00:00,CUST-1103,Customer 400,51,Female,Central,Corporate,Clothing,Jacket,6,80.16,0.0,480.96,104.95,Credit Card
ORD-103086,2023-05-13 16:00:00,CUST-1746,Customer 497,46,Male,West,Consumer,Home & Kitchen,Towel Pack,1,19.48,0.15,16.56,2.53,Cash
ORD-103087,2023-05-09 20:00:00,CUST-1461,Customer 196,67,Female,East,Consumer,Electronics,Tablet,4,323.13,0.1,1163.27,241.18,Credit Card
ORD-103088,2023-06-18 17:00:00,CUST-1124,Customer 620,30,Female,West,Corporate,Office Supplies,Printer Paper,4,16.16,0.1,58.18,12.32,UPI
ORD-103089,2023-12-08 14:00:00,CUST-1638,Customer 579,21,Female,South,Corporate,Electronics,Smartphone,3,700.08,0.0,2100.24,311.89,UPI
ORD-103090,2023-09-08 14:00:00,CUST-1743,Customer 63,41,Female,South,Consumer,Furniture,Sofa,2,497.54,0.1,895.57,261.93,Credit Card
ORD-103091,2023-10-14 11:00:00,CUST-1288,Customer 367,28,Male,Central,Consumer,Electronics,Smartwatch,6,161.69,0.0,970.14,239.42,Credit Card
ORD-103092,2024-06-08 16:00:00,CUST-1372,Customer 839,27,Male,Central,Consumer,Electronics,Smartwatch,4,197.6,0.0,790.4,142.27,Credit Card
ORD-103093,2023-06-25 11:00:00,CUST-1722,Customer 462,30,Male,South,Consumer,Home & Kitchen,Cookware Set,5,122.28,0.0,611.4,118.52,Credit Card
ORD-103094,2024-10-26 12:00:00,CUST-1431,Customer 393,53,Male,East,Corporate,Electronics,Smartwatch,1,204.26,0.0,204.26,36.84,UPI
ORD-103095,2024-07-02 11:00:00,CUST-1281,Customer 113,40,Male,Central,Corporate,Home & Kitchen,Coffee Maker,2,60.35,0.15,102.6,20.62,UPI
ORD-103096,2023-05-08 12:00:00,CUST-1513,Customer 714,63,Female,Central,Consumer,Electronics,Smartphone,2,534.69,0.1,962.44,214.23,Credit Card
ORD-103097,2023-08-18 12:00:00,CUST-1128,Customer 814,24,Female,South,Corporate,Office Supplies,Pen Set,3,7.78,0.0,23.34,3.95,Credit Card
ORD-103098,2023-05-14 09:00:00,CUST-1272,Customer 815,66,Female,East,Home Office,Furniture,Desk,6,240.02,0.05,1368.11,411.67,Cash
ORD-103099,2023-07-19 17:00:00,CUST-1662,Customer 829,39,Female,South,Home Office,Home & Kitchen,Towel Pack,5,23.83,0.0,119.15,39.4,Credit Card
ORD-103100,2023-09-24 13:00:00,CUST-1074,Customer 851,45,Female,Central,Consumer,Electronics,Smartphone,7,587.38,0.0,4111.66,909.32,Cash
ORD-103101,2023-04-06 20:00:00,CUST-1452,Customer 273,60,Male,East,Home Office,Electronics,Laptop,3,786.78,0.05,2242.32,610.06,Credit Card
ORD-103102,2023-01-11 10:00:00,CUST-1545,Customer 681,43,Female,West,Consumer,Clothing,T-Shirt,6,19.6,0.1,105.84,35.06,Cash
ORD-103103,2023-11-17 16:00:00,CUST-1413,Customer 264,26,Male,East,Consumer,Clothing,Hoodie,2,34.38,0.1,61.88,8.16,UPI
ORD-103104,2024-05-26 10:00:00,CUST-1311,Customer 326,30,Male,Central,Consumer,Clothing,Jacket,6,78.37,0.0,470.22,61.7,Credit Card
ORD-103105,2023-08-10 15:00:00,CUST-1740,Customer 154,65,Female,West,Consumer,Electronics,Headphones,5,79.87,0.05,379.38,37.79,Credit Card
ORD-103106,2024-09-20 14:00:00,CUST-1646,Customer 39,21,Male,Central,Consumer,Electronics,Tablet,1,317.45,0.0,317.45,63.29,Credit Card
ORD-103107,2023-09-27 13:00:00,CUST-1659,Customer 527,65,Male,Central,Consumer,Clothing,T-Shirt,5,18.58,0.0,92.9,15.74,Credit Card
ORD-103108,2024-10-19 16:00:00,CUST-1077,Customer 72,53,Male,Central,Corporate,Office Supplies,Binder,4,5.56,0.0,22.24,5.15,Credit Card
ORD-103109,2023-06-22 18:00:00,CUST-1794,Customer 179,44,Female,West,Corporate,Office Supplies,Printer Paper,1,18.86,0.0,18.86,3.81,UPI
ORD-103110,2024-01-29 12:00:00,CUST-1404,Customer 172,34,Male,South,Corporate,Furniture,Sofa,6,433.03,0.0,2598.18,341.28,UPI
ORD-103111,2024-07-11 19:00:00,CUST-1553,Customer 553,62,Female,South,Corporate,Electronics,Headphones,4,79.36,0.0,317.44,58.92,Credit Card
ORD-103112,2023-02-13 10:00:00,CUST-1302,Customer 447,19,Male,Central,Consumer,Home & Kitchen,Towel Pack,5,22.63,0.05,107.49,9.44,UPI
ORD-103113,2024-11-09 11:00:00,CUST-1463,Customer 851,54,Female,East,Corporate,Clothing,Jeans,5,38.75,0.0,193.75,43.61,Credit Card
ORD-103114,2023-09-24 12:00:00,CUST-1568,Customer 592,28,Female,South,Corporate,Electronics,Smartphone,1,659.53,0.0,659.53,101.03,Credit Card
ORD-103115,2023-12-30 20:00:00,CUST-1431,Customer 163,36,Male,South,Consumer,Home & Kitchen,Storage Box,3,17.8,0.15,45.39,5.01,Credit Card
ORD-103116,2024-04-03 09:00:00,CUST-1456,Customer 228,21,Female,South,Home Office,Office Supplies,Pen Set,5,9.48,0.15,40.29,3.94,Credit Card
ORD-103117,2024-04-14 13:00:00,CUST-1284,Customer 204,47,Male,East,Corporate,Furniture,Sofa,3,442.13,0.0,1326.39,361.97,Credit Card
ORD-103118,2023-01-18 13:00:00,CUST-1793,Customer 410,25,Male,South,Corporate,Furniture,Lamp,7,32.31,0.0,226.17,33.2,Credit Card
ORD-103119,2024-09-25 18:00:00,CUST-1144,Customer 82,24,Male,East,Corporate,Clothing,Jacket,3,71.75,0.0,215.25,55.51,Credit Card
ORD-103120,2024-03-31 14:00:00,CUST-1299,Customer 384,35,Male,West,Corporate,Furniture,Desk,4,255.59,0.2,817.89,245.52,Net Banking
ORD-103121,2024-12-30 20:00:00,CUST-1660,Customer 284,43,Other,Central,Corporate,Office Supplies,Binder,4,5.95,0.0,23.8,5.12,UPI
ORD-103122,2023-12-11 17:00:00,CUST-1380,Customer 94,67,Female,West,Corporate,Clothing,Hoodie,1,38.23,0.0,38.23,4.43,Net Banking
ORD-103123,2024-03-23 17:00:00,CUST-1005,Customer 793,61,Female,East,Consumer,Electronics,Headphones,6,88.75,0.1,479.25,117.86,Credit Card
ORD-103124,2023-11-18 17:00:00,CUST-1081,Customer 310,38,Male,West,Consumer,Home & Kitchen,Blender,1,47.48,0.1,42.73,4.24,Net Banking
ORD-103125,2024-10-11 10:00:00,CUST-1710,Customer 15,48,Female,East,Consumer,Furniture,Bookshelf,4,93.79,0.0,375.16,112.78,Credit Card
ORD-103126,2024-08-30 13:00:00,CUST-1793,Customer 663,58,Female,Central,Home Office,Furniture,Bookshelf,7,90.68,0.0,634.76,181.3,Credit Card
ORD-103127,2024-10-25 15:00:00,CUST-1209,Customer 573,37,Male,East,Consumer,Clothing,T-Shirt,7,19.24,0.0,134.68,25.4,Credit Card
ORD-103128,2024-01-04 10:00:00,CUST-1168,Customer 316,57,Female,West,Consumer,Office Supplies,Stapler,2,13.27,0.0,26.54,4.05,UPI
ORD-103129,2024-07-31 09:00:00,CUST-1191,Customer 346,52,Female,Central,Consumer,Furniture,Office Chair,3,134.92,0.0,404.76,109.92,Credit Card
ORD-103130,2023-09-19 09:00:00,CUST-1731,Customer 179,54,Female,South,Consumer,Office Supplies,Printer Paper,4,19.31,0.1,69.52,16.21,UPI
ORD-103131,2023-12-03 18:00:00,CUST-1005,Customer 286,68,Female,West,Home Office,Home & Kitchen,Cookware Set,5,124.02,0.1,558.09,66.51,Cash
ORD-103132,2024-07-08 16:00:00,CUST-1077,Customer 149,37,Male,West,Corporate,Clothing,Sneakers,2,76.24,0.05,144.86,41.28,Credit Card
ORD-103133,2023-03-01 11:00:00,CUST-1287,Customer 155,21,Female,South,Consumer,Clothing,Jacket,4,86.9,0.05,330.22,56.19,Cash
ORD-103134,2024-06-02 17:00:00,CUST-1782,Customer 350,45,Female,South,Home Office,Electronics,Smartwatch,6,211.68,0.05,1206.58,387.72,Credit Card
ORD-103135,2023-01-12 17:00:00,CUST-1071,Customer 749,35,Female,Central,Home Office,Furniture,Sofa,6,562.84,0.0,3377.04,1026.47,Credit Card
ORD-103136,2024-02-28 18:00:00,CUST-1266,Customer 155,21,Male,West,Corporate,Office Supplies,Notebook,6,4.41,0.1,23.81,3.68,Credit Card
ORD-103137,2023-12-15 19:00:00,CUST-1147,Customer 740,26,Male,East,Corporate,Electronics,Headphones,7,74.85,0.0,523.95,78.03,Credit Card
ORD-103138,2023-12-09 19:00:00,CUST-1262,Customer 745,45,Male,Central,Corporate,Clothing,Sneakers,7,85.06,0.0,595.42,111.6,Credit Card
ORD-103139,2023-12-27 10:00:00,CUST-1550,Customer 37,67,Male,South,Corporate,Furniture,Bookshelf,4,88.69,0.0,354.76,105.44,Credit Card
ORD-103140,2023-12-26 18:00:00,CUST-1159,Customer 248,35,Female,South,Home Office,Furniture,Desk,7,189.76,0.1,1195.49,137.81,Credit Card
ORD-103141,2023-10-25 13:00:00,CUST-1332,Customer 519,46,Other,East,Corporate,Electronics,Tablet,4,337.86,0.05,1283.87,212.27,Net Banking
ORD-103142,2023-11-26 13:00:00,CUST-1129,Customer 146,27,Female,East,Corporate,Furniture,Office Chair,5,135.93,0.05,645.67,166.56,Net Banking
ORD-103143,2024-02-19 16:00:00,CUST-1008,Customer 374,24,Male,South,Consumer,Furniture,Lamp,7,29.8,0.05,198.17,17.65,Net Banking
ORD-103144,2024-07-11 15:00:00,CUST-1399,Customer 631,58,Female,South,Consumer,Office Supplies,Printer Paper,1,20.64,0.1,18.58,1.77,Credit Card
ORD-103145,2024-02-08 13:00:00,CUST-1253,Customer 6,49,Female,Central,Consumer,Office Supplies,Pen Set,7,7.2,0.0,50.4,14.4,Credit Card
ORD-103146,2024-04-14 20:00:00,CUST-1595,Customer 575,27,Female,East,Corporate,Electronics,Laptop,6,871.53,0.0,5229.18,1155.82,UPI
ORD-103147,2024-09-02 10:00:00,CUST-1004,Customer 275,44,Male,Central,Home Office,Electronics,Tablet,7,382.38,0.1,2408.99,555.4,UPI
ORD-103148,2024-12-23 09:00:00,CUST-1039,Customer 707,48,Female,West,Consumer,Clothing,Jacket,6,79.62,0.05,453.83,66.8,Credit Card
ORD-103149,2023-03-21 08:00:00,CUST-1732,Customer 170,21,Female,West,Consumer,Electronics,Tablet,2,309.15,0.0,618.3,138.24,Cash
ORD-103150,2024-06-04 18:00:00,CUST-1345,Customer 631,33,Female,East,Corporate,Office Supplies,Binder,3,6.4,0.0,19.2,4.36,Net Banking
ORD-103151,2023-06-14 13:00:00,CUST-1688,Customer 687,62,Male,West,Consumer,Office Supplies,Notebook,1,4.46,0.15,3.79,0.73,Credit Card
ORD-103152,2023-05-24 13:00:00,CUST-1085,Customer 393,36,Male,West,Consumer,Office Supplies,Printer Paper,5,20.69,0.0,103.45,35.21,Net Banking
ORD-103153,2024-08-01 16:00:00,CUST-1282,Customer 403,54,Female,East,Corporate,Home & Kitchen,Coffee Maker,4,67.31,0.15,228.85,21.35,Credit Card
ORD-103154,2023-02-20 13:00:00,CUST-1556,Customer 363,49,Female,West,Consumer,Office Supplies,Binder,4,5.17,0.1,18.61,3.57,UPI
ORD-103155,2024-09-10 15:00:00,CUST-1192,Customer 718,18,Female,East,Corporate,Home & Kitchen,Coffee Maker,6,74.39,0.15,379.39,118.19,Credit Card
ORD-103156,2024-07-16 08:00:00,CUST-1177,Customer 369,67,Male,West,Corporate,Home & Kitchen,Blender,6,51.1,0.0,306.6,41.6,UPI
ORD-103157,2024-12-27 10:00:00,CUST-1085,Customer 871,67,Male,South,Corporate,Electronics,Smartwatch,1,213.43,0.05,202.76,67.41,Credit Card
ORD-103158,2024-05-02 20:00:00,CUST-1278,Customer 140,52,Female,Central,Consumer,Electronics,Headphones,7,87.04,0.0,609.28,118.74,UPI
ORD-103159,2024-09-29 13:00:00,CUST-1564,Customer 361,26,Female,East,Consumer,Furniture,Bookshelf,3,100.86,0.0,302.58,37.0,Credit Card
ORD-103160,2023-03-28 10:00:00,CUST-1234,Customer 492,61,Female,Central,Consumer,Furniture,Desk,6,261.5,0.0,1569.0,164.96,UPI
ORD-103161,2024-10-11 12:00:00,CUST-1096,Customer 500,18,Female,East,Consumer,Office Supplies,Stapler,5,12.66,0.0,63.3,10.65,UPI
ORD-103162,2023-04-28 12:00:00,CUST-1500,Customer 411,44,Female,West,Consumer,Electronics,Tablet,4,396.61,0.0,1586.44,520.87,Credit Card
ORD-103163,2023-08-18 11:00:00,CUST-1535,Customer 875,40,Female,East,Corporate,Electronics,Smartwatch,2,204.19,0.05,387.96,129.41,UPI
ORD-103164,2023-04-04 11:00:00,CUST-1326,Customer 438,54,Male,South,Corporate,Furniture,Lamp,2,31.98,0.0,63.96,14.84,Net Banking
ORD-103165,2023-10-21 17:00:00,CUST-1206,Customer 150,25,Female,East,Home Office,Office Supplies,Pen Set,6,9.04,0.0,54.24,6.07,Net Banking
ORD-103166,2024-06-30 09:00:00,CUST-1585,Customer 343,63,Male,South,Corporate,Clothing,Hoodie,3,43.71,0.0,131.13,26.66,Net Banking
ORD-103167,2023-07-15 12:00:00,CUST-1583,Customer 49,47,Female,Central,Consumer,Home & Kitchen,Coffee Maker,2,83.46,0.05,158.57,30.57,Credit Card
ORD-103168,2024-08-23 14:00:00,CUST-1479,Customer 262,31,Female,West,Consumer,Electronics,Tablet,1,317.97,0.0,317.97,45.28,UPI
ORD-103169,2024-03-18 15:00:00,CUST-1314,Customer 423,34,Male,South,Consumer,Furniture,Lamp,6,33.83,0.1,182.68,18.36,Cash
ORD-103170,2024-04-04 19:00:00,CUST-1403,Customer 71,53,Male,West,Corporate,Home & Kitchen,Blender,3,62.56,0.0,187.68,34.35,Net Banking
ORD-103171,2024-11-16 20:00:00,CUST-1109,Customer 439,27,Male,Central,Consumer,Clothing,Hoodie,3,34.88,0.05,99.41,17.93,Credit Card
ORD-103172,2023-11-12 11:00:00,CUST-1002,Customer 199,33,Female,Central,Consumer,Office Supplies,Printer Paper,3,19.29,0.1,52.08,14.07,Net Banking
ORD-103173,2023-09-09 15:00:00,CUST-1221,Customer 836,69,Male,East,Corporate,Office Supplies,Printer Paper,5,18.67,0.05,88.68,16.53,UPI
ORD-103174,2024-12-27 08:00:00,CUST-1415,Customer 126,63,Female,East,Consumer,Electronics,Headphones,4,72.73,0.05,276.37,23.09,Cash
ORD-103175,2024-02-11 16:00:00,CUST-1552,Customer 410,35,Male,South,Consumer,Home & Kitchen,Coffee Maker,4,63.55,0.15,216.07,18.45,UPI
ORD-103176,2024-03-24 09:00:00,CUST-1189,Customer 164,46,Female,East,Consumer,Office Supplies,Binder,2,6.8,0.0,13.6,3.61,Credit Card
ORD-103177,2023-08-05 08:00:00,CUST-1548,Customer 400,39,Female,South,Consumer,Office Supplies,Notebook,3,3.42,0.0,10.26,2.65,Credit Card
ORD-103178,2023-06-07 16:00:00,CUST-1246,Customer 432,28,Female,West,Corporate,Office Supplies,Binder,7,6.67,0.15,39.69,4.89,Credit Card
ORD-103179,2023-05-04 10:00:00,CUST-1477,Customer 448,33,Male,West,Corporate,Furniture,Desk,4,243.42,0.1,876.31,275.06,UPI
ORD-103180,2023-06-13 14:00:00,CUST-1087,Customer 427,23,Male,West,Consumer,Electronics,Smartwatch,7,204.7,0.05,1361.26,352.44,UPI
ORD-103181,2023-05-23 09:00:00,CUST-1258,Customer 401,61,Male,West,Corporate,Clothing,Jacket,6,74.5,0.0,447.0,54.35,UPI
ORD-103182,2024-06-29 17:00:00,CUST-1154,Customer 259,30,Male,South,Consumer,Office Supplies,Pen Set,5,6.88,0.0,34.4,5.42,UPI
ORD-103183,2023-02-12 17:00:00,CUST-1508,Customer 808,28,Male,East,Consumer,Electronics,Smartphone,4,700.99,0.15,2383.37,817.23,UPI
ORD-103184,2024-04-04 15:00:00,CUST-1567,Customer 584,51,Female,Central,Corporate,Furniture,Desk,6,196.68,0.05,1121.08,213.11,Credit Card
ORD-103185,2024-11-23 18:00:00,CUST-1033,Customer 556,24,Female,East,Consumer,Home & Kitchen,Storage Box,1,15.17,0.0,15.17,2.18,Credit Card
ORD-103186,2024-07-12 13:00:00,CUST-1318,Customer 367,67,Male,East,Corporate,Furniture,Sofa,4,567.06,0.0,2268.24,502.45,UPI
ORD-103187,2023-10-22 10:00:00,CUST-1483,Customer 716,63,Female,East,Corporate,Furniture,Sofa,5,458.71,0.1,2064.19,279.7,Credit Card
ORD-103188,2023-02-13 09:00:00,CUST-1591,Customer 613,39,Male,West,Consumer,Office Supplies,Printer Paper,1,16.91,0.05,16.06,4.72,Net Banking
ORD-103189,2024-08-31 10:00:00,CUST-1625,Customer 140,27,Female,Central,Consumer,Clothing,Jacket,2,89.3,0.2,142.88,42.07,Net Banking
ORD-103190,2023-01-03 10:00:00,CUST-1616,Customer 390,25,Female,East,Corporate,Office Supplies,Binder,1,5.28,0.0,5.28,1.56,UPI
ORD-103191,2024-05-12 12:00:00,CUST-1110,Customer 788,62,Female,South,Consumer,Home & Kitchen,Coffee Maker,4,63.44,0.0,253.76,62.59,Credit Card
ORD-103192,2024-05-04 10:00:00,CUST-1506,Customer 791,40,Male,West,Home Office,Electronics,Tablet,4,341.16,0.0,1364.64,364.89,Cash
ORD-103193,2023-05-21 15:00:00,CUST-1653,Customer 873,48,Female,South,Consumer,Home & Kitchen,Coffee Maker,4,78.8,0.05,299.44,49.94,Credit Card
ORD-103194,2024-06-24 09:00:00,CUST-1445,Customer 675,24,Male,East,Consumer,Home & Kitchen,Coffee Maker,1,81.17,0.0,81.17,25.76,UPI
ORD-103195,2023-05-09 16:00:00,CUST-1724,Customer 861,60,Female,Central,Corporate,Office Supplies,Stapler,4,13.37,0.0,53.48,6.36,Net Banking
ORD-103196,2023-06-14 12:00:00,CUST-1655,Customer 227,44,Male,West,Consumer,Office Supplies,Printer Paper,7,21.45,0.0,150.15,22.33,Net Banking
ORD-103197,2024-08-15 16:00:00,CUST-1767,Customer 884,21,Male,West,Consumer,Electronics,Smartwatch,1,162.62,0.0,162.62,56.6,Net Banking
ORD-103198,2024-12-15 14:00:00,CUST-1758,Customer 853,21,Female,South,Consumer,Furniture,Sofa,6,512.08,0.1,2765.23,938.26,Credit Card
ORD-103199,2023-07-13 19:00:00,CUST-1024,Customer 627,68,Female,Central,Consumer,Electronics,Laptop,2,757.11,0.0,1514.22,328.67,UPI
ORD-103200,2024-11-03 13:00:00,CUST-1317,Customer 611,20,Female,West,Corporate,Electronics,Laptop,1,993.33,0.05,943.66,202.66,Cash
ORD-103201,2024-10-28 11:00:00,CUST-1716,Customer 604,33,Female,Central,Corporate,Home & Kitchen,Storage Box,1,18.84,0.05,17.9,2.0,Credit Card
ORD-103202,2024-07-15 15:00:00,CUST-1064,Customer 99,18,Male,West,Consumer,Electronics,Tablet,1,325.06,0.0,325.06,83.9,Cash
ORD-103203,2023-04-13 16:00:00,CUST-1050,Customer 61,21,Male,East,Corporate,Office Supplies,Notebook,3,4.56,0.05,13.0,1.15,Credit Card
ORD-103204,2023-08-07 13:00:00,CUST-1225,Customer 215,60,Female,Central,Consumer,Furniture,Lamp,4,37.47,0.1,134.89,22.24,Net Banking
ORD-103205,2024-05-09 15:00:00,CUST-1303,Customer 255,57,Male,South,Corporate,Furniture,Desk,5,194.74,0.05,925.02,178.5,UPI
ORD-103206,2024-12-30 14:00:00,CUST-1496,Customer 54,35,Female,East,Corporate,Furniture,Lamp,1,37.13,0.05,35.27,11.33,Credit Card
ORD-103207,2024-08-17 11:00:00,CUST-1438,Customer 708,27,Male,Central,Home Office,Furniture,Lamp,5,41.71,0.1,187.7,64.1,Net Banking
ORD-103208,2023-11-03 12:00:00,CUST-1587,Customer 31,30,Male,South,Corporate,Office Supplies,Printer Paper,6,17.24,0.15,87.92,30.15,UPI
ORD-103209,2023-06-21 19:00:00,CUST-1177,Customer 325,36,Male,Central,Home Office,Home & Kitchen,Blender,1,46.77,0.1,42.09,12.45,UPI
ORD-103210,2024-12-02 16:00:00,CUST-1385,Customer 96,58,Female,West,Home Office,Furniture,Sofa,5,572.1,0.0,2860.5,452.81,Net Banking
ORD-103211,2023-07-21 09:00:00,CUST-1275,Customer 558,48,Male,East,Home Office,Home & Kitchen,Blender,1,54.72,0.05,51.98,4.79,UPI
ORD-103212,2023-09-07 20:00:00,CUST-1721,Customer 856,41,Male,East,Corporate,Office Supplies,Pen Set,4,8.01,0.05,30.44,5.93,UPI
ORD-103213,2024-12-05 17:00:00,CUST-1726,Customer 528,21,Male,West,Consumer,Office Supplies,Printer Paper,5,19.79,0.0,98.95,15.86,Credit Card
ORD-103214,2024-02-15 08:00:00,CUST-1658,Customer 503,24,Male,Central,Corporate,Electronics,Laptop,7,902.3,0.0,6316.1,1622.61,Cash
ORD-103215,2023-07-13 17:00:00,CUST-1140,Customer 523,28,Male,West,Corporate,Electronics,Smartphone,4,592.53,0.1,2133.11,384.36,UPI
ORD-103216,2023-01-04 15:00:00,CUST-1074,Customer 244,29,Female,West,Home Office,Home & Kitchen,Towel Pack,4,19.47,0.0,77.88,24.96,UPI
ORD-103217,2023-11-10 19:00:00,CUST-1431,Customer 334,43,Female,Central,Corporate,Office Supplies,Notebook,6,4.56,0.15,23.26,4.21,Net Banking
ORD-103218,2024-12-20 14:00:00,CUST-1566,Customer 284,62,Male,East,Consumer,Furniture,Desk,2,224.22,0.2,358.75,65.31,Credit Card
ORD-103219,2023-11-12 14:00:00,CUST-1661,Customer 796,39,Male,Central,Consumer,Clothing,T-Shirt,2,19.54,0.0,39.08,11.14,Cash
ORD-103220,2024-05-25 12:00:00,CUST-1637,Customer 327,35,Male,Central,Consumer,Furniture,Sofa,4,552.56,0.0,2210.24,528.93,Cash
ORD-103221,2023-07-04 12:00:00,CUST-1192,Customer 224,46,Male,Central,Consumer,Clothing,T-Shirt,1,15.41,0.2,12.33,1.84,Credit Card
ORD-103222,2024-07-20 16:00:00,CUST-1274,Customer 455,21,Male,West,Corporate,Furniture,Desk,1,253.17,0.0,253.17,66.51,UPI
ORD-103223,2024-07-20 18:00:00,CUST-1748,Customer 693,55,Female,West,Consumer,Home & Kitchen,Cookware Set,3,133.58,0.1,360.67,83.68,Cash
ORD-103224,2024-03-20 19:00:00,CUST-1566,Customer 338,20,Male,West,Consumer,Electronics,Smartphone,2,732.46,0.0,1464.92,158.35,UPI
ORD-103225,2024-07-17 18:00:00,CUST-1784,Customer 23,36,Male,Central,Consumer,Electronics,Smartphone,5,577.69,0.0,2888.45,595.49,Credit Card
ORD-103226,2024-02-27 15:00:00,CUST-1174,Customer 368,67,Female,Central,Corporate,Clothing,Hoodie,4,38.51,0.0,154.04,50.53,Credit Card
ORD-103227,2023-10-04 14:00:00,CUST-1212,Customer 754,39,Male,Central,Consumer,Electronics,Smartwatch,4,205.49,0.0,821.96,112.76,Credit Card
ORD-103228,2024-06-22 12:00:00,CUST-1524,Customer 774,56,Female,East,Consumer,Home & Kitchen,Blender,4,64.57,0.15,219.54,42.14,Credit Card
ORD-103229,2024-09-01 17:00:00,CUST-1378,Customer 682,32,Female,Central,Corporate,Office Supplies,Binder,1,7.18,0.0,7.18,1.11,UPI
ORD-103230,2024-09-05 12:00:00,CUST-1782,Customer 475,62,Male,West,Consumer,Electronics,Headphones,3,79.67,0.0,239.01,53.77,UPI
ORD-103231,2023-06-05 11:00:00,CUST-1008,Customer 881,35,Female,East,Corporate,Electronics,Laptop,1,882.92,0.05,838.77,287.93,UPI
ORD-103232,2024-05-08 19:00:00,CUST-1498,Customer 96,29,Male,East,Home Office,Home & Kitchen,Storage Box,3,14.56,0.2,34.94,5.72,UPI
ORD-103233,2023-01-04 15:00:00,CUST-1768,Customer 109,20,Male,South,Consumer,Office Supplies,Pen Set,5,8.74,0.0,43.7,13.32,UPI
ORD-103234,2024-02-22 12:00:00,CUST-1425,Customer 641,33,Female,Central,Home Office,Home & Kitchen,Coffee Maker,7,80.02,0.1,504.13,154.44,Net Banking
ORD-103235,2024-02-21 19:00:00,CUST-1109,Customer 723,48,Female,South,Corporate,Electronics,Laptop,3,960.1,0.0,2880.3,432.17,Cash
ORD-103236,2023-09-23 20:00:00,CUST-1048,Customer 189,21,Male,West,Consumer,Home & Kitchen,Storage Box,2,15.54,0.1,27.97,8.07,UPI
ORD-103237,2024-12-26 12:00:00,CUST-1342,Customer 278,26,Male,South,Consumer,Office Supplies,Pen Set,5,9.5,0.1,42.75,14.83,Credit Card
ORD-103238,2024-10-06 14:00:00,CUST-1609,Customer 207,36,Female,West,Consumer,Office Supplies,Stapler,7,10.71,0.15,63.72,21.51,Net Banking
ORD-103239,2023-01-29 14:00:00,CUST-1538,Customer 223,55,Female,Central,Consumer,Furniture,Desk,3,225.04,0.05,641.36,156.2,Net Banking
ORD-103240,2023-06-02 17:00:00,CUST-1083,Customer 18,49,Female,East,Consumer,Electronics,Tablet,6,355.0,0.15,1810.5,219.02,Net Banking
ORD-103241,2023-06-01 20:00:00,CUST-1520,Customer 185,20,Female,Central,Home Office,Home & Kitchen,Towel Pack,3,22.83,0.0,68.49,7.69,UPI
ORD-103242,2024-10-17 15:00:00,CUST-1727,Customer 620,19,Female,Central,Consumer,Home & Kitchen,Cookware Set,5,133.83,0.1,602.24,91.57,Credit Card
ORD-103243,2024-01-14 18:00:00,CUST-1522,Customer 646,21,Female,East,Home Office,Furniture,Desk,2,233.94,0.1,421.09,102.05,UPI
ORD-103244,2024-06-16 15:00:00,CUST-1206,Customer 790,35,Male,East,Corporate,Home & Kitchen,Towel Pack,2,19.29,0.0,38.58,7.11,Credit Card
ORD-103245,2024-08-14 19:00:00,CUST-1013,Customer 848,32,Male,West,Consumer,Electronics,Headphones,7,73.04,0.15,434.59,116.79,Credit Card
ORD-103246,2024-07-14 13:00:00,CUST-1450,Customer 191,24,Female,East,Corporate,Electronics,Tablet,3,352.34,0.1,951.32,278.45,UPI
ORD-103247,2023-03-07 13:00:00,CUST-1587,Customer 587,40,Female,Central,Corporate,Electronics,Smartwatch,1,207.69,0.15,176.54,22.72,Net Banking
ORD-103248,2023-04-13 13:00:00,CUST-1698,Customer 358,48,Female,West,Home Office,Furniture,Office Chair,6,144.19,0.0,865.14,280.68,UPI
ORD-103249,2023-10-16 20:00:00,CUST-1596,Customer 239,54,Female,South,Consumer,Electronics,Tablet,1,331.31,0.1,298.18,28.73,UPI
ORD-103250,2023-09-05 15:00:00,CUST-1372,Customer 615,69,Female,West,Consumer,Furniture,Office Chair,1,121.51,0.0,121.51,18.41,UPI
ORD-103251,2024-06-29 09:00:00,CUST-1436,Customer 360,53,Male,Central,Consumer,Electronics,Smartphone,6,697.54,0.2,3348.19,1004.44,Credit Card
ORD-103252,2023-04-25 08:00:00,CUST-1156,Customer 544,69,Female,Central,Consumer,Clothing,Jacket,3,76.8,0.0,230.4,29.86,Credit Card
ORD-103253,2023-09-29 14:00:00,CUST-1585,Customer 217,68,Female,Central,Consumer,Clothing,Jeans,1,46.74,0.05,44.4,6.19,UPI
ORD-103254,2023-06-22 18:00:00,CUST-1527,Customer 383,62,Female,West,Corporate,Clothing,Hoodie,7,40.57,0.0,283.99,97.53,Credit Card
ORD-103255,2023-05-18 14:00:00,CUST-1000,Customer 63,36,Female,West,Consumer,Electronics,Tablet,2,320.58,0.1,577.04,188.31,Credit Card
ORD-103256,2023-05-07 15:00:00,CUST-1244,Customer 33,20,Female,East,Home Office,Clothing,T-Shirt,5,17.04,0.0,85.2,25.51,UPI
ORD-103257,2023-05-23 18:00:00,CUST-1132,Customer 690,21,Male,Central,Corporate,Electronics,Smartphone,2,540.78,0.15,919.33,116.69,Credit Card
ORD-103258,2024-02-16 14:00:00,CUST-1778,Customer 800,63,Female,West,Consumer,Clothing,Jeans,5,49.39,0.15,209.91,31.25,Credit Card
ORD-103259,2023-10-27 19:00:00,CUST-1059,Customer 94,62,Female,West,Consumer,Office Supplies,Printer Paper,5,17.01,0.0,85.05,12.2,UPI
ORD-103260,2023-11-14 16:00:00,CUST-1415,Customer 605,34,Female,South,Corporate,Furniture,Bookshelf,6,85.9,0.1,463.86,60.8,Net Banking
ORD-103261,2023-12-16 17:00:00,CUST-1250,Customer 584,55,Female,Central,Consumer,Electronics,Smartwatch,3,227.57,0.05,648.57,221.82,Credit Card
ORD-103262,2024-06-24 18:00:00,CUST-1740,Customer 249,41,Male,East,Consumer,Clothing,T-Shirt,5,17.73,0.0,88.65,11.07,UPI
ORD-103263,2024-09-21 16:00:00,CUST-1162,Customer 386,21,Male,West,Consumer,Home & Kitchen,Cookware Set,6,123.45,0.0,740.7,208.59,UPI
ORD-103264,2024-01-20 08:00:00,CUST-1757,Customer 265,52,Male,Central,Consumer,Office Supplies,Pen Set,6,7.88,0.0,47.28,4.43,UPI
ORD-103265,2024-04-13 13:00:00,CUST-1148,Customer 66,22,Male,South,Corporate,Home & Kitchen,Coffee Maker,6,66.61,0.0,399.66,90.65,UPI
ORD-103266,2024-06-23 09:00:00,CUST-1032,Customer 739,24,Male,Central,Consumer,Home & Kitchen,Towel Pack,3,18.75,0.05,53.44,5.3,UPI
ORD-103267,2024-05-18 14:00:00,CUST-1335,Customer 272,42,Male,West,Consumer,Electronics,Laptop,4,976.83,0.05,3711.95,358.85,Net Banking
ORD-103268,2023-04-09 09:00:00,CUST-1397,Customer 476,21,Male,South,Corporate,Clothing,T-Shirt,7,18.28,0.0,127.96,18.19,Credit Card
ORD-103269,2024-12-18 14:00:00,CUST-1498,Customer 68,35,Male,East,Corporate,Furniture,Bookshelf,2,99.18,0.2,158.69,52.35,Cash
ORD-103270,2023-05-01 12:00:00,CUST-1419,Customer 38,57,Female,East,Consumer,Office Supplies,Printer Paper,5,21.34,0.0,106.7,26.94,Credit Card
ORD-103271,2023-10-28 08:00:00,CUST-1434,Customer 566,49,Female,East,Consumer,Electronics,Headphones,6,68.08,0.15,347.21,88.84,Cash
ORD-103272,2024-04-21 09:00:00,CUST-1246,Customer 374,20,Male,West,Consumer,Home & Kitchen,Blender,4,59.74,0.1,215.06,34.49,UPI
ORD-103273,2023-10-22 14:00:00,CUST-1669,Customer 600,29,Other,West,Consumer,Clothing,Sneakers,7,75.78,0.1,477.41,131.47,UPI
ORD-103274,2023-06-27 09:00:00,CUST-1437,Customer 793,69,Male,East,Consumer,Electronics,Smartphone,3,626.38,0.05,1785.18,471.32,UPI
ORD-103275,2024-11-05 19:00:00,CUST-1315,Customer 805,67,Female,East,Corporate,Furniture,Sofa,6,550.26,0.0,3301.56,675.68,UPI
ORD-103276,2023-02-22 17:00:00,CUST-1062,Customer 68,65,Female,East,Consumer,Furniture,Desk,5,192.51,0.15,818.17,216.25,Credit Card
ORD-103277,2023-06-29 17:00:00,CUST-1326,Customer 258,44,Female,South,Home Office,Clothing,Hoodie,1,47.85,0.1,43.07,13.53,UPI
ORD-103278,2024-12-25 10:00:00,CUST-1352,Customer 185,40,Female,Central,Consumer,Home & Kitchen,Coffee Maker,6,73.73,0.1,398.14,135.09,UPI
ORD-103279,2024-06-16 18:00:00,CUST-1008,Customer 159,57,Male,Central,Consumer,Furniture,Lamp,5,34.59,0.0,172.95,60.37,Credit Card
ORD-103280,2023-03-05 16:00:00,CUST-1645,Customer 412,67,Female,Central,Home Office,Office Supplies,Pen Set,2,6.85,0.05,13.01,2.76,Credit Card
ORD-103281,2024-07-04 13:00:00,CUST-1608,Customer 427,24,Female,Central,Home Office,Office Supplies,Printer Paper,5,19.0,0.0,95.0,8.44,Credit Card
ORD-103282,2024-12-08 08:00:00,CUST-1188,Customer 871,64,Female,East,Consumer,Furniture,Bookshelf,4,92.09,0.05,349.94,49.65,Cash
ORD-103283,2023-03-13 14:00:00,CUST-1481,Customer 733,50,Male,South,Consumer,Office Supplies,Notebook,7,3.7,0.1,23.31,3.1,Credit Card
ORD-103284,2023-10-30 18:00:00,CUST-1109,Customer 53,25,Female,West,Corporate,Electronics,Laptop,3,868.41,0.0,2605.23,419.82,UPI
ORD-103285,2023-12-08 08:00:00,CUST-1100,Customer 509,62,Female,West,Corporate,Electronics,Headphones,2,68.36,0.0,136.72,24.25,Net Banking
ORD-103286,2023-04-06 08:00:00,CUST-1537,Customer 198,19,Female,South,Consumer,Furniture,Office Chair,1,167.97,0.0,167.97,43.76,Credit Card
ORD-103287,2023-05-27 12:00:00,CUST-1153,Customer 849,19,Female,East,Consumer,Home & Kitchen,Towel Pack,6,21.26,0.0,127.56,28.31,Credit Card
ORD-103288,2023-05-07 14:00:00,CUST-1737,Customer 229,37,Male,West,Consumer,Furniture,Office Chair,7,142.53,0.0,997.71,254.85,Net Banking
ORD-103289,2023-05-16 14:00:00,CUST-1136,Customer 80,46,Male,South,Corporate,Electronics,Headphones,5,89.97,0.0,449.85,154.03,UPI
ORD-103290,2023-10-22 13:00:00,CUST-1520,Customer 846,40,Female,West,Consumer,Clothing,Jeans,3,49.48,0.0,148.44,13.84,Credit Card
ORD-103291,2023-12-05 11:00:00,CUST-1326,Customer 647,30,Female,West,Consumer,Home & Kitchen,Blender,7,63.85,0.05,424.6,35.62,Credit Card
ORD-103292,2023-06-23 08:00:00,CUST-1060,Customer 629,52,Female,South,Home Office,Furniture,Desk,2,259.48,0.1,467.06,121.29,UPI
ORD-103293,2023-07-31 08:00:00,CUST-1030,Customer 597,42,Male,South,Home Office,Electronics,Headphones,5,73.3,0.0,366.5,83.37,Cash
ORD-103294,2023-05-21 09:00:00,CUST-1111,Customer 653,24,Female,South,Corporate,Clothing,Jeans,5,44.4,0.0,222.0,46.7,UPI
ORD-103295,2024-08-04 16:00:00,CUST-1622,Customer 219,60,Male,East,Consumer,Furniture,Desk,6,239.88,0.1,1295.35,402.07,Cash
ORD-103296,2023-06-04 18:00:00,CUST-1792,Customer 602,34,Female,South,Consumer,Office Supplies,Pen Set,7,6.93,0.0,48.51,5.96,Credit Card
ORD-103297,2024-10-24 13:00:00,CUST-1254,Customer 187,53,Female,Central,Corporate,Electronics,Smartphone,3,682.58,0.0,2047.74,480.97,UPI
ORD-103298,2024-01-29 09:00:00,CUST-1215,Customer 815,36,Male,Central,Corporate,Electronics,Headphones,1,68.14,0.05,64.73,21.47,Credit Card
ORD-103299,2024-08-08 13:00:00,CUST-1734,Customer 344,57,Female,East,Consumer,Furniture,Lamp,2,40.95,0.2,65.52,13.13,UPI
ORD-103300,2024-04-09 20:00:00,CUST-1326,Customer 838,32,Male,West,Consumer,Clothing,Jacket,6,82.6,0.0,495.6,117.25,Net Banking
ORD-103301,2023-07-14 11:00:00,CUST-1217,Customer 290,29,Female,East,Home Office,Furniture,Bookshelf,3,94.31,0.2,226.34,22.38,Credit Card
ORD-103302,2024-03-14 14:00:00,CUST-1442,Customer 168,21,Female,South,Consumer,Electronics,Smartwatch,1,190.02,0.0,190.02,33.12,UPI
ORD-103303,2023-07-20 14:00:00,CUST-1293,Customer 302,61,Male,West,Home Office,Office Supplies,Stapler,6,14.35,0.0,86.1,7.85,Credit Card
ORD-103304,2023-03-28 12:00:00,CUST-1240,Customer 499,55,Male,Central,Corporate,Clothing,Hoodie,5,44.31,0.0,221.55,51.96,Credit Card
ORD-103305,2023-07-05 13:00:00,CUST-1736,Customer 650,49,Female,East,Corporate,Electronics,Headphones,1,90.6,0.1,81.54,19.52,Credit Card
ORD-103306,2023-07-21 14:00:00,CUST-1584,Customer 22,49,Male,West,Consumer,Clothing,Jeans,5,51.25,0.05,243.44,81.97,UPI
ORD-103307,2023-04-09 14:00:00,CUST-1134,Customer 82,21,Male,West,Consumer,Office Supplies,Stapler,5,10.29,0.05,48.88,12.34,Net Banking
ORD-103308,2023-01-18 17:00:00,CUST-1473,Customer 252,39,Male,South,Home Office,Furniture,Sofa,7,417.19,0.2,2336.26,188.78,Credit Card
ORD-103309,2024-11-19 15:00:00,CUST-1676,Customer 673,62,Male,Central,Corporate,Home & Kitchen,Coffee Maker,7,64.36,0.05,427.99,130.53,Credit Card
ORD-103310,2024-01-10 08:00:00,CUST-1390,Customer 261,33,Male,East,Consumer,Home & Kitchen,Coffee Maker,7,75.55,0.0,528.85,89.38,Credit Card
ORD-103311,2023-10-21 08:00:00,CUST-1121,Customer 449,20,Female,West,Corporate,Furniture,Bookshelf,7,96.15,0.1,605.75,165.28,UPI
ORD-103312,2024-11-09 13:00:00,CUST-1388,Customer 891,61,Female,East,Consumer,Electronics,Tablet,6,327.69,0.0,1966.14,297.45,Credit Card
ORD-103313,2023-06-14 19:00:00,CUST-1396,Customer 157,19,Male,West,Corporate,Furniture,Desk,5,261.92,0.05,1244.12,354.9,Net Banking
ORD-103314,2023-10-22 08:00:00,CUST-1161,Customer 176,53,Female,West,Consumer,Electronics,Headphones,4,70.61,0.15,240.07,79.32,UPI
ORD-103315,2024-09-10 08:00:00,CUST-1699,Customer 602,61,Male,East,Consumer,Office Supplies,Printer Paper,6,20.19,0.05,115.08,11.67,UPI
ORD-103316,2024-04-06 16:00:00,CUST-1030,Customer 701,56,Male,East,Consumer,Home & Kitchen,Towel Pack,7,22.4,0.0,156.8,35.59,Credit Card
ORD-103317,2023-10-19 13:00:00,CUST-1127,Customer 337,18,Other,Central,Corporate,Home & Kitchen,Blender,1,54.81,0.05,52.07,11.76,UPI
ORD-103318,2023-07-06 10:00:00,CUST-1085,Customer 176,64,Female,West,Consumer,Furniture,Desk,1,188.97,0.0,188.97,29.73,Cash
ORD-103319,2023-01-26 10:00:00,CUST-1029,Customer 120,22,Female,East,Home Office,Furniture,Lamp,4,38.67,0.0,154.68,26.64,UPI
ORD-103320,2023-03-04 16:00:00,CUST-1231,Customer 874,62,Female,Central,Corporate,Electronics,Tablet,3,380.82,0.05,1085.34,284.97,UPI
ORD-103321,2023-04-29 14:00:00,CUST-1191,Customer 529,18,Female,West,Home Office,Office Supplies,Printer Paper,4,17.31,0.0,69.24,11.01,UPI
ORD-103322,2024-07-28 16:00:00,CUST-1649,Customer 340,43,Female,East,Consumer,Electronics,Laptop,3,876.3,0.0,2628.9,232.05,Net Banking
ORD-103323,2024-04-11 11:00:00,CUST-1209,Customer 288,63,Male,East,Consumer,Home & Kitchen,Cookware Set,6,127.47,0.05,726.58,209.02,Credit Card
ORD-103324,2023-11-13 14:00:00,CUST-1195,Customer 142,31,Male,West,Home Office,Home & Kitchen,Blender,7,53.83,0.0,376.81,93.75,Cash
ORD-103325,2024-07-25 19:00:00,CUST-1325,Customer 255,20,Male,Central,Consumer,Electronics,Smartphone,2,660.58,0.0,1321.16,195.03,Credit Card
ORD-103326,2023-04-28 12:00:00,CUST-1071,Customer 702,22,Female,East,Home Office,Clothing,Hoodie,6,40.08,0.2,192.38,65.34,UPI
ORD-103327,2023-06-03 13:00:00,CUST-1595,Customer 430,37,Female,South,Consumer,Office Supplies,Pen Set,1,9.26,0.0,9.26,2.99,UPI
ORD-103328,2023-10-14 10:00:00,CUST-1651,Customer 816,36,Male,West,Corporate,Clothing,T-Shirt,6,19.83,0.0,118.98,40.5,UPI
ORD-103329,2024-10-31 16:00:00,CUST-1038,Customer 468,29,Male,Central,Corporate,Office Supplies,Printer Paper,5,16.0,0.15,68.0,14.84,Credit Card
ORD-103330,2024-03-24 08:00:00,CUST-1508,Customer 545,41,Female,South,Corporate,Electronics,Smartwatch,5,214.67,0.0,1073.35,154.02,UPI
ORD-103331,2024-09-13 11:00:00,CUST-1457,Customer 632,35,Male,East,Corporate,Office Supplies,Printer Paper,4,17.43,0.15,59.26,7.52,Credit Card
ORD-103332,2023-07-01 17:00:00,CUST-1780,Customer 161,48,Female,Central,Consumer,Electronics,Tablet,1,400.33,0.05,380.31,127.82,UPI
ORD-103333,2024-09-11 08:00:00,CUST-1580,Customer 443,33,Female,West,Consumer,Office Supplies,Printer Paper,6,19.1,0.05,108.87,34.9,Credit Card
ORD-103334,2023-02-22 20:00:00,CUST-1724,Customer 782,34,Female,East,Consumer,Electronics,Smartwatch,1,163.33,0.0,163.33,45.74,UPI
ORD-103335,2023-06-16 13:00:00,CUST-1645,Customer 480,64,Male,Central,Home Office,Clothing,Hoodie,4,44.28,0.0,177.12,38.58,Credit Card
ORD-103336,2024-01-17 13:00:00,CUST-1488,Customer 225,58,Female,East,Consumer,Clothing,Jeans,2,40.31,0.1,72.56,13.34,Credit Card
ORD-103337,2023-02-06 14:00:00,CUST-1773,Customer 513,57,Male,South,Consumer,Electronics,Headphones,6,92.56,0.0,555.36,149.91,UPI
ORD-103338,2024-09-18 16:00:00,CUST-1490,Customer 597,37,Female,Central,Consumer,Furniture,Bookshelf,5,106.37,0.1,478.66,39.52,Credit Card
ORD-103339,2024-09-25 13:00:00,CUST-1660,Customer 834,64,Male,Central,Home Office,Clothing,Sneakers,4,92.93,0.1,334.55,74.12,UPI
ORD-103340,2024-01-31 19:00:00,CUST-1356,Customer 686,35,Female,Central,Home Office,Electronics,Headphones,3,82.92,0.1,223.88,58.93,Net Banking
ORD-103341,2023-08-12 20:00:00,CUST-1082,Customer 92,55,Female,South,Home Office,Office Supplies,Stapler,6,12.73,0.0,76.38,21.65,Net Banking
ORD-103342,2023-03-14 10:00:00,CUST-1529,Customer 526,57,Female,East,Consumer,Office Supplies,Notebook,2,4.0,0.1,7.2,1.45,UPI
ORD-103343,2024-03-27 17:00:00,CUST-1140,Customer 597,35,Male,Central,Corporate,Furniture,Sofa,6,422.04,0.1,2279.02,640.83,UPI
ORD-103344,2024-01-28 11:00:00,CUST-1406,Customer 670,50,Male,East,Consumer,Clothing,T-Shirt,7,21.15,0.0,148.05,15.68,UPI
ORD-103345,2024-07-08 20:00:00,CUST-1576,Customer 34,27,Female,East,Corporate,Office Supplies,Stapler,2,11.58,0.15,19.69,2.82,Credit Card
ORD-103346,2024-03-15 11:00:00,CUST-1699,Customer 254,37,Male,West,Home Office,Office Supplies,Stapler,5,11.51,0.0,57.55,6.85,Credit Card
ORD-103347,2023-04-04 11:00:00,CUST-1169,Customer 233,45,Male,West,Consumer,Electronics,Smartwatch,3,174.22,0.2,418.13,71.82,Credit Card
ORD-103348,2023-03-30 17:00:00,CUST-1717,Customer 180,52,Male,East,Consumer,Electronics,Headphones,7,95.79,0.0,670.53,115.96,Net Banking
ORD-103349,2024-07-24 18:00:00,CUST-1197,Customer 712,36,Female,Central,Consumer,Electronics,Laptop,7,1002.91,0.0,7020.37,1270.43,Credit Card
ORD-103350,2023-04-27 09:00:00,CUST-1628,Customer 414,55,Female,West,Consumer,Home & Kitchen,Cookware Set,3,116.68,0.05,332.54,68.43,Credit Card
ORD-103351,2024-11-16 15:00:00,CUST-1679,Customer 325,51,Female,South,Consumer,Home & Kitchen,Coffee Maker,2,65.87,0.0,131.74,26.06,Credit Card
ORD-103352,2023-03-19 12:00:00,CUST-1524,Customer 493,62,Female,Central,Consumer,Clothing,Jeans,1,50.93,0.0,50.93,10.82,Credit Card
ORD-103353,2024-06-15 15:00:00,CUST-1369,Customer 25,20,Female,South,Consumer,Electronics,Smartphone,5,618.71,0.0,3093.55,876.1,Credit Card
ORD-103354,2024-12-12 15:00:00,CUST-1469,Customer 210,44,Male,South,Consumer,Office Supplies,Notebook,7,4.75,0.1,29.92,3.54,UPI
ORD-103355,2023-11-19 20:00:00,CUST-1317,Customer 462,55,Male,South,Corporate,Clothing,Hoodie,2,46.62,0.0,93.24,16.29,UPI
ORD-103356,2023-02-11 20:00:00,CUST-1085,Customer 182,39,Female,East,Corporate,Office Supplies,Pen Set,6,8.93,0.05,50.9,4.07,Net Banking
ORD-103357,2024-10-01 16:00:00,CUST-1375,Customer 394,33,Female,East,Home Office,Electronics,Headphones,6,70.52,0.05,401.96,35.22,UPI
ORD-103358,2023-05-17 16:00:00,CUST-1016,Customer 289,48,Male,West,Consumer,Home & Kitchen,Storage Box,4,17.53,0.05,66.61,16.24,Cash
ORD-103359,2024-01-21 19:00:00,CUST-1205,Customer 834,42,Female,West,Corporate,Electronics,Smartphone,2,741.23,0.0,1482.46,469.23,UPI
ORD-103360,2024-12-19 10:00:00,CUST-1792,Customer 791,40,Male,South,Home Office,Electronics,Tablet,5,333.42,0.0,1667.1,271.06,Credit Card
ORD-103361,2024-06-27 17:00:00,CUST-1070,Customer 848,68,Male,West,Consumer,Home & Kitchen,Cookware Set,5,139.03,0.2,556.12,104.84,Cash
ORD-103362,2023-02-03 18:00:00,CUST-1045,Customer 341,39,Female,South,Corporate,Office Supplies,Binder,6,5.96,0.1,32.18,4.4,UPI
ORD-103363,2024-08-21 09:00:00,CUST-1781,Customer 251,29,Female,West,Home Office,Furniture,Bookshelf,4,107.1,0.15,364.14,43.17,Cash
ORD-103364,2023-04-28 19:00:00,CUST-1580,Customer 463,18,Male,South,Corporate,Office Supplies,Notebook,1,4.32,0.1,3.89,1.24,Credit Card
ORD-103365,2024-07-01 17:00:00,CUST-1233,Customer 738,24,Male,East,Consumer,Home & Kitchen,Storage Box,2,14.14,0.1,25.45,5.97,UPI
ORD-103366,2024-03-29 12:00:00,CUST-1089,Customer 724,45,Female,West,Consumer,Electronics,Tablet,3,346.01,0.2,830.42,224.48,Credit Card
ORD-103367,2023-07-30 14:00:00,CUST-1409,Customer 463,28,Other,South,Consumer,Clothing,Hoodie,4,34.7,0.05,131.86,41.95,Credit Card
ORD-103368,2023-11-06 14:00:00,CUST-1754,Customer 508,23,Male,West,Corporate,Furniture,Office Chair,3,138.36,0.15,352.82,84.28,UPI
ORD-103369,2023-03-28 19:00:00,CUST-1046,Customer 486,36,Male,Central,Corporate,Electronics,Tablet,7,397.93,0.0,2785.51,358.43,Cash
ORD-103370,2024-12-21 20:00:00,CUST-1798,Customer 418,30,Female,West,Consumer,Furniture,Desk,2,204.88,0.0,409.76,111.7,Net Banking
ORD-103371,2023-06-23 18:00:00,CUST-1119,Customer 103,45,Female,South,Consumer,Office Supplies,Binder,5,7.1,0.05,33.72,9.51,Cash
ORD-103372,2023-08-14 16:00:00,CUST-1779,Customer 301,20,Male,Central,Consumer,Electronics,Tablet,3,300.89,0.05,857.54,164.45,Cash
ORD-103373,2024-01-03 09:00:00,CUST-1081,Customer 753,68,Male,South,Corporate,Furniture,Office Chair,7,151.58,0.0,1061.06,261.59,Cash
ORD-103374,2024-05-05 19:00:00,CUST-1210,Customer 778,65,Female,West,Consumer,Office Supplies,Pen Set,7,9.5,0.05,63.18,13.32,UPI
ORD-103375,2024-01-04 09:00:00,CUST-1040,Customer 545,63,Male,Central,Consumer,Office Supplies,Pen Set,6,8.63,0.05,49.19,8.36,Cash
ORD-103376,2024-01-04 10:00:00,CUST-1355,Customer 880,26,Male,West,Corporate,Clothing,Jeans,6,52.41,0.15,267.29,69.91,Credit Card
ORD-103377,2024-03-01 08:00:00,CUST-1520,Customer 859,55,Male,West,Consumer,Clothing,Jacket,5,89.76,0.0,448.8,65.89,Net Banking
ORD-103378,2024-09-18 20:00:00,CUST-1110,Customer 451,18,Female,Central,Corporate,Furniture,Bookshelf,5,96.72,0.0,483.6,81.45,UPI
ORD-103379,2023-10-16 14:00:00,CUST-1013,Customer 704,55,Female,East,Consumer,Furniture,Sofa,4,539.42,0.1,1941.91,368.06,Credit Card
ORD-103380,2024-08-30 11:00:00,CUST-1106,Customer 189,59,Female,Central,Corporate,Office Supplies,Printer Paper,1,15.5,0.05,14.72,3.62,UPI
ORD-103381,2024-07-28 09:00:00,CUST-1365,Customer 420,32,Male,West,Corporate,Office Supplies,Pen Set,7,8.0,0.1,50.4,15.63,Cash
ORD-103382,2024-12-02 13:00:00,CUST-1410,Customer 373,42,Male,East,Consumer,Electronics,Laptop,7,808.26,0.0,5657.82,1391.98,UPI
ORD-103383,2024-10-28 17:00:00,CUST-1531,Customer 771,66,Other,Central,Consumer,Furniture,Sofa,4,546.46,0.0,2185.84,603.38,Credit Card
ORD-103384,2024-08-05 20:00:00,CUST-1756,Customer 375,28,Female,Central,Home Office,Electronics,Laptop,7,924.08,0.15,5498.28,874.32,UPI
ORD-103385,2023-06-30 15:00:00,CUST-1290,Customer 287,46,Male,Central,Corporate,Furniture,Office Chair,3,149.11,0.0,447.33,106.73,Cash
ORD-103386,2024-07-19 15:00:00,CUST-1469,Customer 346,33,Female,South,Consumer,Home & Kitchen,Towel Pack,1,25.87,0.05,24.58,2.66,UPI
ORD-103387,2024-06-21 18:00:00,CUST-1120,Customer 776,26,Male,West,Corporate,Office Supplies,Pen Set,6,7.05,0.0,42.3,8.68,Credit Card
ORD-103388,2023-07-31 19:00:00,CUST-1273,Customer 559,53,Male,South,Consumer,Furniture,Office Chair,4,165.74,0.0,662.96,176.52,UPI
ORD-103389,2024-05-09 11:00:00,CUST-1178,Customer 105,67,Male,Central,Corporate,Office Supplies,Pen Set,7,7.08,0.1,44.6,5.73,UPI
ORD-103390,2023-07-04 20:00:00,CUST-1150,Customer 24,47,Female,West,Corporate,Office Supplies,Stapler,2,11.66,0.0,23.32,7.55,Credit Card
ORD-103391,2024-01-17 14:00:00,CUST-1122,Customer 303,44,Female,Central,Consumer,Furniture,Lamp,4,37.47,0.0,149.88,28.87,Credit Card
ORD-103392,2024-08-04 20:00:00,CUST-1035,Customer 738,45,Female,East,Corporate,Furniture,Lamp,5,33.93,0.1,152.68,39.88,UPI
ORD-103393,2023-05-18 09:00:00,CUST-1236,Customer 781,26,Male,South,Consumer,Clothing,Sneakers,1,92.56,0.0,92.56,19.15,UPI
ORD-103394,2023-09-03 09:00:00,CUST-1042,Customer 140,28,Female,West,Consumer,Electronics,Tablet,7,381.27,0.0,2668.89,741.18,Net Banking
ORD-103395,2024-08-03 19:00:00,CUST-1285,Customer 22,56,Male,East,Consumer,Office Supplies,Stapler,5,13.68,0.05,64.98,15.45,Net Banking
ORD-103396,2023-11-28 16:00:00,CUST-1049,Customer 236,48,Male,Central,Home Office,Office Supplies,Stapler,2,10.95,0.0,21.9,2.48,UPI
ORD-103397,2024-12-02 10:00:00,CUST-1317,Customer 781,30,Female,East,Corporate,Clothing,Hoodie,6,36.55,0.05,208.33,68.68,UPI
ORD-103398,2023-01-06 19:00:00,CUST-1648,Customer 385,19,Female,East,Home Office,Home & Kitchen,Coffee Maker,7,60.78,0.0,425.46,109.86,Credit Card
ORD-103399,2024-06-10 09:00:00,CUST-1178,Customer 37,27,Male,East,Consumer,Clothing,Hoodie,3,40.87,0.0,122.61,25.44,UPI
ORD-103400,2024-08-17 16:00:00,CUST-1066,Customer 451,44,Male,South,Consumer,Office Supplies,Binder,5,5.39,0.0,26.95,7.08,UPI
ORD-103401,2024-11-01 10:00:00,CUST-1187,Customer 593,31,Female,East,Corporate,Electronics,Smartphone,6,596.14,0.15,3040.31,457.39,UPI
ORD-103402,2023-04-25 08:00:00,CUST-1341,Customer 88,56,Male,West,Consumer,Office Supplies,Printer Paper,2,20.59,0.0,41.18,11.84,Net Banking
ORD-103403,2024-12-19 18:00:00,CUST-1511,Customer 574,48,Female,West,Home Office,Clothing,Sneakers,4,100.47,0.15,341.6,65.26,Credit Card
ORD-103404,2023-10-14 19:00:00,CUST-1500,Customer 720,25,Female,South,Corporate,Home & Kitchen,Towel Pack,4,25.03,0.0,100.12,29.77,Credit Card
ORD-103405,2023-09-14 09:00:00,CUST-1018,Customer 52,33,Female,South,Home Office,Clothing,Jeans,3,38.26,0.0,114.78,17.68,UPI
ORD-103406,2023-09-17 09:00:00,CUST-1741,Customer 49,19,Male,South,Consumer,Electronics,Tablet,3,356.59,0.1,962.79,282.46,Credit Card
ORD-103407,2024-04-10 15:00:00,CUST-1353,Customer 754,20,Female,West,Consumer,Clothing,Jacket,5,68.12,0.0,340.6,110.63,Credit Card
ORD-103408,2024-04-26 08:00:00,CUST-1252,Customer 419,57,Female,West,Consumer,Home & Kitchen,Blender,6,53.98,0.05,307.69,106.1,UPI
ORD-103409,2023-12-12 17:00:00,CUST-1743,Customer 78,38,Female,South,Home Office,Clothing,T-Shirt,3,18.0,0.15,45.9,13.3,Credit Card
ORD-103410,2023-02-21 19:00:00,CUST-1148,Customer 122,63,Male,East,Consumer,Clothing,Sneakers,2,100.3,0.1,180.54,48.76,Credit Card
ORD-103411,2024-12-21 17:00:00,CUST-1609,Customer 766,30,Other,East,Corporate,Office Supplies,Stapler,6,12.86,0.05,73.3,16.15,Net Banking
ORD-103412,2023-06-12 10:00:00,CUST-1787,Customer 770,34,Male,South,Corporate,Office Supplies,Notebook,2,3.77,0.1,6.79,0.74,UPI
ORD-103413,2023-03-10 10:00:00,CUST-1266,Customer 884,44,Male,East,Home Office,Furniture,Bookshelf,1,96.75,0.0,96.75,22.36,Credit Card
ORD-103414,2024-03-12 16:00:00,CUST-1346,Customer 622,32,Male,West,Home Office,Electronics,Headphones,3,94.65,0.1,255.56,59.31,Cash
ORD-103415,2023-10-29 08:00:00,CUST-1438,Customer 605,41,Male,East,Corporate,Clothing,T-Shirt,6,15.67,0.0,94.02,9.16,Credit Card
ORD-103416,2024-03-25 14:00:00,CUST-1663,Customer 809,24,Male,East,Consumer,Home & Kitchen,Coffee Maker,6,79.49,0.0,476.94,127.09,Credit Card
ORD-103417,2024-10-01 13:00:00,CUST-1785,Customer 837,22,Female,South,Home Office,Home & Kitchen,Cookware Set,3,111.11,0.05,316.66,38.07,Net Banking
ORD-103418,2023-03-13 17:00:00,CUST-1450,Customer 24,62,Male,East,Corporate,Furniture,Sofa,4,433.72,0.0,1734.88,418.25,Cash
ORD-103419,2023-07-27 10:00:00,CUST-1573,Customer 563,30,Male,West,Corporate,Electronics,Smartwatch,7,221.27,0.1,1394.0,289.41,Credit Card
ORD-103420,2024-01-13 17:00:00,CUST-1685,Customer 681,23,Female,East,Consumer,Furniture,Office Chair,6,119.09,0.0,714.54,225.98,UPI
ORD-103421,2024-07-29 17:00:00,CUST-1471,Customer 882,32,Male,West,Corporate,Clothing,Sneakers,6,94.3,0.0,565.8,80.74,UPI
ORD-103422,2024-03-14 11:00:00,CUST-1628,Customer 49,39,Female,Central,Consumer,Office Supplies,Binder,1,5.28,0.05,5.02,0.63,Net Banking
ORD-103423,2023-10-07 12:00:00,CUST-1447,Customer 717,43,Female,Central,Corporate,Home & Kitchen,Blender,2,58.65,0.05,111.43,25.5,UPI
ORD-103424,2024-03-21 08:00:00,CUST-1438,Customer 499,57,Male,Central,Consumer,Furniture,Lamp,1,37.36,0.2,29.89,6.11,UPI
ORD-103425,2024-12-16 13:00:00,CUST-1715,Customer 611,60,Male,West,Corporate,Office Supplies,Notebook,7,4.61,0.0,32.27,3.99,Credit Card
ORD-103426,2023-12-17 11:00:00,CUST-1295,Customer 899,33,Male,East,Consumer,Clothing,Sneakers,3,96.72,0.0,290.16,71.29,Credit Card
ORD-103427,2024-10-06 09:00:00,CUST-1155,Customer 890,29,Female,West,Consumer,Electronics,Smartphone,4,675.68,0.0,2702.72,877.22,Credit Card
ORD-103428,2024-07-23 15:00:00,CUST-1579,Customer 165,24,Male,South,Home Office,Home & Kitchen,Towel Pack,4,21.63,0.0,86.52,24.21,UPI
ORD-103429,2023-08-08 15:00:00,CUST-1462,Customer 435,26,Female,South,Corporate,Office Supplies,Binder,4,5.45,0.0,21.8,2.98,UPI
ORD-103430,2023-07-02 09:00:00,CUST-1448,Customer 372,19,Female,East,Consumer,Electronics,Tablet,1,364.65,0.1,328.18,47.38,Credit Card
ORD-103431,2024-07-16 10:00:00,CUST-1280,Customer 435,18,Female,South,Corporate,Electronics,Tablet,7,348.14,0.0,2436.98,561.83,Credit Card
ORD-103432,2023-06-01 09:00:00,CUST-1572,Customer 378,39,Female,South,Corporate,Home & Kitchen,Storage Box,3,14.04,0.15,35.8,9.41,UPI
ORD-103433,2023-09-03 16:00:00,CUST-1374,Customer 766,49,Male,South,Corporate,Office Supplies,Pen Set,7,9.48,0.05,63.04,21.71,Credit Card
ORD-103434,2023-06-21 12:00:00,CUST-1524,Customer 801,60,Female,South,Consumer,Clothing,Jacket,6,72.0,0.05,410.4,44.45,Net Banking
ORD-103435,2024-03-18 08:00:00,CUST-1031,Customer 607,34,Female,South,Home Office,Clothing,Sneakers,5,72.31,0.0,361.55,82.26,Cash
ORD-103436,2023-08-03 10:00:00,CUST-1745,Customer 581,33,Female,East,Consumer,Furniture,Office Chair,5,163.18,0.0,815.9,282.78,UPI
ORD-103437,2024-04-25 20:00:00,CUST-1634,Customer 130,52,Female,West,Corporate,Clothing,Jacket,7,78.9,0.0,552.3,60.72,Net Banking
ORD-103438,2024-11-13 11:00:00,CUST-1397,Customer 311,51,Male,South,Consumer,Home & Kitchen,Cookware Set,3,132.79,0.05,378.45,129.65,UPI
ORD-103439,2024-08-28 16:00:00,CUST-1147,Customer 277,53,Female,West,Corporate,Electronics,Tablet,3,307.17,0.05,875.43,179.28,UPI
ORD-103440,2024-11-23 14:00:00,CUST-1786,Customer 104,26,Female,Central,Consumer,Clothing,T-Shirt,5,17.85,0.0,89.25,24.43,UPI
ORD-103441,2023-01-18 10:00:00,CUST-1450,Customer 526,20,Female,West,Consumer,Furniture,Office Chair,2,150.61,0.0,301.22,58.68,Credit Card
ORD-103442,2023-11-29 11:00:00,CUST-1370,Customer 577,46,Female,East,Home Office,Furniture,Office Chair,6,131.3,0.2,630.24,193.54,Credit Card
ORD-103443,2023-06-10 08:00:00,CUST-1738,Customer 15,39,Female,South,Home Office,Furniture,Bookshelf,1,98.6,0.0,98.6,32.07,UPI
ORD-103444,2024-11-01 17:00:00,CUST-1725,Customer 415,31,Female,West,Home Office,Home & Kitchen,Cookware Set,7,111.81,0.0,782.67,97.83,Credit Card
ORD-103445,2024-06-03 12:00:00,CUST-1205,Customer 459,68,Male,West,Corporate,Electronics,Headphones,3,73.86,0.0,221.58,62.43,Cash
ORD-103446,2023-08-22 14:00:00,CUST-1538,Customer 411,26,Male,East,Consumer,Furniture,Desk,1,187.9,0.0,187.9,16.08,Credit Card
ORD-103447,2024-02-16 09:00:00,CUST-1262,Customer 211,32,Male,South,Corporate,Clothing,Jeans,5,42.69,0.0,213.45,33.03,UPI
ORD-103448,2024-03-17 18:00:00,CUST-1030,Customer 22,56,Male,East,Consumer,Electronics,Headphones,2,74.91,0.05,142.33,32.61,UPI
ORD-103449,2023-12-28 10:00:00,CUST-1324,Customer 213,45,Female,South,Consumer,Clothing,T-Shirt,3,20.12,0.05,57.34,13.93,Credit Card
ORD-103450,2023-12-13 15:00:00,CUST-1192,Customer 888,30,Male,East,Consumer,Home & Kitchen,Towel Pack,4,23.09,0.05,87.74,15.67,Credit Card
ORD-103451,2023-02-10 19:00:00,CUST-1435,Customer 805,45,Female,South,Consumer,Electronics,Laptop,5,775.4,0.0,3877.0,593.25,UPI
ORD-103452,2023-11-27 17:00:00,CUST-1354,Customer 626,39,Female,West,Consumer,Electronics,Smartwatch,1,199.28,0.0,199.28,25.18,Credit Card
ORD-103453,2023-09-12 15:00:00,CUST-1184,Customer 254,31,Female,South,Consumer,Home & Kitchen,Cookware Set,1,111.47,0.1,100.32,14.52,Credit Card
ORD-103454,2024-08-20 19:00:00,CUST-1364,Customer 18,52,Male,Central,Corporate,Electronics,Tablet,4,339.63,0.0,1358.52,156.45,Credit Card
ORD-103455,2024-09-23 10:00:00,CUST-1590,Customer 808,58,Other,East,Home Office,Electronics,Smartwatch,3,220.57,0.0,661.71,99.6,UPI
ORD-103456,2024-07-01 20:00:00,CUST-1495,Customer 385,21,Female,East,Consumer,Home & Kitchen,Cookware Set,5,132.21,0.05,628.0,189.5,Cash
ORD-103457,2023-01-23 15:00:00,CUST-1503,Customer 480,18,Female,Central,Consumer,Home & Kitchen,Towel Pack,6,23.71,0.1,128.03,20.18,Cash
ORD-103458,2024-09-06 13:00:00,CUST-1101,Customer 870,64,Male,Central,Consumer,Office Supplies,Notebook,5,3.79,0.0,18.95,6.16,Credit Card
ORD-103459,2023-10-17 11:00:00,CUST-1074,Customer 835,29,Female,West,Corporate,Office Supplies,Notebook,1,3.57,0.15,3.03,0.44,UPI
ORD-103460,2023-10-31 17:00:00,CUST-1507,Customer 497,22,Male,East,Consumer,Home & Kitchen,Cookware Set,7,133.62,0.0,935.34,199.07,Net Banking
ORD-103461,2024-11-20 20:00:00,CUST-1407,Customer 656,48,Male,South,Corporate,Office Supplies,Binder,6,6.29,0.2,30.19,3.78,UPI
ORD-103462,2024-09-25 16:00:00,CUST-1503,Customer 503,34,Male,Central,Consumer,Office Supplies,Binder,1,6.41,0.0,6.41,0.54,Net Banking
ORD-103463,2023-02-07 08:00:00,CUST-1287,Customer 373,65,Female,Central,Corporate,Clothing,Jeans,6,53.61,0.1,289.49,72.05,Cash
ORD-103464,2023-09-20 14:00:00,CUST-1085,Customer 216,67,Male,West,Corporate,Office Supplies,Pen Set,7,7.78,0.0,54.46,9.32,Credit Card
ORD-103465,2024-07-01 17:00:00,CUST-1280,Customer 32,18,Male,West,Consumer,Office Supplies,Binder,4,6.78,0.1,24.41,4.23,UPI
ORD-103466,2024-01-29 13:00:00,CUST-1515,Customer 847,27,Female,West,Home Office,Furniture,Bookshelf,6,94.11,0.05,536.43,101.97,Net Banking
ORD-103467,2023-07-08 18:00:00,CUST-1786,Customer 802,49,Male,East,Corporate,Office Supplies,Notebook,7,3.73,0.15,22.19,6.43,Credit Card
ORD-103468,2024-01-19 17:00:00,CUST-1456,Customer 354,35,Male,South,Consumer,Office Supplies,Pen Set,7,6.95,0.1,43.78,8.23,Credit Card
ORD-103469,2024-09-24 08:00:00,CUST-1324,Customer 636,18,Female,West,Corporate,Furniture,Lamp,7,37.3,0.05,248.04,25.63,Credit Card
ORD-103470,2023-06-13 15:00:00,CUST-1291,Customer 92,42,Female,West,Consumer,Furniture,Lamp,2,33.4,0.0,66.8,10.37,Credit Card
ORD-103471,2024-06-28 10:00:00,CUST-1019,Customer 122,50,Female,West,Home Office,Clothing,Hoodie,1,43.74,0.0,43.74,10.3,Credit Card
ORD-103472,2024-06-20 14:00:00,CUST-1156,Customer 774,69,Female,West,Consumer,Furniture,Office Chair,5,153.34,0.2,613.36,213.6,UPI
ORD-103473,2024-10-08 12:00:00,CUST-1283,Customer 841,39,Male,Central,Home Office,Electronics,Tablet,5,343.2,0.15,1458.6,173.06,Cash
ORD-103474,2023-08-06 18:00:00,CUST-1491,Customer 549,59,Male,Central,Corporate,Furniture,Office Chair,4,145.28,0.0,581.12,97.24,Credit Card
ORD-103475,2023-06-07 19:00:00,CUST-1479,Customer 440,40,Female,South,Corporate,Electronics,Tablet,2,363.56,0.0,727.12,153.5,Cash
ORD-103476,2024-02-04 13:00:00,CUST-1265,Customer 584,52,Female,East,Consumer,Clothing,Hoodie,7,40.56,0.0,283.92,95.13,Net Banking
ORD-103477,2024-01-23 14:00:00,CUST-1422,Customer 27,68,Male,South,Consumer,Furniture,Desk,3,254.56,0.0,763.68,83.45,UPI
ORD-103478,2023-10-26 16:00:00,CUST-1183,Customer 289,60,Male,South,Home Office,Furniture,Office Chair,6,122.72,0.0,736.32,216.72,Net Banking
ORD-103479,2024-07-22 16:00:00,CUST-1061,Customer 266,53,Female,South,Corporate,Clothing,Sneakers,5,101.4,0.1,456.3,125.57,UPI
ORD-103480,2024-08-06 16:00:00,CUST-1233,Customer 472,61,Female,East,Home Office,Electronics,Laptop,7,732.45,0.0,5127.15,834.38,Credit Card
ORD-103481,2023-06-29 18:00:00,CUST-1134,Customer 773,28,Male,West,Consumer,Electronics,Headphones,5,73.83,0.15,313.78,90.66,Credit Card
ORD-103482,2024-08-03 20:00:00,CUST-1428,Customer 77,59,Female,South,Corporate,Clothing,Jeans,5,49.41,0.2,197.64,46.49,UPI
ORD-103483,2023-06-18 18:00:00,CUST-1615,Customer 377,69,Female,Central,Home Office,Office Supplies,Stapler,6,10.56,0.0,63.36,8.0,Net Banking
ORD-103484,2023-10-25 09:00:00,CUST-1134,Customer 689,68,Female,East,Corporate,Clothing,Hoodie,1,37.67,0.05,35.79,5.62,Credit Card
ORD-103485,2023-01-20 14:00:00,CUST-1005,Customer 727,31,Male,South,Consumer,Clothing,Hoodie,5,36.16,0.05,171.76,28.97,UPI
ORD-103486,2023-09-06 13:00:00,CUST-1044,Customer 772,40,Male,South,Home Office,Home & Kitchen,Cookware Set,5,132.39,0.0,661.95,110.69,Cash
ORD-103487,2024-11-30 14:00:00,CUST-1184,Customer 363,53,Male,Central,Consumer,Electronics,Smartphone,6,652.63,0.1,3524.2,992.13,Net Banking
ORD-103488,2023-11-20 14:00:00,CUST-1132,Customer 851,21,Male,West,Corporate,Clothing,Hoodie,2,34.9,0.05,66.31,17.13,Net Banking
ORD-103489,2024-06-02 17:00:00,CUST-1784,Customer 121,53,Male,Central,Consumer,Clothing,Jacket,5,75.83,0.0,379.15,114.26,Credit Card
ORD-103490,2023-03-20 13:00:00,CUST-1189,Customer 735,32,Male,Central,Home Office,Electronics,Laptop,2,784.53,0.15,1333.7,290.63,Credit Card
ORD-103491,2024-04-08 11:00:00,CUST-1524,Customer 175,62,Male,West,Home Office,Home & Kitchen,Storage Box,1,19.02,0.0,19.02,3.32,Credit Card
ORD-103492,2023-09-29 13:00:00,CUST-1556,Customer 609,49,Female,Central,Home Office,Furniture,Lamp,5,31.07,0.0,155.35,15.27,Credit Card
ORD-103493,2024-06-27 19:00:00,CUST-1196,Customer 793,38,Male,East,Consumer,Home & Kitchen,Coffee Maker,1,74.15,0.2,59.32,17.47,Net Banking
ORD-103494,2024-11-08 12:00:00,CUST-1116,Customer 620,20,Male,East,Corporate,Office Supplies,Notebook,1,4.07,0.0,4.07,0.41,UPI
ORD-103495,2024-01-24 08:00:00,CUST-1155,Customer 163,54,Male,South,Consumer,Office Supplies,Notebook,4,4.21,0.0,16.84,2.72,Net Banking
ORD-103496,2023-03-17 20:00:00,CUST-1703,Customer 789,45,Male,West,Consumer,Electronics,Headphones,7,94.78,0.0,663.46,172.9,UPI
ORD-103497,2023-12-14 10:00:00,CUST-1333,Customer 841,50,Male,East,Corporate,Home & Kitchen,Coffee Maker,6,67.86,0.0,407.16,116.58,UPI
ORD-103498,2023-03-31 15:00:00,CUST-1005,Customer 438,18,Female,South,Consumer,Office Supplies,Printer Paper,1,20.02,0.0,20.02,1.97,Credit Card
ORD-103499,2023-11-25 18:00:00,CUST-1516,Customer 260,40,Male,Central,Consumer,Electronics,Smartwatch,1,191.26,0.05,181.7,44.35,UPI
ORD-103500,2023-02-14 11:00:00,CUST-1343,Customer 578,57,Female,South,Corporate,Electronics,Laptop,4,919.08,0.0,3676.32,430.23,Cash
ORD-103501,2024-04-12 12:00:00,CUST-1136,Customer 874,65,Male,West,Corporate,Clothing,Hoodie,4,39.12,0.05,148.66,42.29,UPI
ORD-103502,2023-08-15 11:00:00,CUST-1130,Customer 871,36,Male,Central,Consumer,Electronics,Laptop,1,790.07,0.0,790.07,218.9,Cash
ORD-103503,2023-05-28 09:00:00,CUST-1598,Customer 88,31,Male,East,Corporate,Office Supplies,Notebook,2,3.52,0.0,7.04,1.99,Cash
ORD-103504,2023-01-13 09:00:00,CUST-1250,Customer 125,54,Male,East,Home Office,Clothing,Sneakers,1,75.28,0.15,63.99,6.22,Credit Card
ORD-103505,2024-10-10 10:00:00,CUST-1033,Customer 494,29,Female,East,Consumer,Electronics,Smartwatch,4,225.3,0.1,811.08,187.4,Credit Card
ORD-103506,2024-09-03 13:00:00,CUST-1612,Customer 775,64,Female,West,Home Office,Office Supplies,Binder,5,6.76,0.1,30.42,4.41,UPI
ORD-103507,2024-08-15 14:00:00,CUST-1155,Customer 32,50,Female,Central,Corporate,Electronics,Headphones,3,74.86,0.0,224.58,48.03,UPI
ORD-103508,2023-02-12 08:00:00,CUST-1797,Customer 618,66,Male,East,Consumer,Home & Kitchen,Cookware Set,5,124.22,0.05,590.04,204.83,Credit Card
ORD-103509,2023-09-13 19:00:00,CUST-1472,Customer 231,27,Female,South,Consumer,Home & Kitchen,Towel Pack,2,24.2,0.1,43.56,4.55,Credit Card
ORD-103510,2024-12-10 16:00:00,CUST-1439,Customer 266,22,Female,South,Consumer,Furniture,Sofa,6,467.23,0.15,2382.87,572.83,Net Banking
ORD-103511,2024-02-27 08:00:00,CUST-1564,Customer 769,61,Male,East,Corporate,Office Supplies,Printer Paper,1,18.07,0.1,16.26,2.03,Cash
ORD-103512,2023-04-04 18:00:00,CUST-1177,Customer 260,33,Male,South,Corporate,Office Supplies,Pen Set,4,8.81,0.05,33.48,7.29,Credit Card
ORD-103513,2023-04-13 08:00:00,CUST-1537,Customer 169,35,Female,Central,Consumer,Home & Kitchen,Storage Box,3,14.87,0.0,44.61,9.84,UPI
ORD-103514,2023-07-12 15:00:00,CUST-1142,Customer 867,31,Male,West,Consumer,Furniture,Desk,4,227.53,0.0,910.12,184.92,Credit Card
ORD-103515,2024-12-10 14:00:00,CUST-1209,Customer 802,39,Female,West,Home Office,Office Supplies,Pen Set,4,7.39,0.0,29.56,7.47,Credit Card
ORD-103516,2023-05-04 14:00:00,CUST-1458,Customer 832,64,Male,Central,Consumer,Home & Kitchen,Coffee Maker,5,59.58,0.0,297.9,102.19,Credit Card
ORD-103517,2024-10-21 20:00:00,CUST-1308,Customer 531,53,Female,East,Consumer,Electronics,Smartphone,7,676.79,0.0,4737.53,1408.98,Credit Card
ORD-103518,2024-05-09 20:00:00,CUST-1721,Customer 236,21,Female,Central,Home Office,Office Supplies,Pen Set,4,8.78,0.0,35.12,11.9,Net Banking
ORD-103519,2024-11-03 11:00:00,CUST-1030,Customer 654,64,Male,East,Consumer,Electronics,Headphones,2,95.88,0.05,182.17,23.89,Credit Card
ORD-103520,2024-08-25 15:00:00,CUST-1079,Customer 685,40,Male,East,Corporate,Office Supplies,Printer Paper,4,16.44,0.05,62.47,21.75,UPI
ORD-103521,2023-08-31 20:00:00,CUST-1000,Customer 324,53,Female,West,Consumer,Furniture,Bookshelf,4,99.8,0.05,379.24,61.59,Net Banking
ORD-103522,2024-08-27 17:00:00,CUST-1725,Customer 522,37,Female,East,Consumer,Home & Kitchen,Storage Box,7,18.91,0.0,132.37,11.81,Credit Card
ORD-103523,2023-05-04 19:00:00,CUST-1333,Customer 886,22,Male,Central,Consumer,Furniture,Bookshelf,4,96.8,0.05,367.84,72.75,UPI
ORD-103524,2023-08-01 13:00:00,CUST-1703,Customer 516,39,Male,Central,Home Office,Electronics,Headphones,7,94.97,0.2,531.83,77.9,Credit Card
ORD-103525,2023-06-04 11:00:00,CUST-1434,Customer 744,35,Male,East,Corporate,Clothing,T-Shirt,5,21.56,0.0,107.8,30.81,Credit Card
ORD-103526,2023-04-08 14:00:00,CUST-1688,Customer 27,18,Male,South,Consumer,Clothing,Hoodie,5,45.22,0.15,192.18,19.89,Credit Card
ORD-103527,2023-03-07 18:00:00,CUST-1656,Customer 820,57,Female,West,Corporate,Clothing,T-Shirt,3,21.6,0.0,64.8,14.77,Cash
ORD-103528,2023-05-17 20:00:00,CUST-1078,Customer 868,62,Male,Central,Corporate,Clothing,T-Shirt,2,19.24,0.05,36.56,5.78,UPI
ORD-103529,2023-03-29 16:00:00,CUST-1770,Customer 132,65,Male,East,Consumer,Electronics,Tablet,1,348.15,0.05,330.74,44.92,Credit Card
ORD-103530,2023-10-05 17:00:00,CUST-1409,Customer 390,30,Male,East,Consumer,Office Supplies,Stapler,4,14.05,0.05,53.39,16.89,UPI
ORD-103531,2023-02-22 14:00:00,CUST-1479,Customer 240,50,Male,South,Consumer,Electronics,Laptop,7,969.71,0.15,5769.77,1264.66,Cash
ORD-103532,2023-02-14 12:00:00,CUST-1194,Customer 498,45,Male,South,Consumer,Electronics,Headphones,1,71.08,0.0,71.08,11.93,UPI
ORD-103533,2024-12-23 13:00:00,CUST-1653,Customer 757,49,Other,West,Corporate,Home & Kitchen,Cookware Set,7,114.71,0.1,722.67,203.4,Net Banking
ORD-103534,2023-03-06 14:00:00,CUST-1066,Customer 168,59,Female,West,Corporate,Clothing,T-Shirt,7,16.94,0.15,100.79,31.28,Cash
ORD-103535,2023-02-24 18:00:00,CUST-1104,Customer 602,37,Female,Central,Home Office,Electronics,Smartwatch,4,218.37,0.1,786.13,156.73,Credit Card
ORD-103536,2023-01-22 15:00:00,CUST-1182,Customer 116,32,Male,East,Corporate,Electronics,Smartwatch,3,177.01,0.0,531.03,68.59,Credit Card
ORD-103537,2023-04-07 18:00:00,CUST-1653,Customer 346,42,Female,South,Corporate,Home & Kitchen,Blender,5,52.6,0.0,263.0,91.65,UPI
ORD-103538,2024-01-21 08:00:00,CUST-1652,Customer 493,52,Female,East,Corporate,Electronics,Smartwatch,6,196.0,0.15,999.6,176.85,UPI
ORD-103539,2024-08-26 17:00:00,CUST-1202,Customer 418,40,Male,East,Home Office,Electronics,Smartphone,1,543.52,0.1,489.17,66.28,UPI
ORD-103540,2024-06-20 14:00:00,CUST-1439,Customer 109,33,Female,East,Corporate,Electronics,Smartwatch,4,225.42,0.2,721.34,77.83,UPI
ORD-103541,2024-02-28 20:00:00,CUST-1327,Customer 395,20,Male,West,Home Office,Electronics,Smartphone,1,633.56,0.0,633.56,71.87,Credit Card
ORD-103542,2023-03-04 14:00:00,CUST-1439,Customer 301,47,Female,South,Corporate,Furniture,Desk,5,201.66,0.1,907.47,303.66,Net Banking
ORD-103543,2024-07-19 14:00:00,CUST-1017,Customer 502,19,Male,Central,Consumer,Home & Kitchen,Cookware Set,1,113.37,0.1,102.03,34.24,UPI
ORD-103544,2023-01-28 09:00:00,CUST-1347,Customer 299,42,Female,East,Corporate,Furniture,Bookshelf,3,101.64,0.15,259.18,56.28,UPI
ORD-103545,2024-04-05 18:00:00,CUST-1374,Customer 440,50,Female,East,Corporate,Office Supplies,Pen Set,6,8.58,0.05,48.91,13.05,UPI
ORD-103546,2023-10-26 17:00:00,CUST-1011,Customer 858,41,Female,East,Consumer,Clothing,Hoodie,6,40.5,0.0,243.0,74.07,UPI
ORD-103547,2024-10-05 19:00:00,CUST-1521,Customer 409,44,Female,Central,Corporate,Office Supplies,Printer Paper,2,17.39,0.05,33.04,7.62,Net Banking
ORD-103548,2023-08-13 09:00:00,CUST-1306,Customer 659,32,Male,Central,Consumer,Clothing,Jacket,4,87.39,0.05,332.08,86.37,Credit Card
ORD-103549,2024-04-11 10:00:00,CUST-1201,Customer 295,30,Female,East,Consumer,Office Supplies,Pen Set,2,8.96,0.0,17.92,6.11,UPI
ORD-103550,2023-11-18 19:00:00,CUST-1628,Customer 606,61,Male,Central,Consumer,Office Supplies,Stapler,5,13.22,0.0,66.1,8.37,UPI
ORD-103551,2024-01-17 08:00:00,CUST-1646,Customer 404,64,Male,Central,Consumer,Office Supplies,Notebook,1,4.02,0.15,3.42,0.4,Net Banking
ORD-103552,2024-11-16 14:00:00,CUST-1202,Customer 560,26,Male,South,Corporate,Clothing,Hoodie,6,47.74,0.0,286.44,81.15,UPI
ORD-103553,2024-06-04 13:00:00,CUST-1740,Customer 160,28,Female,West,Corporate,Clothing,T-Shirt,1,19.77,0.0,19.77,5.34,Credit Card
ORD-103554,2023-10-30 20:00:00,CUST-1012,Customer 750,36,Female,West,Consumer,Clothing,Sneakers,5,84.85,0.05,403.04,52.48,UPI
ORD-103555,2023-11-23 19:00:00,CUST-1456,Customer 172,54,Male,East,Consumer,Electronics,Smartphone,3,735.44,0.2,1765.06,285.33,UPI
ORD-103556,2024-05-29 19:00:00,CUST-1568,Customer 153,21,Male,South,Consumer,Office Supplies,Printer Paper,2,20.94,0.05,39.79,10.55,Credit Card
ORD-103557,2023-09-10 11:00:00,CUST-1195,Customer 619,58,Male,East,Consumer,Clothing,Jeans,4,49.9,0.0,199.6,42.61,UPI
ORD-103558,2023-05-03 15:00:00,CUST-1293,Customer 267,18,Female,West,Corporate,Furniture,Office Chair,1,156.58,0.0,156.58,50.3,UPI
ORD-103559,2023-12-08 17:00:00,CUST-1564,Customer 868,61,Male,West,Corporate,Home & Kitchen,Storage Box,5,15.97,0.0,79.85,24.44,Credit Card
ORD-103560,2023-02-19 20:00:00,CUST-1290,Customer 613,20,Male,West,Consumer,Furniture,Sofa,5,493.23,0.0,2466.15,521.65,Credit Card
ORD-103561,2023-05-04 08:00:00,CUST-1235,Customer 191,61,Other,Central,Consumer,Electronics,Laptop,4,779.49,0.1,2806.16,729.75,Cash
ORD-103562,2023-11-04 20:00:00,CUST-1518,Customer 876,67,Other,Central,Home Office,Home & Kitchen,Blender,3,58.21,0.0,174.63,44.31,Credit Card
ORD-103563,2024-08-04 12:00:00,CUST-1130,Customer 821,59,Female,East,Home Office,Electronics,Headphones,4,78.36,0.0,313.44,32.87,Credit Card
ORD-103564,2024-07-24 09:00:00,CUST-1447,Customer 266,69,Male,Central,Corporate,Furniture,Lamp,7,34.01,0.15,202.36,39.44,UPI
ORD-103565,2023-07-10 16:00:00,CUST-1228,Customer 563,41,Female,South,Consumer,Furniture,Bookshelf,6,106.37,0.0,638.22,126.86,Credit Card
ORD-103566,2023-11-05 18:00:00,CUST-1255,Customer 397,51,Female,East,Consumer,Home & Kitchen,Blender,1,49.92,0.0,49.92,16.09,Credit Card
ORD-103567,2023-04-23 09:00:00,CUST-1351,Customer 857,50,Male,East,Consumer,Furniture,Sofa,3,547.44,0.05,1560.2,497.74,Net Banking
ORD-103568,2024-07-05 08:00:00,CUST-1586,Customer 865,18,Other,South,Consumer,Clothing,Jacket,1,71.14,0.0,71.14,6.8,UPI
ORD-103569,2023-06-29 19:00:00,CUST-1180,Customer 356,62,Male,West,Corporate,Clothing,Sneakers,2,73.1,0.0,146.2,45.06,Credit Card
ORD-103570,2024-08-06 20:00:00,CUST-1537,Customer 815,54,Male,West,Consumer,Office Supplies,Pen Set,6,6.91,0.2,33.17,8.13,Credit Card
ORD-103571,2024-09-06 10:00:00,CUST-1269,Customer 621,39,Female,West,Home Office,Home & Kitchen,Blender,6,55.01,0.1,297.05,25.07,Credit Card
ORD-103572,2024-05-18 19:00:00,CUST-1712,Customer 83,29,Female,West,Corporate,Clothing,T-Shirt,4,18.16,0.1,65.38,11.97,UPI
ORD-103573,2023-08-30 19:00:00,CUST-1316,Customer 489,52,Female,Central,Home Office,Furniture,Sofa,5,461.8,0.05,2193.55,701.46,Credit Card
ORD-103574,2024-11-26 20:00:00,CUST-1335,Customer 351,69,Male,Central,Home Office,Home & Kitchen,Towel Pack,3,23.85,0.0,71.55,12.64,Credit Card
ORD-103575,2024-05-15 10:00:00,CUST-1603,Customer 879,26,Female,West,Consumer,Office Supplies,Pen Set,4,8.16,0.1,29.38,7.72,Net Banking
ORD-103576,2024-04-16 15:00:00,CUST-1035,Customer 176,65,Female,East,Corporate,Electronics,Laptop,6,744.55,0.05,4243.93,987.69,UPI
ORD-103577,2024-09-17 20:00:00,CUST-1686,Customer 55,47,Female,West,Home Office,Electronics,Smartwatch,2,184.65,0.0,369.3,88.36,Cash
ORD-103578,2024-10-05 19:00:00,CUST-1266,Customer 128,59,Male,West,Consumer,Office Supplies,Notebook,3,3.54,0.0,10.62,2.23,UPI
ORD-103579,2023-02-26 15:00:00,CUST-1659,Customer 53,25,Female,Central,Consumer,Electronics,Laptop,1,741.22,0.05,704.16,148.04,Net Banking
ORD-103580,2024-10-05 10:00:00,CUST-1295,Customer 450,23,Female,Central,Consumer,Office Supplies,Stapler,2,11.07,0.0,22.14,7.17,Credit Card
ORD-103581,2024-07-12 09:00:00,CUST-1154,Customer 777,52,Male,South,Consumer,Furniture,Sofa,1,525.7,0.0,525.7,100.79,Credit Card
ORD-103582,2023-05-31 11:00:00,CUST-1085,Customer 444,32,Female,East,Corporate,Office Supplies,Binder,6,6.56,0.0,39.36,5.18,Credit Card
ORD-103583,2023-08-13 08:00:00,CUST-1647,Customer 49,37,Female,East,Consumer,Electronics,Smartwatch,6,218.78,0.05,1247.05,241.09,Credit Card
ORD-103584,2024-07-03 10:00:00,CUST-1019,Customer 776,50,Female,Central,Consumer,Clothing,Hoodie,3,44.59,0.0,133.77,37.17,Net Banking
ORD-103585,2023-06-08 08:00:00,CUST-1512,Customer 816,29,Male,Central,Corporate,Furniture,Sofa,5,497.96,0.05,2365.31,492.73,UPI
ORD-103586,2023-11-27 17:00:00,CUST-1483,Customer 685,35,Male,East,Home Office,Electronics,Tablet,2,326.2,0.0,652.4,181.15,Credit Card
ORD-103587,2024-05-17 15:00:00,CUST-1190,Customer 85,36,Female,South,Consumer,Furniture,Office Chair,1,119.28,0.05,113.32,16.4,Credit Card
ORD-103588,2024-04-19 14:00:00,CUST-1604,Customer 204,36,Male,Central,Corporate,Office Supplies,Notebook,4,4.31,0.0,17.24,4.09,UPI
ORD-103589,2024-10-26 18:00:00,CUST-1300,Customer 102,54,Male,West,Home Office,Office Supplies,Printer Paper,2,17.13,0.0,34.26,10.74,Credit Card
ORD-103590,2023-03-23 13:00:00,CUST-1636,Customer 596,25,Male,Central,Consumer,Office Supplies,Binder,6,5.63,0.05,32.09,7.15,Cash
ORD-103591,2023-08-04 13:00:00,CUST-1276,Customer 298,65,Male,Central,Corporate,Electronics,Smartwatch,2,226.33,0.05,430.03,108.34,Net Banking
ORD-103592,2024-12-19 10:00:00,CUST-1623,Customer 46,55,Female,West,Consumer,Home & Kitchen,Coffee Maker,6,63.77,0.0,382.62,100.74,Cash
ORD-103593,2024-02-20 13:00:00,CUST-1348,Customer 654,18,Other,East,Corporate,Furniture,Bookshelf,2,77.52,0.05,147.29,41.2,Credit Card
ORD-103594,2023-07-01 10:00:00,CUST-1367,Customer 668,47,Male,West,Home Office,Electronics,Laptop,1,1004.94,0.1,904.45,157.9,UPI
ORD-103595,2023-07-31 15:00:00,CUST-1675,Customer 519,26,Male,West,Consumer,Clothing,Jeans,4,43.07,0.0,172.28,42.94,UPI
ORD-103596,2023-09-05 20:00:00,CUST-1078,Customer 155,25,Male,Central,Home Office,Office Supplies,Printer Paper,2,17.78,0.05,33.78,6.5,Cash
ORD-103597,2024-02-09 14:00:00,CUST-1329,Customer 818,54,Female,West,Consumer,Office Supplies,Notebook,3,3.51,0.0,10.53,1.95,Credit Card
ORD-103598,2023-07-27 11:00:00,CUST-1034,Customer 359,30,Male,East,Home Office,Furniture,Bookshelf,3,89.23,0.1,240.92,50.18,UPI
ORD-103599,2024-03-29 16:00:00,CUST-1043,Customer 567,47,Female,Central,Corporate,Furniture,Desk,7,261.86,0.0,1833.02,348.48,UPI
ORD-103600,2023-11-22 18:00:00,CUST-1109,Customer 12,32,Female,East,Consumer,Office Supplies,Stapler,4,13.11,0.15,44.57,3.88,UPI
ORD-103601,2024-03-21 14:00:00,CUST-1589,Customer 536,34,Male,South,Home Office,Electronics,Smartwatch,6,193.01,0.05,1100.16,308.42,Credit Card
ORD-103602,2023-04-24 11:00:00,CUST-1627,Customer 803,52,Male,Central,Corporate,Furniture,Lamp,5,33.52,0.05,159.22,37.86,Credit Card
ORD-103603,2024-03-31 17:00:00,CUST-1629,Customer 513,51,Female,Central,Consumer,Home & Kitchen,Cookware Set,7,117.37,0.0,821.59,96.25,Cash
ORD-103604,2024-11-06 10:00:00,CUST-1793,Customer 253,19,Male,West,Corporate,Office Supplies,Binder,4,6.38,0.05,24.24,3.65,Credit Card
ORD-103605,2023-04-09 20:00:00,CUST-1457,Customer 366,63,Male,East,Consumer,Furniture,Sofa,7,450.75,0.0,3155.25,772.97,Credit Card
ORD-103606,2023-08-28 12:00:00,CUST-1158,Customer 239,48,Male,Central,Home Office,Electronics,Tablet,7,307.08,0.0,2149.56,472.61,UPI
ORD-103607,2024-05-21 12:00:00,CUST-1380,Customer 575,31,Female,East,Consumer,Clothing,Sneakers,7,92.96,0.0,650.72,179.16,Credit Card
ORD-103608,2024-03-26 17:00:00,CUST-1443,Customer 479,23,Female,Central,Consumer,Electronics,Headphones,5,92.35,0.05,438.66,93.04,UPI
ORD-103609,2024-05-07 08:00:00,CUST-1617,Customer 875,43,Female,East,Corporate,Electronics,Smartwatch,7,221.45,0.1,1395.14,429.78,Credit Card
ORD-103610,2024-02-13 10:00:00,CUST-1381,Customer 22,54,Male,Central,Corporate,Electronics,Smartphone,6,709.59,0.15,3618.91,365.19,UPI
ORD-103611,2024-05-13 09:00:00,CUST-1017,Customer 874,19,Female,East,Corporate,Clothing,Sneakers,3,88.04,0.0,264.12,64.86,Credit Card
ORD-103612,2024-03-20 13:00:00,CUST-1670,Customer 251,33,Female,East,Consumer,Office Supplies,Printer Paper,2,20.27,0.15,34.46,6.21,UPI
ORD-103613,2023-02-24 15:00:00,CUST-1467,Customer 100,67,Female,West,Corporate,Electronics,Smartwatch,2,223.1,0.1,401.58,65.4,UPI
ORD-103614,2024-07-02 10:00:00,CUST-1086,Customer 234,23,Female,Central,Consumer,Electronics,Laptop,5,729.45,0.15,3100.16,1037.88,Net Banking
ORD-103615,2023-11-23 12:00:00,CUST-1761,Customer 410,59,Female,East,Corporate,Office Supplies,Stapler,2,11.93,0.1,21.47,6.73,Credit Card
ORD-103616,2023-02-07 18:00:00,CUST-1360,Customer 674,30,Female,West,Consumer,Office Supplies,Printer Paper,2,16.59,0.0,33.18,4.3,Credit Card
ORD-103617,2023-10-26 20:00:00,CUST-1635,Customer 533,44,Male,Central,Home Office,Clothing,T-Shirt,5,21.58,0.15,91.71,8.76,Credit Card
ORD-103618,2023-11-14 08:00:00,CUST-1582,Customer 206,57,Male,West,Corporate,Electronics,Smartwatch,3,223.32,0.05,636.46,199.95,Credit Card
ORD-103619,2023-03-05 16:00:00,CUST-1220,Customer 644,69,Female,Central,Corporate,Clothing,Hoodie,5,45.23,0.1,203.54,25.59,Credit Card
ORD-103620,2024-12-28 08:00:00,CUST-1716,Customer 35,49,Male,East,Consumer,Home & Kitchen,Cookware Set,7,114.43,0.0,801.01,264.84,Net Banking
ORD-103621,2023-06-12 14:00:00,CUST-1734,Customer 271,29,Female,East,Home Office,Office Supplies,Binder,1,7.1,0.0,7.1,1.1,Credit Card
ORD-103622,2023-08-30 19:00:00,CUST-1752,Customer 864,22,Female,East,Corporate,Electronics,Tablet,5,292.48,0.0,1462.4,279.53,Credit Card
ORD-103623,2023-11-18 18:00:00,CUST-1161,Customer 884,56,Male,South,Home Office,Office Supplies,Stapler,6,10.99,0.05,62.64,5.77,Net Banking
ORD-103624,2024-08-30 11:00:00,CUST-1110,Customer 285,48,Female,East,Consumer,Furniture,Lamp,1,37.31,0.0,37.31,8.4,UPI
ORD-103625,2024-06-26 11:00:00,CUST-1437,Customer 374,58,Male,East,Corporate,Electronics,Tablet,6,383.37,0.15,1955.19,256.05,Credit Card
ORD-103626,2024-07-16 18:00:00,CUST-1197,Customer 318,69,Male,East,Corporate,Furniture,Office Chair,4,162.3,0.0,649.2,127.5,UPI
ORD-103627,2023-06-23 18:00:00,CUST-1499,Customer 257,61,Female,Central,Home Office,Home & Kitchen,Storage Box,5,15.28,0.0,76.4,25.08,UPI
ORD-103628,2024-09-09 11:00:00,CUST-1538,Customer 170,44,Female,West,Consumer,Furniture,Office Chair,1,138.15,0.0,138.15,20.47,Net Banking
ORD-103629,2024-08-28 08:00:00,CUST-1027,Customer 702,53,Male,Central,Consumer,Home & Kitchen,Cookware Set,4,121.1,0.0,484.4,121.79,Credit Card
ORD-103630,2023-12-05 13:00:00,CUST-1610,Customer 587,50,Male,West,Home Office,Office Supplies,Binder,3,5.16,0.0,15.48,2.08,UPI
ORD-103631,2024-02-03 16:00:00,CUST-1101,Customer 529,27,Female,Central,Consumer,Office Supplies,Printer Paper,2,20.74,0.1,37.33,9.13,UPI
ORD-103632,2023-01-28 13:00:00,CUST-1457,Customer 697,34,Female,South,Corporate,Electronics,Smartphone,6,600.33,0.2,2881.58,455.5,Net Banking
ORD-103633,2024-07-09 20:00:00,CUST-1435,Customer 814,22,Female,West,Consumer,Office Supplies,Printer Paper,4,16.56,0.0,66.24,17.49,UPI
ORD-103634,2024-12-02 18:00:00,CUST-1015,Customer 768,37,Male,South,Home Office,Electronics,Smartphone,7,615.8,0.0,4310.6,1241.75,Credit Card
ORD-103635,2023-12-11 18:00:00,CUST-1144,Customer 96,27,Male,South,Corporate,Office Supplies,Pen Set,2,8.79,0.1,15.82,5.03,Net Banking
ORD-103636,2024-01-30 08:00:00,CUST-1431,Customer 691,64,Female,East,Consumer,Electronics,Tablet,6,392.64,0.0,2355.84,772.76,UPI
ORD-103637,2023-12-31 19:00:00,CUST-1335,Customer 50,62,Male,West,Home Office,Furniture,Office Chair,5,129.55,0.1,582.98,84.62,UPI
ORD-103638,2023-03-02 17:00:00,CUST-1379,Customer 642,55,Female,Central,Consumer,Office Supplies,Binder,5,5.46,0.05,25.94,2.98,Credit Card
ORD-103639,2024-03-28 13:00:00,CUST-1564,Customer 848,38,Male,South,Consumer,Electronics,Headphones,3,94.43,0.15,240.8,22.42,Cash
ORD-103640,2024-06-10 15:00:00,CUST-1551,Customer 838,18,Female,Central,Home Office,Furniture,Office Chair,5,145.99,0.0,729.95,200.37,UPI
ORD-103641,2024-11-08 18:00:00,CUST-1500,Customer 401,46,Female,Central,Consumer,Home & Kitchen,Towel Pack,2,21.52,0.2,34.43,4.49,Net Banking
ORD-103642,2024-11-09 19:00:00,CUST-1589,Customer 873,19,Female,East,Consumer,Electronics,Laptop,6,781.8,0.2,3752.64,1110.95,UPI
ORD-103643,2023-12-26 15:00:00,CUST-1699,Customer 195,19,Female,South,Corporate,Furniture,Desk,4,263.63,0.0,1054.52,359.07,Credit Card
ORD-103644,2024-12-01 08:00:00,CUST-1168,Customer 828,26,Male,East,Consumer,Furniture,Desk,4,242.38,0.05,921.04,110.48,Cash
ORD-103645,2024-01-21 16:00:00,CUST-1736,Customer 669,43,Male,Central,Home Office,Furniture,Sofa,5,444.6,0.0,2223.0,347.9,Credit Card
ORD-103646,2024-04-13 16:00:00,CUST-1375,Customer 713,56,Female,East,Home Office,Clothing,Jeans,1,39.69,0.0,39.69,8.79,Credit Card
ORD-103647,2024-03-15 08:00:00,CUST-1741,Customer 897,39,Female,Central,Home Office,Electronics,Smartwatch,3,174.75,0.2,419.4,82.31,Net Banking
ORD-103648,2024-12-30 18:00:00,CUST-1510,Customer 690,58,Female,Central,Home Office,Office Supplies,Notebook,2,3.75,0.0,7.5,1.46,Net Banking
ORD-103649,2024-06-22 10:00:00,CUST-1313,Customer 898,45,Male,East,Home Office,Office Supplies,Printer Paper,7,16.0,0.0,112.0,15.53,Cash
ORD-103650,2023-03-29 19:00:00,CUST-1035,Customer 392,64,Male,Central,Consumer,Furniture,Sofa,3,446.58,0.0,1339.74,428.83,Credit Card
ORD-103651,2023-02-22 15:00:00,CUST-1097,Customer 866,37,Female,South,Corporate,Home & Kitchen,Coffee Maker,1,62.36,0.05,59.24,15.64,UPI
ORD-103652,2023-10-27 12:00:00,CUST-1497,Customer 732,33,Female,East,Home Office,Home & Kitchen,Storage Box,1,15.72,0.15,13.36,1.62,UPI
ORD-103653,2024-01-12 08:00:00,CUST-1533,Customer 141,21,Male,West,Corporate,Electronics,Headphones,7,81.61,0.05,542.71,44.07,UPI
ORD-103654,2024-05-03 08:00:00,CUST-1109,Customer 336,29,Female,East,Home Office,Furniture,Sofa,2,484.49,0.05,920.53,263.2,UPI
ORD-103655,2023-12-18 17:00:00,CUST-1735,Customer 765,20,Male,East,Home Office,Electronics,Laptop,1,969.19,0.0,969.19,81.68,UPI
ORD-103656,2024-01-11 12:00:00,CUST-1262,Customer 555,27,Male,South,Consumer,Electronics,Tablet,2,319.23,0.1,574.61,182.56,Credit Card
ORD-103657,2024-11-03 18:00:00,CUST-1615,Customer 112,67,Female,East,Consumer,Office Supplies,Pen Set,2,9.28,0.0,18.56,4.14,UPI
ORD-103658,2023-09-02 10:00:00,CUST-1618,Customer 536,46,Female,Central,Consumer,Office Supplies,Printer Paper,1,21.02,0.05,19.97,6.61,Credit Card
ORD-103659,2023-12-27 19:00:00,CUST-1557,Customer 321,49,Male,East,Home Office,Furniture,Office Chair,7,166.03,0.05,1104.1,318.42,Cash
ORD-103660,2024-02-11 20:00:00,CUST-1731,Customer 104,38,Female,East,Home Office,Electronics,Laptop,1,776.34,0.2,621.07,199.66,Net Banking
ORD-103661,2023-12-08 09:00:00,CUST-1642,Customer 161,51,Other,Central,Corporate,Electronics,Laptop,6,795.61,0.1,4296.29,1206.53,Credit Card
ORD-103662,2024-12-07 16:00:00,CUST-1131,Customer 186,47,Female,West,Consumer,Home & Kitchen,Storage Box,6,17.09,0.05,97.41,22.96,Net Banking
ORD-103663,2024-12-03 20:00:00,CUST-1327,Customer 321,65,Female,South,Consumer,Home & Kitchen,Coffee Maker,5,62.95,0.0,314.75,39.89,Cash
ORD-103664,2024-01-10 12:00:00,CUST-1456,Customer 805,59,Female,East,Consumer,Electronics,Tablet,1,299.19,0.0,299.19,82.72,Cash
ORD-103665,2023-11-25 08:00:00,CUST-1401,Customer 223,46,Male,Central,Corporate,Office Supplies,Stapler,6,10.51,0.05,59.91,14.37,Net Banking
ORD-103666,2024-03-05 19:00:00,CUST-1418,Customer 160,58,Female,Central,Home Office,Furniture,Office Chair,3,148.7,0.05,423.79,85.93,Credit Card
ORD-103667,2023-05-13 14:00:00,CUST-1159,Customer 807,50,Male,Central,Consumer,Clothing,Jacket,3,84.87,0.1,229.15,52.89,Cash
ORD-103668,2023-11-07 08:00:00,CUST-1777,Customer 442,69,Male,Central,Corporate,Office Supplies,Stapler,2,11.29,0.05,21.45,3.06,Credit Card
ORD-103669,2023-06-08 18:00:00,CUST-1537,Customer 888,45,Male,East,Home Office,Home & Kitchen,Coffee Maker,6,82.37,0.0,494.22,93.5,Net Banking
ORD-103670,2023-04-16 16:00:00,CUST-1643,Customer 276,62,Male,Central,Home Office,Electronics,Smartwatch,5,214.16,0.0,1070.8,121.57,UPI
ORD-103671,2023-03-11 08:00:00,CUST-1278,Customer 157,27,Female,West,Consumer,Furniture,Lamp,2,30.7,0.0,61.4,11.71,UPI
ORD-103672,2024-03-04 11:00:00,CUST-1531,Customer 774,26,Female,Central,Consumer,Home & Kitchen,Storage Box,3,15.88,0.1,42.88,8.84,Credit Card
ORD-103673,2023-01-01 08:00:00,CUST-1213,Customer 117,34,Male,East,Consumer,Electronics,Headphones,6,69.9,0.2,335.52,104.55,Credit Card
ORD-103674,2024-04-16 20:00:00,CUST-1472,Customer 664,60,Female,East,Consumer,Electronics,Tablet,7,397.91,0.05,2646.1,588.33,Credit Card
ORD-103675,2023-11-12 08:00:00,CUST-1200,Customer 148,63,Female,West,Consumer,Clothing,Hoodie,7,44.4,0.05,295.26,96.08,Credit Card
ORD-103676,2023-09-25 18:00:00,CUST-1746,Customer 766,38,Male,West,Corporate,Clothing,T-Shirt,1,19.63,0.05,18.65,6.37,UPI
ORD-103677,2024-07-15 14:00:00,CUST-1408,Customer 509,41,Female,East,Corporate,Office Supplies,Printer Paper,7,19.6,0.0,137.2,12.79,Credit Card
ORD-103678,2024-01-29 15:00:00,CUST-1393,Customer 126,43,Male,East,Consumer,Clothing,Sneakers,4,80.73,0.0,322.92,77.9,Net Banking
ORD-103679,2024-06-19 18:00:00,CUST-1431,Customer 793,28,Male,East,Corporate,Clothing,T-Shirt,6,21.18,0.0,127.08,20.43,Cash
ORD-103680,2024-06-01 19:00:00,CUST-1181,Customer 251,45,Female,East,Corporate,Electronics,Smartwatch,3,222.86,0.15,568.29,176.09,UPI
ORD-103681,2023-01-24 09:00:00,CUST-1660,Customer 671,61,Female,East,Consumer,Office Supplies,Binder,5,6.65,0.0,33.25,7.1,Net Banking
ORD-103682,2023-06-07 08:00:00,CUST-1227,Customer 167,57,Male,South,Consumer,Clothing,Jeans,2,45.64,0.05,86.72,8.77,UPI
ORD-103683,2024-02-21 09:00:00,CUST-1733,Customer 380,22,Male,South,Consumer,Home & Kitchen,Storage Box,4,13.86,0.0,55.44,7.65,Net Banking
ORD-103684,2024-12-13 16:00:00,CUST-1667,Customer 231,36,Female,West,Consumer,Electronics,Tablet,2,292.37,0.05,555.5,145.51,UPI
ORD-103685,2023-04-23 15:00:00,CUST-1247,Customer 863,51,Female,East,Corporate,Electronics,Smartwatch,3,170.69,0.0,512.07,51.97,UPI
ORD-103686,2023-03-19 09:00:00,CUST-1444,Customer 104,48,Female,West,Consumer,Clothing,Sneakers,3,89.97,0.2,215.93,39.38,Credit Card
ORD-103687,2024-11-17 11:00:00,CUST-1265,Customer 485,54,Male,South,Consumer,Electronics,Headphones,7,90.35,0.0,632.45,199.44,Cash
ORD-103688,2024-12-06 14:00:00,CUST-1110,Customer 243,56,Female,South,Consumer,Electronics,Headphones,5,94.56,0.15,401.88,35.32,Cash
ORD-103689,2023-05-03 17:00:00,CUST-1224,Customer 706,33,Female,East,Consumer,Clothing,Jacket,5,68.35,0.05,324.66,87.0,Credit Card
ORD-103690,2023-10-21 12:00:00,CUST-1695,Customer 497,42,Male,East,Corporate,Office Supplies,Stapler,2,11.36,0.0,22.72,5.96,Credit Card
ORD-103691,2024-04-02 20:00:00,CUST-1241,Customer 450,26,Female,West,Corporate,Furniture,Bookshelf,4,78.2,0.1,281.52,46.9,Net Banking
ORD-103692,2023-05-23 20:00:00,CUST-1742,Customer 725,55,Male,West,Corporate,Electronics,Tablet,4,406.7,0.05,1545.46,170.67,Net Banking
ORD-103693,2023-08-27 17:00:00,CUST-1582,Customer 599,41,Female,East,Corporate,Electronics,Smartwatch,6,213.43,0.0,1280.58,137.85,UPI
ORD-103694,2023-10-16 13:00:00,CUST-1357,Customer 591,36,Male,Central,Consumer,Clothing,Jeans,2,45.82,0.1,82.48,28.18,Credit Card
ORD-103695,2024-04-13 19:00:00,CUST-1503,Customer 339,57,Male,East,Consumer,Office Supplies,Stapler,1,12.62,0.05,11.99,3.15,UPI
ORD-103696,2023-08-13 17:00:00,CUST-1706,Customer 209,66,Female,East,Corporate,Electronics,Smartphone,4,648.99,0.05,2466.16,447.65,Credit Card
ORD-103697,2023-10-28 14:00:00,CUST-1062,Customer 48,64,Female,Central,Corporate,Furniture,Office Chair,6,131.46,0.1,709.88,216.55,Cash
ORD-103698,2023-07-31 13:00:00,CUST-1641,Customer 502,25,Male,Central,Corporate,Electronics,Smartphone,6,567.23,0.05,3233.21,348.87,Credit Card
ORD-103699,2024-07-08 18:00:00,CUST-1458,Customer 551,60,Female,East,Corporate,Electronics,Laptop,6,810.85,0.0,4865.1,555.94,Credit Card
ORD-103700,2023-04-22 15:00:00,CUST-1783,Customer 217,47,Other,Central,Corporate,Electronics,Tablet,3,318.41,0.0,955.23,127.37,UPI
ORD-103701,2023-06-18 10:00:00,CUST-1678,Customer 260,23,Male,East,Home Office,Office Supplies,Notebook,2,4.18,0.0,8.36,2.39,UPI
ORD-103702,2023-07-02 20:00:00,CUST-1716,Customer 52,38,Female,West,Corporate,Electronics,Smartphone,5,593.88,0.05,2820.93,537.11,Net Banking
ORD-103703,2024-10-23 08:00:00,CUST-1048,Customer 496,29,Male,East,Home Office,Furniture,Desk,1,243.13,0.0,243.13,61.63,UPI
ORD-103704,2024-11-20 17:00:00,CUST-1363,Customer 851,31,Female,East,Consumer,Office Supplies,Pen Set,7,8.39,0.0,58.73,8.38,Credit Card
ORD-103705,2024-01-01 16:00:00,CUST-1724,Customer 586,50,Male,East,Consumer,Furniture,Desk,5,227.98,0.1,1025.91,297.38,Credit Card
ORD-103706,2023-04-25 15:00:00,CUST-1216,Customer 64,38,Female,Central,Corporate,Electronics,Smartwatch,4,224.76,0.0,899.04,266.52,UPI
ORD-103707,2024-07-05 08:00:00,CUST-1205,Customer 407,54,Male,South,Consumer,Electronics,Tablet,2,327.37,0.0,654.74,125.43,Credit Card
ORD-103708,2023-12-26 14:00:00,CUST-1533,Customer 826,59,Male,East,Consumer,Electronics,Laptop,2,911.49,0.1,1640.68,223.96,UPI
ORD-103709,2024-09-12 19:00:00,CUST-1262,Customer 142,18,Female,East,Corporate,Furniture,Desk,7,187.0,0.1,1178.1,294.66,UPI
ORD-103710,2023-09-20 11:00:00,CUST-1470,Customer 235,60,Male,West,Corporate,Clothing,Jacket,1,83.09,0.1,74.78,11.15,UPI
ORD-103711,2024-12-30 16:00:00,CUST-1319,Customer 724,25,Female,West,Corporate,Electronics,Smartphone,1,636.05,0.0,636.05,76.35,Credit Card
ORD-103712,2024-08-12 19:00:00,CUST-1360,Customer 607,18,Male,South,Consumer,Clothing,Sneakers,3,78.45,0.05,223.58,55.06,Net Banking
ORD-103713,2023-06-13 20:00:00,CUST-1113,Customer 156,22,Female,East,Consumer,Clothing,Jeans,2,38.27,0.15,65.06,14.21,UPI
ORD-103714,2024-06-13 14:00:00,CUST-1666,Customer 7,20,Female,Central,Corporate,Electronics,Headphones,5,87.79,0.0,438.95,127.97,UPI
ORD-103715,2023-07-29 12:00:00,CUST-1078,Customer 117,35,Male,West,Consumer,Electronics,Headphones,1,86.56,0.0,86.56,13.76,UPI
ORD-103716,2023-09-13 17:00:00,CUST-1135,Customer 503,61,Female,South,Consumer,Electronics,Smartphone,6,671.39,0.0,4028.34,567.32,Credit Card
ORD-103717,2023-07-02 14:00:00,CUST-1192,Customer 286,53,Female,West,Corporate,Electronics,Smartwatch,6,190.59,0.15,972.01,245.86,Credit Card
ORD-103718,2024-05-13 16:00:00,CUST-1219,Customer 158,40,Female,East,Home Office,Office Supplies,Printer Paper,2,19.33,0.0,38.66,10.41,Net Banking
ORD-103719,2023-07-11 17:00:00,CUST-1004,Customer 53,67,Female,East,Consumer,Electronics,Headphones,5,84.0,0.05,399.0,76.45,UPI
ORD-103720,2024-04-11 17:00:00,CUST-1767,Customer 81,43,Male,Central,Consumer,Clothing,Jacket,5,70.02,0.05,332.6,66.33,Credit Card
ORD-103721,2024-03-01 11:00:00,CUST-1461,Customer 318,22,Male,West,Consumer,Office Supplies,Binder,6,6.19,0.2,29.71,3.37,Net Banking
ORD-103722,2024-07-02 17:00:00,CUST-1391,Customer 207,19,Male,Central,Consumer,Clothing,Hoodie,6,41.2,0.0,247.2,51.11,UPI
ORD-103723,2024-12-26 15:00:00,CUST-1107,Customer 682,44,Female,East,Corporate,Clothing,Hoodie,7,45.53,0.05,302.77,102.81,Credit Card
ORD-103724,2023-01-07 20:00:00,CUST-1506,Customer 679,29,Male,East,Consumer,Office Supplies,Notebook,1,4.01,0.2,3.21,0.36,Credit Card
ORD-103725,2024-12-23 16:00:00,CUST-1074,Customer 711,37,Male,West,Consumer,Home & Kitchen,Storage Box,5,16.04,0.0,80.2,18.71,Credit Card
ORD-103726,2023-03-21 19:00:00,CUST-1218,Customer 642,34,Male,East,Home Office,Home & Kitchen,Storage Box,6,19.11,0.05,108.93,9.26,UPI
ORD-103727,2024-01-20 20:00:00,CUST-1450,Customer 411,38,Female,South,Consumer,Furniture,Lamp,2,40.71,0.0,81.42,13.67,Net Banking
ORD-103728,2023-09-06 20:00:00,CUST-1786,Customer 166,68,Female,South,Corporate,Electronics,Smartwatch,2,177.61,0.0,355.22,101.42,Credit Card
ORD-103729,2024-04-11 17:00:00,CUST-1474,Customer 166,21,Male,East,Home Office,Furniture,Desk,1,257.09,0.0,257.09,59.94,Credit Card
ORD-103730,2024-06-10 15:00:00,CUST-1382,Customer 560,23,Female,Central,Consumer,Electronics,Smartwatch,7,170.67,0.0,1194.69,121.75,Credit Card
ORD-103731,2024-09-19 09:00:00,CUST-1527,Customer 876,32,Female,East,Consumer,Office Supplies,Stapler,7,13.78,0.0,96.46,19.48,UPI
ORD-103732,2023-10-21 13:00:00,CUST-1586,Customer 662,56,Female,South,Consumer,Furniture,Lamp,1,32.0,0.1,28.8,2.92,Cash
ORD-103733,2024-11-12 14:00:00,CUST-1403,Customer 741,31,Female,Central,Home Office,Office Supplies,Pen Set,2,7.99,0.05,15.18,2.75,Credit Card
ORD-103734,2023-08-24 18:00:00,CUST-1271,Customer 753,30,Male,West,Home Office,Clothing,Sneakers,4,101.52,0.0,406.08,116.8,Net Banking
ORD-103735,2023-05-29 15:00:00,CUST-1707,Customer 5,55,Male,Central,Consumer,Electronics,Smartwatch,7,167.95,0.05,1116.87,167.23,Credit Card
ORD-103736,2023-10-04 13:00:00,CUST-1243,Customer 819,49,Male,East,Corporate,Office Supplies,Binder,6,6.86,0.15,34.99,7.08,Cash
ORD-103737,2024-01-21 09:00:00,CUST-1099,Customer 546,51,Female,East,Consumer,Furniture,Office Chair,7,143.24,0.0,1002.68,215.67,UPI
ORD-103738,2024-05-02 17:00:00,CUST-1233,Customer 782,52,Male,East,Consumer,Clothing,Hoodie,6,35.55,0.0,213.3,66.21,UPI
ORD-103739,2024-08-30 13:00:00,CUST-1629,Customer 850,51,Male,West,Home Office,Office Supplies,Pen Set,5,9.47,0.0,47.35,5.34,Cash
ORD-103740,2023-06-14 08:00:00,CUST-1061,Customer 117,46,Female,East,Consumer,Electronics,Tablet,3,354.36,0.15,903.62,206.58,UPI
ORD-103741,2023-08-10 11:00:00,CUST-1328,Customer 836,45,Female,South,Consumer,Office Supplies,Notebook,5,4.63,0.1,20.84,1.84,Cash
ORD-103742,2024-11-16 19:00:00,CUST-1032,Customer 488,57,Male,West,Corporate,Electronics,Smartphone,4,715.6,0.05,2719.28,286.07,UPI
ORD-103743,2023-11-18 09:00:00,CUST-1722,Customer 360,35,Female,South,Home Office,Clothing,Sneakers,7,72.69,0.0,508.83,71.03,UPI
ORD-103744,2023-06-26 13:00:00,CUST-1264,Customer 871,34,Male,East,Home Office,Office Supplies,Stapler,4,11.31,0.05,42.98,11.79,Credit Card
ORD-103745,2024-12-20 14:00:00,CUST-1187,Customer 550,30,Female,South,Corporate,Furniture,Sofa,6,464.6,0.05,2648.22,241.25,UPI
ORD-103746,2023-11-24 09:00:00,CUST-1554,Customer 584,61,Female,Central,Corporate,Clothing,Jacket,2,77.79,0.0,155.58,52.15,Net Banking
ORD-103747,2024-12-20 10:00:00,CUST-1758,Customer 555,18,Male,Central,Corporate,Home & Kitchen,Blender,5,48.13,0.0,240.65,47.04,UPI
ORD-103748,2024-11-02 20:00:00,CUST-1042,Customer 568,28,Female,South,Home Office,Clothing,Sneakers,4,83.82,0.0,335.28,102.74,Cash
ORD-103749,2024-10-23 15:00:00,CUST-1693,Customer 657,25,Female,West,Corporate,Office Supplies,Stapler,4,13.62,0.05,51.76,7.24,Net Banking
ORD-103750,2024-02-29 10:00:00,CUST-1313,Customer 318,37,Other,Central,Corporate,Clothing,Jacket,6,68.3,0.2,327.84,56.13,Credit Card
ORD-103751,2024-08-05 10:00:00,CUST-1138,Customer 847,29,Male,South,Home Office,Furniture,Desk,4,241.0,0.0,964.0,266.35,UPI
ORD-103752,2024-12-02 13:00:00,CUST-1058,Customer 607,44,Male,East,Consumer,Clothing,Hoodie,1,40.44,0.15,34.37,6.27,Net Banking
ORD-103753,2023-07-16 17:00:00,CUST-1347,Customer 420,68,Male,East,Consumer,Clothing,Sneakers,3,74.35,0.05,211.9,45.99,Credit Card
ORD-103754,2023-01-28 17:00:00,CUST-1193,Customer 479,40,Female,South,Home Office,Electronics,Laptop,7,775.27,0.05,5155.55,1538.92,Credit Card
ORD-103755,2023-08-23 10:00:00,CUST-1194,Customer 56,68,Male,South,Home Office,Electronics,Laptop,7,764.46,0.15,4548.54,1163.5,Credit Card
ORD-103756,2024-04-09 17:00:00,CUST-1149,Customer 81,34,Male,West,Consumer,Electronics,Laptop,5,906.87,0.05,4307.63,1316.78,Net Banking
ORD-103757,2024-02-04 19:00:00,CUST-1113,Customer 650,57,Other,Central,Corporate,Electronics,Laptop,5,748.48,0.0,3742.4,386.78,Net Banking
ORD-103758,2023-02-28 10:00:00,CUST-1628,Customer 341,25,Male,South,Home Office,Furniture,Sofa,2,546.27,0.0,1092.54,266.78,Net Banking
ORD-103759,2024-02-14 08:00:00,CUST-1310,Customer 851,49,Male,West,Consumer,Electronics,Smartwatch,6,215.14,0.1,1161.76,281.52,UPI
ORD-103760,2023-05-08 20:00:00,CUST-1640,Customer 384,57,Female,East,Consumer,Office Supplies,Stapler,5,10.54,0.05,50.06,12.21,UPI
ORD-103761,2024-01-05 14:00:00,CUST-1428,Customer 783,52,Male,West,Consumer,Electronics,Headphones,1,92.87,0.0,92.87,22.19,Credit Card
ORD-103762,2024-02-25 18:00:00,CUST-1062,Customer 647,66,Female,West,Consumer,Electronics,Tablet,7,403.14,0.05,2680.88,738.41,Net Banking
ORD-103763,2024-04-09 12:00:00,CUST-1321,Customer 23,49,Male,East,Consumer,Office Supplies,Binder,6,5.19,0.0,31.14,9.59,Net Banking
ORD-103764,2023-10-29 11:00:00,CUST-1069,Customer 300,48,Male,South,Consumer,Furniture,Bookshelf,1,106.44,0.0,106.44,15.11,UPI
ORD-103765,2023-10-26 10:00:00,CUST-1265,Customer 794,51,Male,Central,Corporate,Furniture,Bookshelf,3,85.3,0.1,230.31,24.93,Credit Card
ORD-103766,2024-05-10 10:00:00,CUST-1658,Customer 712,36,Female,Central,Consumer,Clothing,Jacket,6,81.2,0.0,487.2,48.71,Net Banking
ORD-103767,2024-06-30 14:00:00,CUST-1262,Customer 133,29,Male,Central,Consumer,Home & Kitchen,Storage Box,6,14.58,0.0,87.48,10.74,Net Banking
ORD-103768,2024-08-12 09:00:00,CUST-1190,Customer 208,65,Male,East,Corporate,Office Supplies,Printer Paper,2,20.45,0.0,40.9,10.52,Net Banking
ORD-103769,2023-09-01 18:00:00,CUST-1128,Customer 880,68,Other,Central,Consumer,Electronics,Smartphone,1,709.7,0.15,603.24,116.1,UPI
ORD-103770,2023-11-06 14:00:00,CUST-1106,Customer 420,66,Female,Central,Home Office,Electronics,Tablet,7,405.42,0.0,2837.94,494.83,Credit Card
ORD-103771,2023-08-30 19:00:00,CUST-1178,Customer 667,57,Female,Central,Consumer,Home & Kitchen,Coffee Maker,7,83.82,0.0,586.74,191.09,Credit Card
ORD-103772,2024-01-21 14:00:00,CUST-1727,Customer 438,29,Female,East,Home Office,Office Supplies,Printer Paper,6,15.78,0.0,94.68,30.59,UPI
ORD-103773,2023-04-03 11:00:00,CUST-1423,Customer 114,30,Male,South,Consumer,Clothing,Hoodie,5,43.21,0.0,216.05,48.72,Net Banking
ORD-103774,2023-11-10 14:00:00,CUST-1626,Customer 508,34,Female,East,Home Office,Office Supplies,Binder,5,5.67,0.0,28.35,5.78,Credit Card
ORD-103775,2023-05-18 10:00:00,CUST-1127,Customer 91,44,Female,West,Consumer,Electronics,Laptop,4,759.86,0.0,3039.44,465.09,UPI
ORD-103776,2024-01-24 18:00:00,CUST-1487,Customer 831,30,Female,West,Home Office,Furniture,Desk,5,198.46,0.0,992.3,202.6,Net Banking
ORD-103777,2024-09-12 17:00:00,CUST-1663,Customer 250,59,Male,South,Consumer,Clothing,Sneakers,3,100.11,0.05,285.31,54.48,Credit Card
ORD-103778,2024-12-20 09:00:00,CUST-1620,Customer 751,22,Female,West,Corporate,Home & Kitchen,Blender,1,59.91,0.0,59.91,4.91,UPI
ORD-103779,2023-11-22 15:00:00,CUST-1588,Customer 207,65,Male,East,Consumer,Electronics,Laptop,3,737.51,0.0,2212.53,630.16,Cash
ORD-103780,2023-02-11 14:00:00,CUST-1601,Customer 66,41,Male,South,Consumer,Office Supplies,Pen Set,3,9.56,0.1,25.81,5.12,UPI
ORD-103781,2023-06-16 10:00:00,CUST-1791,Customer 4,37,Female,South,Consumer,Electronics,Headphones,3,90.62,0.0,271.86,38.11,UPI
ORD-103782,2023-03-18 09:00:00,CUST-1309,Customer 97,41,Male,East,Corporate,Home & Kitchen,Blender,4,52.7,0.0,210.8,54.78,Cash
ORD-103783,2024-07-08 17:00:00,CUST-1253,Customer 801,43,Male,South,Corporate,Electronics,Laptop,1,862.58,0.2,690.06,138.61,Credit Card
ORD-103784,2024-12-19 11:00:00,CUST-1075,Customer 90,46,Male,South,Corporate,Clothing,Jeans,3,49.69,0.05,141.62,23.33,UPI
ORD-103785,2024-02-09 14:00:00,CUST-1145,Customer 114,34,Male,East,Consumer,Electronics,Headphones,4,86.93,0.05,330.33,47.01,Net Banking
ORD-103786,2023-05-10 11:00:00,CUST-1323,Customer 197,33,Male,Central,Consumer,Office Supplies,Stapler,2,12.14,0.05,23.07,2.21,Credit Card
ORD-103787,2023-01-16 16:00:00,CUST-1060,Customer 890,37,Female,East,Corporate,Office Supplies,Printer Paper,4,18.53,0.2,59.3,12.8,Credit Card
ORD-103788,2024-12-13 08:00:00,CUST-1605,Customer 731,26,Female,South,Consumer,Furniture,Lamp,5,30.28,0.0,151.4,27.46,Credit Card
ORD-103789,2023-08-19 12:00:00,CUST-1279,Customer 238,29,Female,East,Consumer,Clothing,T-Shirt,3,18.45,0.0,55.35,5.03,UPI
ORD-103790,2023-03-23 15:00:00,CUST-1258,Customer 388,39,Male,Central,Home Office,Home & Kitchen,Towel Pack,1,21.32,0.1,19.19,5.74,Credit Card
ORD-103791,2023-05-10 13:00:00,CUST-1736,Customer 517,19,Male,South,Consumer,Home & Kitchen,Blender,5,52.24,0.0,261.2,77.9,UPI
ORD-103792,2023-07-06 15:00:00,CUST-1047,Customer 249,39,Female,East,Corporate,Furniture,Desk,5,207.76,0.05,986.86,209.52,UPI
ORD-103793,2024-04-23 10:00:00,CUST-1472,Customer 628,39,Male,Central,Consumer,Clothing,Jeans,3,48.47,0.0,145.41,44.57,UPI
ORD-103794,2024-10-13 13:00:00,CUST-1479,Customer 240,18,Male,East,Corporate,Office Supplies,Printer Paper,1,18.0,0.0,18.0,3.78,UPI
ORD-103795,2023-07-20 17:00:00,CUST-1766,Customer 271,42,Other,East,Corporate,Office Supplies,Pen Set,1,7.99,0.05,7.59,0.95,Net Banking
ORD-103796,2024-05-16 12:00:00,CUST-1327,Customer 826,52,Male,South,Corporate,Office Supplies,Binder,1,5.43,0.05,5.16,1.13,UPI
ORD-103797,2023-02-17 10:00:00,CUST-1731,Customer 410,58,Male,South,Corporate,Office Supplies,Pen Set,6,9.49,0.05,54.09,8.89,Net Banking
ORD-103798,2023-01-08 19:00:00,CUST-1540,Customer 829,38,Male,Central,Consumer,Electronics,Tablet,3,315.65,0.0,946.95,191.41,UPI
ORD-103799,2023-02-10 18:00:00,CUST-1303,Customer 695,45,Female,South,Consumer,Furniture,Lamp,3,34.72,0.0,104.16,35.63,UPI
ORD-103800,2024-11-04 16:00:00,CUST-1423,Customer 282,22,Male,East,Consumer,Electronics,Headphones,5,73.33,0.1,329.98,58.07,Credit Card
ORD-103801,2024-02-29 18:00:00,CUST-1350,Customer 59,34,Female,West,Corporate,Furniture,Office Chair,5,153.45,0.0,767.25,106.1,UPI
ORD-103802,2024-08-10 18:00:00,CUST-1481,Customer 134,52,Female,South,Consumer,Electronics,Smartwatch,1,190.5,0.05,180.98,20.76,UPI
ORD-103803,2023-01-16 17:00:00,CUST-1239,Customer 326,42,Female,South,Consumer,Electronics,Headphones,7,79.58,0.05,529.21,168.64,Cash
ORD-103804,2023-01-17 14:00:00,CUST-1263,Customer 676,67,Male,West,Consumer,Clothing,Jeans,2,52.03,0.0,104.06,8.74,UPI
ORD-103805,2024-09-11 08:00:00,CUST-1593,Customer 711,59,Male,West,Corporate,Office Supplies,Stapler,6,13.39,0.0,80.34,26.11,Net Banking
ORD-103806,2023-03-16 15:00:00,CUST-1785,Customer 364,65,Female,Central,Consumer,Electronics,Smartphone,6,639.81,0.1,3454.97,334.02,Credit Card
ORD-103807,2023-04-24 11:00:00,CUST-1455,Customer 299,43,Female,East,Home Office,Clothing,Jeans,4,45.63,0.0,182.52,51.69,UPI
ORD-103808,2024-01-14 18:00:00,CUST-1263,Customer 646,21,Male,Central,Home Office,Home & Kitchen,Storage Box,2,18.98,0.0,37.96,6.05,Credit Card
ORD-103809,2024-03-18 14:00:00,CUST-1050,Customer 54,46,Male,East,Consumer,Home & Kitchen,Coffee Maker,4,82.93,0.2,265.38,39.14,Credit Card
ORD-103810,2023-06-17 19:00:00,CUST-1750,Customer 365,67,Female,West,Home Office,Clothing,Jacket,2,82.25,0.0,164.5,21.15,UPI
ORD-103811,2023-11-21 15:00:00,CUST-1734,Customer 169,26,Female,East,Corporate,Home & Kitchen,Towel Pack,6,24.55,0.1,132.57,15.42,Credit Card
ORD-103812,2024-05-07 15:00:00,CUST-1165,Customer 608,67,Female,Central,Consumer,Office Supplies,Pen Set,6,9.32,0.0,55.92,5.47,Credit Card
ORD-103813,2023-11-20 19:00:00,CUST-1628,Customer 609,18,Female,South,Corporate,Home & Kitchen,Towel Pack,6,26.13,0.0,156.78,19.11,Credit Card
ORD-103814,2023-10-07 14:00:00,CUST-1541,Customer 766,49,Male,West,Consumer,Home & Kitchen,Storage Box,6,14.06,0.05,80.14,19.14,Net Banking
ORD-103815,2023-02-22 12:00:00,CUST-1746,Customer 870,66,Female,South,Corporate,Furniture,Lamp,2,41.97,0.0,83.94,19.63,Net Banking
ORD-103816,2023-11-26 12:00:00,CUST-1402,Customer 192,28,Female,West,Home Office,Home & Kitchen,Blender,1,60.28,0.1,54.25,8.46,Net Banking
ORD-103817,2024-08-09 19:00:00,CUST-1199,Customer 206,31,Male,East,Corporate,Clothing,Jacket,5,79.31,0.0,396.55,104.52,Credit Card
ORD-103818,2024-04-02 17:00:00,CUST-1273,Customer 367,59,Female,South,Corporate,Clothing,T-Shirt,5,17.9,0.05,85.02,24.47,Credit Card
ORD-103819,2024-10-13 10:00:00,CUST-1602,Customer 466,36,Male,East,Corporate,Home & Kitchen,Towel Pack,7,21.29,0.1,134.13,46.23,Credit Card
ORD-103820,2023-04-03 14:00:00,CUST-1161,Customer 655,52,Male,East,Consumer,Furniture,Desk,5,248.92,0.05,1182.37,234.98,UPI
ORD-103821,2023-01-09 12:00:00,CUST-1507,Customer 217,23,Female,Central,Consumer,Furniture,Lamp,6,37.77,0.05,215.29,39.0,Net Banking
ORD-103822,2024-02-05 16:00:00,CUST-1661,Customer 508,52,Male,East,Corporate,Office Supplies,Notebook,3,3.68,0.0,11.04,3.78,UPI
ORD-103823,2023-05-11 08:00:00,CUST-1098,Customer 831,44,Female,South,Corporate,Clothing,Hoodie,1,42.54,0.0,42.54,14.22,UPI
ORD-103824,2024-03-09 17:00:00,CUST-1422,Customer 63,44,Male,West,Corporate,Home & Kitchen,Coffee Maker,1,62.96,0.15,53.52,17.68,Credit Card
ORD-103825,2024-10-21 17:00:00,CUST-1207,Customer 810,56,Male,East,Consumer,Home & Kitchen,Storage Box,4,16.38,0.05,62.24,15.21,UPI
ORD-103826,2023-09-04 10:00:00,CUST-1398,Customer 160,41,Female,West,Consumer,Clothing,T-Shirt,1,18.98,0.05,18.03,4.45,Net Banking
ORD-103827,2024-02-06 09:00:00,CUST-1153,Customer 352,53,Male,East,Consumer,Home & Kitchen,Coffee Maker,4,75.07,0.0,300.28,99.26,UPI
ORD-103828,2024-05-12 16:00:00,CUST-1255,Customer 136,40,Female,Central,Corporate,Electronics,Smartphone,3,558.52,0.0,1675.56,351.12,UPI
ORD-103829,2023-04-20 11:00:00,CUST-1122,Customer 34,62,Male,East,Consumer,Home & Kitchen,Storage Box,2,14.14,0.0,28.28,3.89,UPI
ORD-103830,2024-10-17 20:00:00,CUST-1316,Customer 253,46,Female,South,Consumer,Electronics,Smartwatch,5,178.7,0.0,893.5,309.17,UPI
ORD-103831,2023-05-29 18:00:00,CUST-1519,Customer 547,32,Other,East,Home Office,Office Supplies,Binder,5,6.37,0.0,31.85,9.79,Credit Card
ORD-103832,2024-08-13 20:00:00,CUST-1243,Customer 338,63,Male,East,Home Office,Electronics,Headphones,1,94.09,0.0,94.09,8.95,Cash
ORD-103833,2024-04-26 14:00:00,CUST-1692,Customer 565,34,Male,Central,Consumer,Office Supplies,Printer Paper,4,20.21,0.0,80.84,8.92,UPI
ORD-103834,2023-04-13 20:00:00,CUST-1484,Customer 665,67,Female,West,Corporate,Furniture,Sofa,7,533.28,0.05,3546.31,1128.34,Credit Card
ORD-103835,2024-06-13 08:00:00,CUST-1790,Customer 556,68,Male,West,Consumer,Electronics,Smartwatch,3,183.46,0.05,522.86,84.33,UPI
ORD-103836,2023-05-24 11:00:00,CUST-1540,Customer 609,47,Male,West,Corporate,Office Supplies,Binder,6,5.33,0.0,31.98,8.57,Credit Card
ORD-103837,2024-03-13 08:00:00,CUST-1172,Customer 267,41,Female,East,Consumer,Clothing,Hoodie,3,46.49,0.1,125.52,14.03,Credit Card
ORD-103838,2024-12-01 16:00:00,CUST-1453,Customer 730,31,Male,West,Consumer,Electronics,Headphones,2,82.02,0.05,155.84,19.64,Credit Card
ORD-103839,2024-11-26 14:00:00,CUST-1539,Customer 22,61,Female,South,Corporate,Clothing,Jacket,6,66.39,0.0,398.34,112.25,Net Banking
ORD-103840,2024-09-28 11:00:00,CUST-1379,Customer 762,31,Male,East,Consumer,Electronics,Smartwatch,3,197.08,0.1,532.12,183.27,Credit Card
ORD-103841,2023-12-27 11:00:00,CUST-1062,Customer 29,49,Female,Central,Corporate,Electronics,Smartwatch,7,206.41,0.05,1372.63,295.93,Net Banking
ORD-103842,2024-02-13 16:00:00,CUST-1144,Customer 567,59,Female,West,Consumer,Electronics,Tablet,5,327.07,0.05,1553.58,142.29,Credit Card
ORD-103843,2023-08-08 10:00:00,CUST-1191,Customer 701,27,Female,South,Consumer,Office Supplies,Printer Paper,6,15.36,0.15,78.34,11.22,UPI
ORD-103844,2024-11-03 14:00:00,CUST-1330,Customer 811,26,Female,East,Home Office,Clothing,Hoodie,6,42.7,0.0,256.2,35.21,Cash
ORD-103845,2023-12-15 15:00:00,CUST-1677,Customer 478,67,Male,East,Consumer,Office Supplies,Printer Paper,7,15.55,0.05,103.41,34.39,Credit Card
ORD-103846,2024-07-17 11:00:00,CUST-1020,Customer 728,69,Male,West,Consumer,Clothing,Hoodie,4,40.06,0.0,160.24,30.95,Net Banking
ORD-103847,2023-09-20 10:00:00,CUST-1753,Customer 244,34,Female,Central,Consumer,Office Supplies,Printer Paper,7,20.5,0.0,143.5,48.2,UPI
ORD-103848,2024-06-24 12:00:00,CUST-1423,Customer 261,30,Female,East,Consumer,Clothing,Hoodie,1,47.98,0.0,47.98,14.97,Credit Card
ORD-103849,2023-06-13 15:00:00,CUST-1776,Customer 823,51,Female,South,Corporate,Home & Kitchen,Blender,4,53.88,0.0,215.52,43.47,Net Banking
ORD-103850,2024-06-19 11:00:00,CUST-1544,Customer 494,48,Female,West,Consumer,Furniture,Lamp,3,30.0,0.0,90.0,7.8,Credit Card
ORD-103851,2023-02-03 12:00:00,CUST-1371,Customer 796,31,Male,South,Home Office,Electronics,Smartphone,1,633.96,0.05,602.26,206.39,Credit Card
ORD-103852,2023-03-18 15:00:00,CUST-1093,Customer 461,29,Female,South,Consumer,Electronics,Smartwatch,7,179.87,0.0,1259.09,104.15,Net Banking
ORD-103853,2023-09-15 10:00:00,CUST-1588,Customer 734,47,Female,Central,Consumer,Office Supplies,Pen Set,6,9.3,0.0,55.8,17.36,Credit Card
ORD-103854,2023-12-18 15:00:00,CUST-1487,Customer 159,32,Male,Central,Corporate,Office Supplies,Stapler,6,13.19,0.0,79.14,15.16,UPI
ORD-103855,2024-06-03 09:00:00,CUST-1295,Customer 560,46,Male,Central,Consumer,Electronics,Smartwatch,5,188.39,0.0,941.95,151.99,Credit Card
ORD-103856,2023-09-20 09:00:00,CUST-1653,Customer 188,53,Male,Central,Consumer,Home & Kitchen,Cookware Set,5,134.01,0.05,636.55,121.1,Net Banking
ORD-103857,2023-01-14 11:00:00,CUST-1560,Customer 553,31,Male,East,Consumer,Home & Kitchen,Towel Pack,3,21.33,0.05,60.79,10.72,UPI
ORD-103858,2023-08-26 11:00:00,CUST-1230,Customer 293,47,Female,South,Consumer,Electronics,Laptop,5,877.72,0.1,3949.74,1050.88,Credit Card
ORD-103859,2023-11-17 08:00:00,CUST-1121,Customer 478,69,Male,West,Corporate,Electronics,Tablet,7,398.81,0.2,2233.34,524.02,Net Banking
ORD-103860,2024-02-01 20:00:00,CUST-1527,Customer 817,45,Female,Central,Home Office,Electronics,Headphones,2,73.6,0.0,147.2,21.99,UPI
ORD-103861,2024-04-15 12:00:00,CUST-1097,Customer 165,25,Other,West,Consumer,Furniture,Sofa,3,460.59,0.0,1381.77,307.34,Cash
ORD-103862,2023-06-30 18:00:00,CUST-1420,Customer 653,56,Female,Central,Consumer,Home & Kitchen,Coffee Maker,1,81.2,0.15,69.02,13.07,UPI
ORD-103863,2024-03-21 19:00:00,CUST-1787,Customer 654,41,Female,West,Corporate,Office Supplies,Stapler,7,12.14,0.05,80.73,26.53,UPI
ORD-103864,2024-04-06 18:00:00,CUST-1593,Customer 282,55,Female,West,Consumer,Electronics,Headphones,4,76.9,0.2,246.08,78.98,Credit Card
ORD-103865,2024-07-20 18:00:00,CUST-1249,Customer 469,19,Male,West,Consumer,Office Supplies,Notebook,5,3.45,0.1,15.52,3.83,UPI
ORD-103866,2024-01-17 09:00:00,CUST-1768,Customer 811,55,Female,Central,Home Office,Electronics,Headphones,2,79.73,0.1,143.51,48.89,Credit Card
ORD-103867,2024-08-14 12:00:00,CUST-1717,Customer 491,53,Female,East,Consumer,Furniture,Sofa,1,492.1,0.0,492.1,89.21,UPI
ORD-103868,2023-06-11 17:00:00,CUST-1393,Customer 126,18,Other,South,Consumer,Furniture,Lamp,6,34.73,0.0,208.38,21.62,Credit Card
ORD-103869,2024-06-03 15:00:00,CUST-1018,Customer 619,42,Female,South,Consumer,Office Supplies,Binder,7,5.68,0.05,37.77,3.51,Cash
ORD-103870,2023-02-03 08:00:00,CUST-1712,Customer 103,42,Male,South,Corporate,Office Supplies,Pen Set,3,7.83,0.05,22.32,6.81,Credit Card
ORD-103871,2023-03-17 15:00:00,CUST-1665,Customer 335,47,Female,South,Home Office,Home & Kitchen,Towel Pack,6,23.65,0.1,127.71,23.44,UPI
ORD-103872,2024-09-23 18:00:00,CUST-1780,Customer 754,50,Female,West,Consumer,Electronics,Laptop,5,987.66,0.2,3950.64,1233.68,UPI
ORD-103873,2023-12-13 18:00:00,CUST-1749,Customer 634,54,Male,South,Consumer,Clothing,Hoodie,5,43.1,0.0,215.5,43.93,Credit Card
ORD-103874,2024-03-29 12:00:00,CUST-1393,Customer 608,65,Female,West,Consumer,Electronics,Tablet,2,365.89,0.0,731.78,60.75,Credit Card
ORD-103875,2024-03-16 11:00:00,CUST-1012,Customer 224,57,Female,East,Home Office,Furniture,Lamp,5,39.76,0.15,168.98,37.64,Credit Card
ORD-103876,2024-05-22 12:00:00,CUST-1316,Customer 16,34,Female,East,Consumer,Home & Kitchen,Cookware Set,2,108.94,0.1,196.09,47.17,Credit Card
ORD-103877,2023-06-29 11:00:00,CUST-1311,Customer 779,68,Female,East,Consumer,Clothing,Jeans,2,42.99,0.1,77.38,15.62,Cash
ORD-103878,2023-05-11 12:00:00,CUST-1240,Customer 213,42,Female,East,Consumer,Electronics,Smartwatch,3,164.86,0.05,469.85,143.9,UPI
ORD-103879,2023-02-01 11:00:00,CUST-1646,Customer 887,62,Female,West,Consumer,Office Supplies,Printer Paper,2,17.5,0.2,28.0,7.11,UPI
ORD-103880,2024-09-23 13:00:00,CUST-1647,Customer 286,43,Male,South,Home Office,Clothing,Jeans,7,53.98,0.0,377.86,67.44,Credit Card
ORD-103881,2023-06-13 08:00:00,CUST-1003,Customer 533,34,Male,East,Consumer,Home & Kitchen,Cookware Set,1,115.83,0.0,115.83,31.75,UPI
ORD-103882,2024-02-24 11:00:00,CUST-1731,Customer 639,55,Male,South,Consumer,Office Supplies,Printer Paper,7,20.72,0.0,145.04,24.12,Credit Card
ORD-103883,2023-11-29 12:00:00,CUST-1243,Customer 344,55,Female,South,Home Office,Electronics,Headphones,2,70.4,0.0,140.8,43.14,Credit Card
ORD-103884,2023-04-29 09:00:00,CUST-1140,Customer 716,24,Female,South,Home Office,Office Supplies,Pen Set,7,8.09,0.1,50.97,7.93,UPI
ORD-103885,2023-10-30 19:00:00,CUST-1206,Customer 260,21,Female,Central,Consumer,Electronics,Smartphone,3,603.27,0.05,1719.32,447.0,UPI
ORD-103886,2023-03-02 16:00:00,CUST-1050,Customer 403,57,Male,South,Consumer,Electronics,Headphones,7,73.64,0.05,489.71,94.06,Credit Card
ORD-103887,2023-05-09 19:00:00,CUST-1106,Customer 803,25,Male,East,Home Office,Office Supplies,Pen Set,4,7.84,0.0,31.36,3.37,Credit Card
ORD-103888,2023-04-12 15:00:00,CUST-1235,Customer 280,41,Other,West,Consumer,Clothing,Jeans,4,48.51,0.1,174.64,43.66,UPI
ORD-103889,2024-08-24 09:00:00,CUST-1070,Customer 294,41,Male,West,Consumer,Electronics,Laptop,1,868.37,0.0,868.37,159.28,Credit Card
ORD-103890,2024-02-19 19:00:00,CUST-1137,Customer 81,40,Male,East,Consumer,Clothing,Jeans,4,51.55,0.05,195.89,49.22,Credit Card
ORD-103891,2024-11-06 13:00:00,CUST-1199,Customer 732,41,Female,West,Corporate,Clothing,Sneakers,4,99.17,0.0,396.68,89.56,Net Banking
ORD-103892,2023-11-15 16:00:00,CUST-1613,Customer 60,67,Female,West,Consumer,Clothing,Jeans,7,45.84,0.05,304.84,27.81,Credit Card
ORD-103893,2023-05-27 12:00:00,CUST-1159,Customer 368,44,Male,South,Consumer,Electronics,Laptop,2,1014.56,0.0,2029.12,274.63,UPI
ORD-103894,2024-03-20 14:00:00,CUST-1735,Customer 254,63,Male,East,Corporate,Furniture,Lamp,1,30.63,0.05,29.1,7.83,Cash
ORD-103895,2024-11-09 14:00:00,CUST-1779,Customer 791,42,Female,South,Home Office,Electronics,Headphones,2,75.74,0.05,143.91,29.68,Credit Card
ORD-103896,2024-01-24 11:00:00,CUST-1269,Customer 425,42,Male,East,Consumer,Electronics,Headphones,2,79.67,0.2,127.47,26.25,UPI
ORD-103897,2023-01-14 15:00:00,CUST-1017,Customer 389,51,Male,Central,Consumer,Furniture,Bookshelf,7,94.86,0.15,564.42,45.52,UPI
ORD-103898,2023-08-10 17:00:00,CUST-1231,Customer 475,30,Male,West,Corporate,Furniture,Bookshelf,2,93.7,0.0,187.4,30.31,Credit Card
ORD-103899,2024-11-06 08:00:00,CUST-1103,Customer 520,67,Male,South,Consumer,Electronics,Headphones,7,83.9,0.0,587.3,153.14,Credit Card
ORD-103900,2024-01-14 09:00:00,CUST-1025,Customer 197,66,Male,Central,Corporate,Electronics,Smartwatch,1,221.1,0.0,221.1,70.64,Net Banking
ORD-103901,2024-11-25 18:00:00,CUST-1645,Customer 111,26,Female,East,Consumer,Home & Kitchen,Storage Box,6,15.15,0.0,90.9,21.36,Credit Card
ORD-103902,2024-01-07 15:00:00,CUST-1087,Customer 159,25,Male,South,Corporate,Clothing,Hoodie,3,45.44,0.0,136.32,30.8,Cash
ORD-103903,2023-01-09 20:00:00,CUST-1609,Customer 878,36,Female,East,Consumer,Furniture,Bookshelf,1,94.08,0.15,79.97,16.55,UPI
ORD-103904,2024-09-29 15:00:00,CUST-1533,Customer 41,27,Female,South,Consumer,Home & Kitchen,Coffee Maker,5,71.52,0.15,303.96,80.0,UPI
ORD-103905,2024-07-11 16:00:00,CUST-1374,Customer 507,21,Male,East,Consumer,Electronics,Laptop,6,811.58,0.0,4869.48,1438.91,UPI
ORD-103906,2024-06-06 19:00:00,CUST-1255,Customer 673,60,Female,East,Consumer,Furniture,Bookshelf,6,86.08,0.1,464.83,64.88,UPI
ORD-103907,2024-12-09 16:00:00,CUST-1308,Customer 557,28,Male,East,Corporate,Clothing,Hoodie,2,39.44,0.1,70.99,19.36,UPI
ORD-103908,2023-05-24 12:00:00,CUST-1248,Customer 734,37,Female,Central,Corporate,Furniture,Desk,5,245.79,0.0,1228.95,179.23,UPI
ORD-103909,2024-10-23 14:00:00,CUST-1277,Customer 113,69,Female,Central,Home Office,Electronics,Tablet,4,345.73,0.15,1175.48,104.13,Cash
ORD-103910,2023-06-19 11:00:00,CUST-1215,Customer 352,38,Male,Central,Corporate,Furniture,Sofa,4,433.84,0.2,1388.29,139.06,Net Banking
ORD-103911,2024-12-09 12:00:00,CUST-1778,Customer 621,20,Female,East,Consumer,Office Supplies,Printer Paper,7,20.09,0.2,112.5,10.41,Credit Card
ORD-103912,2023-05-20 16:00:00,CUST-1734,Customer 53,30,Male,West,Corporate,Office Supplies,Stapler,3,12.99,0.1,35.07,5.46,Credit Card
ORD-103913,2024-02-06 09:00:00,CUST-1693,Customer 384,29,Male,West,Consumer,Furniture,Sofa,3,567.47,0.0,1702.41,194.65,Cash
ORD-103914,2024-07-30 16:00:00,CUST-1671,Customer 715,46,Male,West,Corporate,Furniture,Office Chair,4,144.94,0.0,579.76,59.72,Credit Card
ORD-103915,2023-02-27 15:00:00,CUST-1209,Customer 381,40,Female,West,Corporate,Electronics,Laptop,7,917.19,0.2,5136.26,615.57,Net Banking
ORD-103916,2023-02-18 12:00:00,CUST-1693,Customer 711,21,Female,West,Consumer,Office Supplies,Notebook,7,4.07,0.0,28.49,2.57,Credit Card
ORD-103917,2024-09-12 08:00:00,CUST-1368,Customer 426,33,Female,West,Corporate,Electronics,Smartwatch,5,206.77,0.0,1033.85,178.61,Credit Card
ORD-103918,2023-02-14 17:00:00,CUST-1130,Customer 96,42,Female,Central,Home Office,Home & Kitchen,Cookware Set,1,120.32,0.0,120.32,36.36,Credit Card
ORD-103919,2024-03-24 18:00:00,CUST-1596,Customer 482,46,Female,East,Consumer,Clothing,Jeans,3,40.42,0.05,115.2,26.44,Credit Card
ORD-103920,2024-11-15 17:00:00,CUST-1771,Customer 369,39,Male,South,Corporate,Furniture,Office Chair,1,167.35,0.0,167.35,16.32,UPI
ORD-103921,2024-03-24 13:00:00,CUST-1659,Customer 723,69,Female,South,Consumer,Clothing,Jacket,1,82.66,0.1,74.39,13.48,Credit Card
ORD-103922,2023-12-18 16:00:00,CUST-1014,Customer 754,43,Male,Central,Consumer,Electronics,Smartphone,6,659.07,0.05,3756.7,736.52,Net Banking
ORD-103923,2023-11-01 13:00:00,CUST-1097,Customer 308,54,Female,South,Consumer,Furniture,Office Chair,6,142.59,0.0,855.54,108.27,Credit Card
ORD-103924,2024-04-10 12:00:00,CUST-1105,Customer 816,47,Male,West,Consumer,Furniture,Office Chair,1,153.86,0.0,153.86,27.8,UPI
ORD-103925,2024-02-22 12:00:00,CUST-1764,Customer 792,39,Male,South,Consumer,Office Supplies,Printer Paper,4,16.1,0.05,61.18,10.46,UPI
ORD-103926,2024-01-02 10:00:00,CUST-1424,Customer 436,19,Male,West,Corporate,Clothing,Sneakers,2,81.95,0.1,147.51,31.47,Credit Card
ORD-103927,2023-04-23 20:00:00,CUST-1655,Customer 100,53,Male,West,Consumer,Home & Kitchen,Coffee Maker,1,62.56,0.15,53.18,14.27,Net Banking
ORD-103928,2024-04-28 16:00:00,CUST-1109,Customer 640,62,Female,South,Corporate,Furniture,Bookshelf,3,80.47,0.1,217.27,45.47,Credit Card
ORD-103929,2024-06-24 10:00:00,CUST-1402,Customer 477,63,Male,South,Consumer,Furniture,Desk,1,188.64,0.0,188.64,18.86,UPI
ORD-103930,2024-06-01 19:00:00,CUST-1297,Customer 593,59,Male,West,Consumer,Office Supplies,Stapler,6,13.37,0.1,72.2,6.85,Credit Card
ORD-103931,2023-02-24 09:00:00,CUST-1400,Customer 610,29,Female,South,Corporate,Furniture,Office Chair,7,130.14,0.05,865.43,276.72,UPI
ORD-103932,2024-05-28 15:00:00,CUST-1535,Customer 688,41,Female,Central,Corporate,Electronics,Tablet,3,388.01,0.05,1105.83,295.9,Credit Card
ORD-103933,2024-06-16 10:00:00,CUST-1405,Customer 873,55,Female,West,Consumer,Home & Kitchen,Towel Pack,2,25.66,0.05,48.75,12.55,Credit Card
ORD-103934,2023-05-14 12:00:00,CUST-1058,Customer 290,56,Other,South,Corporate,Clothing,Hoodie,4,36.36,0.0,145.44,47.5,Net Banking
ORD-103935,2024-09-11 16:00:00,CUST-1652,Customer 358,49,Male,West,Corporate,Home & Kitchen,Coffee Maker,7,76.87,0.05,511.19,115.63,Cash
ORD-103936,2024-01-18 20:00:00,CUST-1726,Customer 158,20,Male,South,Consumer,Electronics,Tablet,2,343.78,0.05,653.18,65.26,Net Banking
ORD-103937,2023-12-11 20:00:00,CUST-1437,Customer 610,56,Male,South,Consumer,Electronics,Headphones,5,93.73,0.0,468.65,127.89,UPI
ORD-103938,2024-06-11 19:00:00,CUST-1146,Customer 636,47,Male,East,Consumer,Furniture,Office Chair,1,142.74,0.1,128.47,15.91,UPI
ORD-103939,2024-01-08 11:00:00,CUST-1650,Customer 707,22,Male,South,Consumer,Home & Kitchen,Coffee Maker,3,68.78,0.0,206.34,53.62,Net Banking
ORD-103940,2024-02-02 09:00:00,CUST-1479,Customer 138,46,Female,East,Consumer,Electronics,Tablet,4,324.05,0.05,1231.39,231.74,UPI
ORD-103941,2023-08-16 19:00:00,CUST-1690,Customer 749,56,Male,South,Consumer,Electronics,Smartwatch,3,221.59,0.1,598.29,52.42,Net Banking
ORD-103942,2024-11-08 20:00:00,CUST-1492,Customer 543,66,Female,Central,Consumer,Electronics,Smartwatch,2,176.54,0.0,353.08,33.54,UPI
ORD-103943,2024-12-08 11:00:00,CUST-1561,Customer 825,58,Female,Central,Consumer,Clothing,Jeans,6,51.29,0.0,307.74,57.24,UPI
ORD-103944,2023-04-06 08:00:00,CUST-1627,Customer 1,31,Male,South,Consumer,Clothing,Sneakers,5,78.03,0.05,370.64,89.15,UPI
ORD-103945,2024-06-19 16:00:00,CUST-1037,Customer 311,53,Female,Central,Home Office,Clothing,Hoodie,4,43.01,0.0,172.04,21.7,Credit Card
ORD-103946,2023-01-18 08:00:00,CUST-1195,Customer 856,53,Male,West,Home Office,Electronics,Laptop,3,856.69,0.0,2570.07,279.68,Credit Card
ORD-103947,2023-09-27 08:00:00,CUST-1358,Customer 758,28,Female,Central,Home Office,Clothing,Jeans,1,39.9,0.1,35.91,6.52,Net Banking
ORD-103948,2024-12-09 20:00:00,CUST-1566,Customer 579,61,Male,Central,Corporate,Furniture,Office Chair,5,125.17,0.0,625.85,185.96,UPI
ORD-103949,2023-05-08 14:00:00,CUST-1204,Customer 861,26,Female,West,Home Office,Electronics,Laptop,2,806.25,0.05,1531.88,446.82,Credit Card
ORD-103950,2023-10-03 09:00:00,CUST-1359,Customer 574,57,Female,East,Consumer,Furniture,Lamp,3,39.14,0.0,117.42,31.08,Net Banking
ORD-103951,2023-06-10 16:00:00,CUST-1034,Customer 422,56,Female,West,Corporate,Office Supplies,Pen Set,7,8.84,0.0,61.88,12.06,Net Banking
ORD-103952,2024-06-15 12:00:00,CUST-1505,Customer 246,67,Male,South,Corporate,Furniture,Office Chair,5,129.05,0.0,645.25,128.61,UPI
ORD-103953,2023-12-05 14:00:00,CUST-1518,Customer 622,51,Male,Central,Consumer,Home & Kitchen,Blender,5,55.92,0.2,223.68,31.54,Credit Card
ORD-103954,2024-03-08 19:00:00,CUST-1438,Customer 475,21,Male,South,Consumer,Office Supplies,Binder,2,5.3,0.05,10.07,1.18,Credit Card
ORD-103955,2024-11-19 11:00:00,CUST-1410,Customer 291,69,Female,West,Corporate,Furniture,Bookshelf,4,99.05,0.0,396.2,33.39,Net Banking
ORD-103956,2024-01-16 16:00:00,CUST-1798,Customer 141,37,Female,South,Home Office,Office Supplies,Printer Paper,1,20.3,0.0,20.3,6.34,Credit Card
ORD-103957,2024-06-19 18:00:00,CUST-1048,Customer 231,41,Female,Central,Corporate,Office Supplies,Pen Set,2,9.3,0.05,17.67,3.78,Credit Card
ORD-103958,2023-03-13 13:00:00,CUST-1567,Customer 460,63,Male,West,Consumer,Electronics,Smartwatch,6,220.4,0.05,1256.28,101.53,Credit Card
ORD-103959,2023-06-07 20:00:00,CUST-1497,Customer 250,29,Female,West,Consumer,Office Supplies,Binder,4,5.81,0.0,23.24,5.18,UPI
ORD-103960,2024-11-22 13:00:00,CUST-1360,Customer 529,52,Female,South,Consumer,Electronics,Smartwatch,5,178.43,0.0,892.15,133.6,Credit Card
ORD-103961,2024-09-19 13:00:00,CUST-1152,Customer 47,58,Male,South,Corporate,Furniture,Bookshelf,6,104.74,0.05,597.02,116.65,Net Banking
ORD-103962,2024-04-24 19:00:00,CUST-1747,Customer 313,45,Male,West,Consumer,Clothing,Jeans,7,40.55,0.05,269.66,70.53,Cash
ORD-103963,2023-10-04 16:00:00,CUST-1749,Customer 520,56,Female,South,Consumer,Office Supplies,Pen Set,1,6.97,0.1,6.27,1.87,Net Banking
ORD-103964,2023-05-26 19:00:00,CUST-1272,Customer 656,55,Male,South,Home Office,Furniture,Bookshelf,5,86.4,0.05,410.4,110.45,Credit Card
ORD-103965,2024-09-13 18:00:00,CUST-1557,Customer 775,45,Male,East,Consumer,Electronics,Headphones,7,89.29,0.05,593.78,191.2,UPI
ORD-103966,2024-07-27 17:00:00,CUST-1086,Customer 121,22,Female,West,Corporate,Office Supplies,Notebook,2,4.37,0.05,8.3,1.19,UPI
ORD-103967,2023-06-26 11:00:00,CUST-1003,Customer 259,56,Female,Central,Corporate,Furniture,Office Chair,7,167.37,0.05,1113.01,287.8,Net Banking
ORD-103968,2024-03-06 13:00:00,CUST-1773,Customer 578,59,Male,East,Corporate,Home & Kitchen,Cookware Set,5,117.1,0.05,556.22,178.13,Credit Card
ORD-103969,2024-03-27 19:00:00,CUST-1697,Customer 29,34,Female,South,Home Office,Office Supplies,Notebook,3,3.79,0.0,11.37,1.86,Credit Card
ORD-103970,2023-12-15 16:00:00,CUST-1007,Customer 492,60,Male,East,Home Office,Home & Kitchen,Cookware Set,6,117.88,0.15,601.19,177.86,UPI
ORD-103971,2024-11-07 11:00:00,CUST-1052,Customer 255,29,Male,West,Consumer,Furniture,Desk,7,247.23,0.0,1730.61,577.78,UPI
ORD-103972,2023-04-01 12:00:00,CUST-1121,Customer 468,26,Male,West,Consumer,Clothing,Jeans,1,41.63,0.05,39.55,10.04,Credit Card
ORD-103973,2023-07-08 18:00:00,CUST-1009,Customer 695,24,Female,Central,Home Office,Electronics,Laptop,5,1004.46,0.05,4771.19,593.3,UPI
ORD-103974,2023-03-11 10:00:00,CUST-1298,Customer 155,46,Female,East,Corporate,Furniture,Bookshelf,7,92.65,0.15,551.27,82.93,Credit Card
ORD-103975,2024-05-20 09:00:00,CUST-1316,Customer 403,33,Male,West,Consumer,Electronics,Laptop,5,955.49,0.0,4777.45,1259.31,UPI
ORD-103976,2024-04-15 17:00:00,CUST-1530,Customer 667,54,Female,East,Home Office,Electronics,Smartwatch,4,216.51,0.15,736.13,231.05,Credit Card
ORD-103977,2024-12-21 11:00:00,CUST-1124,Customer 690,52,Male,East,Corporate,Home & Kitchen,Storage Box,1,16.28,0.0,16.28,1.41,UPI
ORD-103978,2024-01-31 17:00:00,CUST-1702,Customer 273,40,Male,South,Consumer,Clothing,Hoodie,4,44.38,0.0,177.52,29.84,Credit Card
ORD-103979,2023-04-20 14:00:00,CUST-1654,Customer 196,31,Male,East,Consumer,Office Supplies,Printer Paper,7,17.6,0.15,104.72,14.98,Credit Card
ORD-103980,2023-11-26 20:00:00,CUST-1560,Customer 377,65,Female,East,Home Office,Office Supplies,Binder,6,6.8,0.0,40.8,7.91,UPI
ORD-103981,2023-03-06 14:00:00,CUST-1755,Customer 578,63,Male,East,Home Office,Office Supplies,Binder,4,6.83,0.05,25.95,7.46,Credit Card
ORD-103982,2024-05-04 19:00:00,CUST-1153,Customer 637,36,Female,West,Home Office,Office Supplies,Printer Paper,3,18.87,0.05,53.78,11.6,UPI
ORD-103983,2024-05-07 19:00:00,CUST-1626,Customer 658,30,Male,East,Corporate,Clothing,Jeans,6,41.69,0.15,212.62,46.76,UPI
ORD-103984,2024-09-18 10:00:00,CUST-1349,Customer 267,59,Female,West,Consumer,Office Supplies,Stapler,7,14.27,0.1,89.9,21.97,UPI
ORD-103985,2023-09-06 20:00:00,CUST-1294,Customer 728,53,Other,Central,Consumer,Clothing,Hoodie,3,47.26,0.0,141.78,31.08,Credit Card
ORD-103986,2023-08-15 17:00:00,CUST-1544,Customer 708,41,Male,East,Consumer,Furniture,Sofa,6,512.13,0.1,2765.5,735.15,Credit Card
ORD-103987,2023-02-22 09:00:00,CUST-1233,Customer 615,45,Female,East,Consumer,Home & Kitchen,Coffee Maker,3,83.61,0.0,250.83,27.32,UPI
ORD-103988,2023-10-31 08:00:00,CUST-1014,Customer 665,55,Female,West,Corporate,Electronics,Laptop,6,872.08,0.05,4970.86,428.27,Credit Card
ORD-103989,2023-12-13 11:00:00,CUST-1274,Customer 819,29,Female,South,Consumer,Furniture,Office Chair,7,137.4,0.1,865.62,262.48,Credit Card
ORD-103990,2024-07-04 08:00:00,CUST-1623,Customer 740,69,Female,East,Consumer,Home & Kitchen,Coffee Maker,5,70.78,0.1,318.51,66.67,Cash
ORD-103991,2024-07-04 12:00:00,CUST-1069,Customer 114,46,Male,Central,Home Office,Electronics,Tablet,4,294.46,0.05,1118.95,179.69,Credit Card
ORD-103992,2023-04-13 20:00:00,CUST-1683,Customer 686,24,Male,South,Corporate,Electronics,Headphones,3,83.38,0.1,225.13,45.63,UPI
ORD-103993,2023-07-28 14:00:00,CUST-1722,Customer 496,67,Female,East,Consumer,Furniture,Office Chair,1,151.65,0.05,144.07,36.81,Credit Card
ORD-103994,2024-01-09 08:00:00,CUST-1378,Customer 386,69,Male,West,Consumer,Furniture,Lamp,1,31.09,0.15,26.43,2.98,Credit Card
ORD-103995,2023-09-02 14:00:00,CUST-1195,Customer 405,67,Male,Central,Consumer,Home & Kitchen,Cookware Set,6,112.74,0.0,676.44,149.75,Net Banking
ORD-103996,2023-01-19 10:00:00,CUST-1649,Customer 145,54,Female,South,Corporate,Clothing,Jeans,5,49.61,0.0,248.05,27.26,Cash
ORD-103997,2024-09-09 19:00:00,CUST-1200,Customer 899,33,Female,East,Home Office,Office Supplies,Binder,2,6.77,0.1,12.19,3.8,Credit Card
ORD-103998,2024-06-17 09:00:00,CUST-1166,Customer 47,45,Male,Central,Corporate,Home & Kitchen,Coffee Maker,4,83.65,0.0,334.6,77.57,Credit Card
ORD-103999,2024-01-15 18:00:00,CUST-1572,Customer 494,45,Female,Central,Consumer,Office Supplies,Printer Paper,7,16.9,0.0,118.3,35.36,UPI
ORD-104000,2023-08-20 13:00:00,CUST-1254,Customer 834,44,Female,West,Corporate,Home & Kitchen,Storage Box,5,18.31,0.1,82.4,22.63,UPI
ORD-104001,2024-09-07 08:00:00,CUST-1494,Customer 617,25,Female,Central,Consumer,Electronics,Headphones,7,72.82,0.05,484.25,145.33,UPI
ORD-104002,2023-01-26 16:00:00,CUST-1182,Customer 859,34,Male,West,Home Office,Office Supplies,Printer Paper,1,16.12,0.0,16.12,2.78,Credit Card
ORD-104003,2023-11-22 13:00:00,CUST-1767,Customer 827,42,Male,South,Consumer,Electronics,Smartphone,1,685.24,0.0,685.24,80.62,Net Banking
ORD-104004,2024-08-07 18:00:00,CUST-1177,Customer 24,45,Male,West,Consumer,Electronics,Tablet,5,342.06,0.0,1710.3,548.55,Cash
ORD-104005,2024-11-26 16:00:00,CUST-1785,Customer 129,34,Other,West,Consumer,Clothing,T-Shirt,5,20.3,0.0,101.5,32.36,UPI
ORD-104006,2023-07-03 18:00:00,CUST-1606,Customer 99,55,Male,Central,Corporate,Electronics,Smartphone,5,588.32,0.0,2941.6,936.85,Net Banking
ORD-104007,2024-04-20 13:00:00,CUST-1333,Customer 306,66,Male,East,Consumer,Office Supplies,Binder,7,5.55,0.1,34.97,12.14,Credit Card
ORD-104008,2023-05-19 08:00:00,CUST-1547,Customer 352,42,Female,West,Consumer,Clothing,Jacket,1,78.16,0.0,78.16,18.83,Credit Card
ORD-104009,2023-03-26 09:00:00,CUST-1736,Customer 291,50,Female,East,Corporate,Electronics,Laptop,7,756.8,0.1,4767.84,1041.17,Credit Card
ORD-104010,2023-09-15 13:00:00,CUST-1501,Customer 139,28,Male,Central,Consumer,Furniture,Bookshelf,1,85.28,0.2,68.22,20.14,Credit Card
ORD-104011,2024-10-08 13:00:00,CUST-1764,Customer 106,27,Male,West,Consumer,Clothing,Jeans,4,40.87,0.0,163.48,17.94,Credit Card
ORD-104012,2024-05-18 18:00:00,CUST-1734,Customer 454,21,Female,South,Consumer,Home & Kitchen,Cookware Set,6,115.44,0.2,554.11,161.48,Net Banking
ORD-104013,2023-12-24 13:00:00,CUST-1684,Customer 504,69,Male,Central,Consumer,Furniture,Desk,5,245.94,0.0,1229.7,368.05,Net Banking
ORD-104014,2023-07-26 19:00:00,CUST-1734,Customer 274,33,Female,West,Consumer,Home & Kitchen,Coffee Maker,2,62.46,0.05,118.67,27.99,UPI
ORD-104015,2023-04-14 10:00:00,CUST-1746,Customer 276,54,Female,Central,Consumer,Clothing,Hoodie,5,42.57,0.2,170.28,31.46,UPI
ORD-104016,2023-07-17 13:00:00,CUST-1018,Customer 445,50,Female,West,Consumer,Office Supplies,Notebook,7,4.22,0.1,26.59,6.84,Credit Card
ORD-104017,2023-04-22 17:00:00,CUST-1479,Customer 149,25,Female,West,Home Office,Furniture,Sofa,2,498.41,0.0,996.82,326.01,Credit Card
ORD-104018,2023-05-17 09:00:00,CUST-1533,Customer 142,26,Male,East,Consumer,Clothing,T-Shirt,7,18.35,0.0,128.45,15.75,UPI
ORD-104019,2024-05-16 12:00:00,CUST-1091,Customer 20,59,Female,East,Home Office,Clothing,Jacket,5,81.18,0.0,405.9,66.57,UPI
ORD-104020,2023-04-07 17:00:00,CUST-1530,Customer 324,59,Female,South,Corporate,Furniture,Sofa,1,551.1,0.15,468.44,122.4,UPI
ORD-104021,2023-02-04 15:00:00,CUST-1687,Customer 23,46,Female,South,Consumer,Home & Kitchen,Storage Box,3,14.51,0.0,43.53,13.28,UPI
ORD-104022,2024-01-31 18:00:00,CUST-1592,Customer 326,35,Female,West,Consumer,Home & Kitchen,Coffee Maker,7,79.45,0.05,528.34,135.29,Net Banking
ORD-104023,2023-07-29 14:00:00,CUST-1246,Customer 352,38,Female,East,Corporate,Office Supplies,Notebook,3,3.49,0.0,10.47,2.51,Credit Card
ORD-104024,2023-11-28 19:00:00,CUST-1392,Customer 233,59,Female,East,Consumer,Clothing,Sneakers,7,86.59,0.0,606.13,62.52,Credit Card
ORD-104025,2023-04-13 19:00:00,CUST-1740,Customer 550,28,Male,East,Consumer,Office Supplies,Binder,3,6.17,0.0,18.51,3.65,Credit Card
ORD-104026,2023-06-03 20:00:00,CUST-1216,Customer 132,22,Female,South,Consumer,Clothing,Jacket,3,68.94,0.0,206.82,66.25,Net Banking
ORD-104027,2023-11-18 09:00:00,CUST-1415,Customer 192,32,Male,West,Consumer,Clothing,T-Shirt,6,15.86,0.05,90.4,16.06,UPI
ORD-104028,2024-05-18 15:00:00,CUST-1670,Customer 857,27,Male,South,Consumer,Electronics,Headphones,6,70.1,0.0,420.6,76.92,UPI
ORD-104029,2023-10-30 09:00:00,CUST-1391,Customer 819,26,Male,West,Consumer,Electronics,Smartphone,2,535.08,0.0,1070.16,188.93,Net Banking
ORD-104030,2024-01-31 10:00:00,CUST-1087,Customer 104,42,Female,Central,Corporate,Furniture,Bookshelf,6,94.57,0.05,539.05,95.92,UPI
ORD-104031,2024-01-16 11:00:00,CUST-1665,Customer 189,59,Female,Central,Consumer,Home & Kitchen,Blender,2,49.74,0.0,99.48,18.83,Credit Card
ORD-104032,2023-07-16 16:00:00,CUST-1272,Customer 521,53,Female,East,Corporate,Furniture,Desk,7,249.27,0.1,1570.4,453.54,Credit Card
ORD-104033,2023-07-24 13:00:00,CUST-1310,Customer 244,32,Male,Central,Consumer,Home & Kitchen,Storage Box,1,18.63,0.05,17.7,3.59,UPI
ORD-104034,2023-11-07 19:00:00,CUST-1674,Customer 147,40,Female,Central,Corporate,Office Supplies,Notebook,5,3.81,0.05,18.1,4.41,UPI
ORD-104035,2023-01-24 11:00:00,CUST-1084,Customer 274,42,Male,East,Corporate,Furniture,Lamp,2,31.76,0.0,63.52,12.67,Net Banking
ORD-104036,2024-05-15 16:00:00,CUST-1597,Customer 889,38,Female,East,Consumer,Home & Kitchen,Cookware Set,5,119.2,0.0,596.0,188.3,Credit Card
ORD-104037,2024-03-24 17:00:00,CUST-1626,Customer 142,68,Male,West,Consumer,Office Supplies,Stapler,7,13.9,0.1,87.57,11.23,UPI
ORD-104038,2023-08-12 20:00:00,CUST-1715,Customer 557,67,Male,South,Consumer,Furniture,Lamp,5,34.65,0.15,147.26,16.67,Credit Card
ORD-104039,2023-09-30 11:00:00,CUST-1232,Customer 899,69,Male,South,Consumer,Electronics,Smartphone,4,550.51,0.0,2202.04,418.58,Cash
ORD-104040,2023-08-28 17:00:00,CUST-1018,Customer 742,39,Male,East,Consumer,Electronics,Tablet,6,406.18,0.0,2437.08,836.06,Credit Card
ORD-104041,2024-04-20 09:00:00,CUST-1676,Customer 645,59,Female,Central,Corporate,Electronics,Smartphone,2,635.43,0.0,1270.86,341.79,Credit Card
ORD-104042,2024-07-08 15:00:00,CUST-1123,Customer 273,56,Other,Central,Corporate,Furniture,Desk,4,213.36,0.05,810.77,199.77,Credit Card
ORD-104043,2023-03-21 13:00:00,CUST-1732,Customer 271,59,Female,South,Consumer,Office Supplies,Stapler,7,13.95,0.0,97.65,18.1,Net Banking
ORD-104044,2023-10-29 20:00:00,CUST-1569,Customer 540,26,Male,East,Home Office,Furniture,Sofa,3,563.8,0.2,1353.12,216.08,Credit Card
ORD-104045,2023-01-11 18:00:00,CUST-1313,Customer 875,67,Male,South,Home Office,Electronics,Smartphone,1,634.81,0.0,634.81,214.74,Credit Card
ORD-104046,2023-11-27 20:00:00,CUST-1297,Customer 314,66,Female,South,Consumer,Electronics,Smartwatch,4,181.9,0.2,582.08,113.66,Credit Card
ORD-104047,2023-07-01 19:00:00,CUST-1536,Customer 571,59,Male,Central,Corporate,Furniture,Office Chair,4,142.65,0.0,570.6,155.2,Net Banking
ORD-104048,2023-09-03 13:00:00,CUST-1682,Customer 876,47,Female,East,Consumer,Home & Kitchen,Towel Pack,6,20.39,0.0,122.34,36.56,UPI
ORD-104049,2023-11-30 17:00:00,CUST-1014,Customer 692,41,Female,East,Corporate,Furniture,Sofa,6,488.34,0.0,2930.04,754.58,Net Banking
ORD-104050,2023-08-25 08:00:00,CUST-1016,Customer 863,30,Male,West,Corporate,Electronics,Headphones,3,74.42,0.0,223.26,31.88,Credit Card
ORD-104051,2023-10-15 15:00:00,CUST-1635,Customer 309,21,Female,South,Consumer,Office Supplies,Printer Paper,6,19.22,0.2,92.26,14.55,UPI
ORD-104052,2024-07-12 08:00:00,CUST-1327,Customer 611,67,Male,Central,Consumer,Home & Kitchen,Towel Pack,2,24.55,0.05,46.64,4.02,UPI
ORD-104053,2024-08-14 17:00:00,CUST-1367,Customer 195,28,Female,South,Corporate,Clothing,Hoodie,2,47.57,0.0,95.14,32.51,Credit Card
ORD-104054,2023-01-05 20:00:00,CUST-1007,Customer 39,35,Male,West,Consumer,Clothing,Jeans,5,51.52,0.2,206.08,62.93,UPI
ORD-104055,2023-10-03 16:00:00,CUST-1211,Customer 405,41,Male,South,Corporate,Home & Kitchen,Cookware Set,5,105.62,0.0,528.1,99.85,Credit Card
ORD-104056,2024-09-10 18:00:00,CUST-1480,Customer 713,53,Male,South,Home Office,Office Supplies,Stapler,6,11.09,0.0,66.54,21.36,Credit Card
ORD-104057,2024-01-23 11:00:00,CUST-1700,Customer 375,31,Female,East,Consumer,Home & Kitchen,Coffee Maker,5,72.53,0.0,362.65,44.06,Credit Card
ORD-104058,2023-05-30 20:00:00,CUST-1101,Customer 245,29,Male,East,Consumer,Electronics,Tablet,1,319.65,0.05,303.67,27.74,UPI
ORD-104059,2024-03-09 15:00:00,CUST-1327,Customer 886,35,Female,Central,Corporate,Clothing,Jacket,5,64.13,0.15,272.55,31.76,UPI
ORD-104060,2023-04-16 16:00:00,CUST-1589,Customer 363,35,Male,Central,Corporate,Home & Kitchen,Cookware Set,4,133.7,0.0,534.8,170.35,UPI
ORD-104061,2023-01-16 18:00:00,CUST-1658,Customer 131,21,Male,East,Corporate,Home & Kitchen,Blender,2,53.64,0.1,96.55,11.91,Net Banking
ORD-104062,2024-04-06 16:00:00,CUST-1391,Customer 164,38,Female,Central,Consumer,Office Supplies,Stapler,3,10.48,0.0,31.44,3.09,UPI
ORD-104063,2024-01-12 12:00:00,CUST-1336,Customer 122,46,Male,West,Corporate,Clothing,Sneakers,6,87.39,0.0,524.34,68.22,UPI
ORD-104064,2024-07-06 15:00:00,CUST-1666,Customer 874,41,Male,Central,Consumer,Electronics,Headphones,2,95.36,0.1,171.65,32.97,Credit Card
ORD-104065,2023-09-09 16:00:00,CUST-1759,Customer 559,36,Male,South,Consumer,Office Supplies,Printer Paper,4,19.57,0.1,70.45,15.08,Cash
ORD-104066,2024-09-15 19:00:00,CUST-1614,Customer 14,65,Female,East,Consumer,Furniture,Office Chair,1,126.78,0.05,120.44,17.31,Credit Card
ORD-104067,2023-11-04 14:00:00,CUST-1536,Customer 506,31,Male,East,Home Office,Office Supplies,Notebook,6,4.12,0.0,24.72,7.36,Credit Card
ORD-104068,2024-06-22 14:00:00,CUST-1553,Customer 376,61,Male,Central,Home Office,Office Supplies,Pen Set,2,9.32,0.0,18.64,6.32,UPI
ORD-104069,2023-03-15 14:00:00,CUST-1533,Customer 492,49,Female,Central,Corporate,Furniture,Desk,7,191.18,0.1,1204.43,190.93,Net Banking
ORD-104070,2023-03-12 09:00:00,CUST-1413,Customer 771,51,Female,West,Corporate,Electronics,Tablet,7,364.91,0.05,2426.65,804.18,Credit Card
ORD-104071,2024-07-25 09:00:00,CUST-1099,Customer 371,32,Male,West,Consumer,Furniture,Lamp,6,38.59,0.0,231.54,69.66,UPI
ORD-104072,2024-08-31 08:00:00,CUST-1716,Customer 271,68,Female,West,Corporate,Office Supplies,Stapler,3,13.16,0.0,39.48,12.6,Credit Card
ORD-104073,2024-11-18 16:00:00,CUST-1598,Customer 325,42,Male,South,Corporate,Office Supplies,Stapler,6,10.83,0.1,58.48,5.62,Credit Card
ORD-104074,2023-08-25 13:00:00,CUST-1276,Customer 634,44,Female,Central,Corporate,Clothing,Jeans,1,52.54,0.0,52.54,16.03,UPI
ORD-104075,2023-01-17 19:00:00,CUST-1416,Customer 79,30,Male,East,Corporate,Electronics,Headphones,3,77.02,0.05,219.51,52.29,Credit Card
ORD-104076,2024-12-16 17:00:00,CUST-1059,Customer 560,42,Male,East,Consumer,Clothing,Sneakers,1,73.79,0.05,70.1,6.33,Cash
ORD-104077,2024-03-15 09:00:00,CUST-1574,Customer 713,53,Male,West,Consumer,Clothing,Sneakers,1,74.73,0.0,74.73,21.18,Credit Card
ORD-104078,2023-06-30 09:00:00,CUST-1328,Customer 892,66,Male,East,Corporate,Electronics,Tablet,3,343.45,0.05,978.83,142.19,UPI
ORD-104079,2024-07-11 12:00:00,CUST-1693,Customer 402,62,Male,East,Consumer,Furniture,Bookshelf,5,77.76,0.05,369.36,109.04,Credit Card
ORD-104080,2024-10-21 19:00:00,CUST-1179,Customer 420,26,Male,South,Consumer,Office Supplies,Pen Set,7,8.98,0.05,59.72,14.87,Credit Card
ORD-104081,2023-07-27 08:00:00,CUST-1562,Customer 807,22,Male,South,Home Office,Furniture,Office Chair,1,161.43,0.15,137.22,29.22,UPI
ORD-104082,2024-07-15 10:00:00,CUST-1270,Customer 722,67,Male,East,Home Office,Electronics,Smartwatch,3,162.39,0.05,462.81,39.95,Credit Card
ORD-104083,2024-07-28 08:00:00,CUST-1399,Customer 446,60,Male,South,Consumer,Electronics,Tablet,5,385.39,0.0,1926.95,617.03,Credit Card
ORD-104084,2024-01-02 13:00:00,CUST-1256,Customer 339,25,Female,Central,Consumer,Electronics,Headphones,2,95.47,0.0,190.94,22.88,Credit Card
ORD-104085,2024-04-06 20:00:00,CUST-1681,Customer 813,62,Male,Central,Consumer,Electronics,Tablet,6,292.61,0.05,1667.88,507.06,Credit Card
ORD-104086,2023-07-16 16:00:00,CUST-1165,Customer 370,57,Male,South,Consumer,Electronics,Smartphone,4,684.32,0.0,2737.28,727.58,Cash
ORD-104087,2024-11-09 14:00:00,CUST-1590,Customer 831,68,Male,West,Consumer,Clothing,T-Shirt,4,21.59,0.1,77.72,7.68,Net Banking
ORD-104088,2024-12-18 09:00:00,CUST-1020,Customer 392,26,Female,Central,Consumer,Office Supplies,Printer Paper,1,20.32,0.0,20.32,4.6,Credit Card
ORD-104089,2024-12-17 12:00:00,CUST-1611,Customer 503,61,Female,West,Home Office,Furniture,Office Chair,2,143.76,0.0,287.52,97.66,Credit Card
ORD-104090,2024-06-22 14:00:00,CUST-1377,Customer 476,36,Female,South,Consumer,Office Supplies,Notebook,7,4.64,0.0,32.48,10.69,Credit Card
ORD-104091,2023-01-31 11:00:00,CUST-1729,Customer 717,46,Male,East,Consumer,Office Supplies,Printer Paper,7,19.76,0.15,117.57,14.05,UPI
ORD-104092,2023-09-25 17:00:00,CUST-1327,Customer 702,31,Female,Central,Corporate,Electronics,Headphones,4,76.19,0.05,289.52,36.7,Credit Card
ORD-104093,2023-11-21 20:00:00,CUST-1110,Customer 94,21,Male,East,Consumer,Electronics,Smartwatch,5,176.42,0.05,837.99,101.8,Credit Card
ORD-104094,2024-12-01 10:00:00,CUST-1542,Customer 752,54,Female,West,Home Office,Electronics,Smartwatch,4,195.58,0.0,782.32,222.31,UPI
ORD-104095,2024-02-04 11:00:00,CUST-1399,Customer 106,21,Female,West,Consumer,Office Supplies,Pen Set,4,7.84,0.15,26.66,3.29,UPI
ORD-104096,2024-01-27 09:00:00,CUST-1034,Customer 734,42,Male,Central,Consumer,Office Supplies,Printer Paper,5,17.38,0.15,73.86,7.2,UPI
ORD-104097,2023-04-18 17:00:00,CUST-1099,Customer 630,28,Female,East,Consumer,Furniture,Bookshelf,4,82.1,0.0,328.4,60.88,UPI
ORD-104098,2024-08-02 14:00:00,CUST-1393,Customer 527,65,Male,West,Consumer,Office Supplies,Stapler,1,13.75,0.1,12.38,4.22,Credit Card
ORD-104099,2023-09-03 11:00:00,CUST-1599,Customer 46,41,Female,East,Consumer,Home & Kitchen,Towel Pack,1,24.13,0.15,20.51,3.35,Credit Card
ORD-104100,2023-03-09 10:00:00,CUST-1786,Customer 768,27,Male,West,Home Office,Furniture,Desk,6,212.51,0.0,1275.06,351.33,UPI
ORD-104101,2024-12-21 08:00:00,CUST-1345,Customer 640,67,Male,East,Home Office,Office Supplies,Stapler,6,11.2,0.0,67.2,7.99,UPI
ORD-104102,2023-05-19 14:00:00,CUST-1760,Customer 522,53,Female,West,Home Office,Office Supplies,Stapler,2,10.74,0.05,20.41,5.06,Credit Card
ORD-104103,2023-01-12 16:00:00,CUST-1576,Customer 208,27,Male,West,Corporate,Clothing,T-Shirt,1,16.01,0.0,16.01,3.79,Credit Card
ORD-104104,2023-02-26 11:00:00,CUST-1431,Customer 695,36,Female,South,Consumer,Clothing,Jeans,2,48.1,0.1,86.58,28.06,Credit Card
ORD-104105,2023-11-27 08:00:00,CUST-1097,Customer 212,46,Male,West,Home Office,Clothing,T-Shirt,5,15.99,0.05,75.95,20.77,Net Banking
ORD-104106,2023-03-17 14:00:00,CUST-1674,Customer 391,58,Male,East,Corporate,Electronics,Laptop,5,1008.16,0.0,5040.8,567.65,Credit Card
ORD-104107,2024-09-07 16:00:00,CUST-1496,Customer 324,69,Male,South,Consumer,Furniture,Bookshelf,2,85.29,0.0,170.58,32.29,Net Banking
ORD-104108,2024-01-10 12:00:00,CUST-1630,Customer 377,61,Female,East,Corporate,Clothing,Hoodie,2,34.36,0.05,65.28,5.23,Net Banking
ORD-104109,2023-08-25 11:00:00,CUST-1090,Customer 832,18,Other,South,Corporate,Furniture,Lamp,2,40.23,0.0,80.46,11.67,UPI
ORD-104110,2023-01-03 10:00:00,CUST-1752,Customer 694,42,Female,West,Corporate,Home & Kitchen,Towel Pack,4,21.53,0.0,86.12,29.48,Net Banking
ORD-104111,2023-12-17 17:00:00,CUST-1282,Customer 639,20,Female,East,Home Office,Furniture,Bookshelf,2,87.3,0.0,174.6,35.45,Credit Card
ORD-104112,2023-04-21 19:00:00,CUST-1325,Customer 619,33,Male,South,Home Office,Office Supplies,Pen Set,4,7.13,0.1,25.67,8.07,Credit Card
ORD-104113,2024-12-14 18:00:00,CUST-1428,Customer 676,32,Male,West,Corporate,Office Supplies,Pen Set,1,8.65,0.0,8.65,0.75,UPI
ORD-104114,2023-08-01 14:00:00,CUST-1025,Customer 660,31,Other,South,Home Office,Furniture,Sofa,7,468.28,0.0,3277.96,1041.13,UPI
ORD-104115,2023-12-13 17:00:00,CUST-1553,Customer 704,29,Female,West,Corporate,Clothing,Hoodie,7,45.52,0.1,286.78,91.81,Net Banking
ORD-104116,2023-01-14 13:00:00,CUST-1210,Customer 45,38,Female,West,Consumer,Electronics,Tablet,3,364.04,0.0,1092.12,280.05,UPI
ORD-104117,2023-04-06 08:00:00,CUST-1400,Customer 748,43,Male,West,Corporate,Office Supplies,Pen Set,6,9.26,0.05,52.78,5.88,Credit Card
ORD-104118,2023-06-01 12:00:00,CUST-1417,Customer 280,67,Female,West,Corporate,Office Supplies,Stapler,4,12.81,0.0,51.24,16.22,Credit Card
ORD-104119,2023-02-07 17:00:00,CUST-1584,Customer 154,39,Female,Central,Consumer,Home & Kitchen,Cookware Set,1,134.73,0.1,121.26,39.16,UPI
ORD-104120,2024-06-13 16:00:00,CUST-1641,Customer 175,19,Other,East,Corporate,Office Supplies,Notebook,2,4.38,0.0,8.76,1.18,UPI
ORD-104121,2024-11-21 20:00:00,CUST-1139,Customer 847,48,Female,West,Consumer,Home & Kitchen,Blender,1,55.65,0.0,55.65,18.58,UPI
ORD-104122,2024-12-20 20:00:00,CUST-1645,Customer 743,33,Male,East,Consumer,Home & Kitchen,Blender,5,60.01,0.0,300.05,95.38,Net Banking
ORD-104123,2023-07-14 11:00:00,CUST-1513,Customer 357,25,Female,West,Corporate,Furniture,Sofa,6,519.49,0.15,2649.4,358.51,Credit Card
ORD-104124,2024-07-29 08:00:00,CUST-1731,Customer 820,52,Female,East,Home Office,Home & Kitchen,Coffee Maker,5,59.66,0.1,268.47,50.02,UPI
ORD-104125,2024-01-03 11:00:00,CUST-1308,Customer 505,53,Male,West,Consumer,Home & Kitchen,Towel Pack,1,24.08,0.0,24.08,4.12,Credit Card
ORD-104126,2023-02-03 19:00:00,CUST-1445,Customer 757,36,Male,West,Corporate,Electronics,Smartphone,2,583.89,0.0,1167.78,250.51,UPI
ORD-104127,2023-03-08 18:00:00,CUST-1123,Customer 729,29,Female,Central,Consumer,Office Supplies,Printer Paper,4,18.71,0.0,74.84,23.95,Cash
ORD-104128,2024-02-04 09:00:00,CUST-1280,Customer 225,43,Female,South,Corporate,Furniture,Office Chair,2,124.46,0.0,248.92,78.68,UPI
ORD-104129,2023-11-06 10:00:00,CUST-1682,Customer 767,41,Female,East,Home Office,Office Supplies,Pen Set,1,6.86,0.0,6.86,0.87,UPI
ORD-104130,2023-01-07 15:00:00,CUST-1625,Customer 870,68,Female,West,Home Office,Electronics,Smartphone,3,530.28,0.15,1352.21,309.39,Credit Card
ORD-104131,2024-11-09 16:00:00,CUST-1780,Customer 455,19,Female,West,Consumer,Clothing,Jacket,5,67.9,0.0,339.5,76.11,Net Banking
ORD-104132,2024-06-17 20:00:00,CUST-1686,Customer 291,27,Other,Central,Corporate,Furniture,Bookshelf,1,77.13,0.15,65.56,13.22,UPI
ORD-104133,2024-01-02 17:00:00,CUST-1191,Customer 490,59,Male,West,Home Office,Office Supplies,Notebook,7,3.59,0.0,25.13,6.86,Cash
ORD-104134,2024-12-21 10:00:00,CUST-1259,Customer 758,67,Male,East,Consumer,Electronics,Smartwatch,4,198.69,0.1,715.28,181.98,Credit Card
ORD-104135,2024-12-09 08:00:00,CUST-1126,Customer 369,50,Male,Central,Consumer,Clothing,Hoodie,2,39.6,0.0,79.2,12.22,Credit Card
ORD-104136,2024-12-11 16:00:00,CUST-1404,Customer 43,34,Female,East,Corporate,Office Supplies,Notebook,1,4.77,0.0,4.77,0.83,UPI
ORD-104137,2023-07-08 15:00:00,CUST-1611,Customer 45,28,Female,East,Consumer,Office Supplies,Notebook,7,4.53,0.1,28.54,9.13,UPI
ORD-104138,2024-10-05 19:00:00,CUST-1660,Customer 681,61,Female,South,Corporate,Furniture,Lamp,5,31.55,0.0,157.75,26.5,UPI
ORD-104139,2024-01-04 15:00:00,CUST-1792,Customer 583,49,Female,South,Consumer,Electronics,Smartwatch,7,189.22,0.15,1125.86,225.06,Credit Card
ORD-104140,2024-06-14 14:00:00,CUST-1274,Customer 198,39,Female,West,Consumer,Furniture,Lamp,6,35.03,0.1,189.16,64.82,UPI
ORD-104141,2024-09-19 11:00:00,CUST-1334,Customer 609,40,Female,East,Consumer,Home & Kitchen,Towel Pack,7,21.49,0.2,120.34,37.48,Credit Card
ORD-104142,2023-04-30 09:00:00,CUST-1460,Customer 280,25,Male,West,Consumer,Electronics,Smartwatch,7,194.46,0.1,1225.1,329.21,Credit Card
ORD-104143,2023-11-24 19:00:00,CUST-1632,Customer 426,60,Female,West,Consumer,Office Supplies,Notebook,6,4.34,0.0,26.04,4.22,UPI
ORD-104144,2023-04-05 18:00:00,CUST-1768,Customer 185,20,Female,Central,Home Office,Electronics,Headphones,6,85.94,0.0,515.64,128.79,Cash
ORD-104145,2023-07-24 10:00:00,CUST-1117,Customer 44,69,Male,South,Corporate,Clothing,Jeans,6,43.87,0.05,250.06,63.35,Credit Card
ORD-104146,2023-10-29 17:00:00,CUST-1273,Customer 813,26,Male,West,Consumer,Electronics,Tablet,2,372.9,0.0,745.8,142.54,Net Banking
ORD-104147,2024-09-16 12:00:00,CUST-1182,Customer 509,24,Male,West,Corporate,Furniture,Office Chair,5,133.18,0.05,632.6,56.78,Net Banking
ORD-104148,2024-09-21 13:00:00,CUST-1199,Customer 866,21,Female,East,Consumer,Furniture,Office Chair,7,159.94,0.0,1119.58,200.36,UPI
ORD-104149,2023-10-12 19:00:00,CUST-1112,Customer 93,43,Female,Central,Consumer,Electronics,Headphones,7,95.0,0.05,631.75,137.21,Cash
ORD-104150,2023-08-29 18:00:00,CUST-1475,Customer 358,20,Male,West,Corporate,Furniture,Lamp,1,33.36,0.0,33.36,11.23,UPI
ORD-104151,2024-01-23 10:00:00,CUST-1532,Customer 409,31,Female,Central,Consumer,Furniture,Lamp,1,39.36,0.0,39.36,10.88,Credit Card
ORD-104152,2024-10-27 11:00:00,CUST-1348,Customer 31,59,Male,Central,Consumer,Office Supplies,Stapler,2,13.62,0.2,21.79,2.38,Credit Card
ORD-104153,2024-12-13 18:00:00,CUST-1470,Customer 718,56,Male,East,Corporate,Home & Kitchen,Cookware Set,6,122.61,0.1,662.09,106.85,Credit Card
ORD-104154,2023-06-15 19:00:00,CUST-1554,Customer 888,35,Female,South,Home Office,Office Supplies,Pen Set,3,7.05,0.0,21.15,4.67,Credit Card
ORD-104155,2023-05-17 09:00:00,CUST-1529,Customer 205,19,Male,South,Consumer,Home & Kitchen,Storage Box,5,18.0,0.0,90.0,18.16,Net Banking
ORD-104156,2024-05-30 18:00:00,CUST-1755,Customer 787,26,Male,Central,Consumer,Office Supplies,Notebook,1,3.97,0.1,3.57,0.29,Net Banking
ORD-104157,2023-08-09 14:00:00,CUST-1135,Customer 827,46,Female,East,Corporate,Electronics,Laptop,1,784.4,0.0,784.4,260.79,UPI
ORD-104158,2023-05-26 15:00:00,CUST-1764,Customer 374,42,Male,East,Corporate,Electronics,Headphones,6,85.55,0.05,487.63,158.04,UPI
ORD-104159,2023-01-23 08:00:00,CUST-1064,Customer 637,62,Male,East,Consumer,Furniture,Desk,3,220.64,0.1,595.73,196.24,Net Banking
ORD-104160,2023-10-22 16:00:00,CUST-1023,Customer 401,43,Male,West,Home Office,Furniture,Bookshelf,1,79.26,0.0,79.26,15.51,UPI
ORD-104161,2023-10-14 16:00:00,CUST-1427,Customer 232,38,Female,East,Home Office,Home & Kitchen,Storage Box,2,19.11,0.0,38.22,11.66,Credit Card
ORD-104162,2024-02-16 16:00:00,CUST-1386,Customer 256,50,Female,South,Consumer,Office Supplies,Pen Set,3,7.49,0.0,22.47,6.1,Net Banking
ORD-104163,2023-05-27 18:00:00,CUST-1423,Customer 207,61,Female,West,Consumer,Office Supplies,Binder,3,6.17,0.0,18.51,4.04,UPI
ORD-104164,2024-06-05 20:00:00,CUST-1794,Customer 888,60,Female,West,Corporate,Office Supplies,Pen Set,7,8.67,0.05,57.66,5.81,Credit Card
ORD-104165,2024-05-11 19:00:00,CUST-1337,Customer 68,25,Male,South,Consumer,Furniture,Desk,2,195.86,0.0,391.72,49.09,Credit Card
ORD-104166,2023-12-04 17:00:00,CUST-1678,Customer 397,39,Male,Central,Consumer,Office Supplies,Notebook,5,4.44,0.2,17.76,2.56,Cash
ORD-104167,2023-05-13 20:00:00,CUST-1546,Customer 786,65,Male,West,Home Office,Electronics,Smartwatch,2,204.61,0.1,368.3,118.55,Credit Card
ORD-104168,2024-01-06 16:00:00,CUST-1050,Customer 454,60,Female,South,Corporate,Electronics,Tablet,4,347.76,0.0,1391.04,361.18,Net Banking
ORD-104169,2024-05-07 16:00:00,CUST-1335,Customer 57,59,Female,West,Corporate,Furniture,Lamp,3,36.22,0.05,103.23,35.66,Cash
ORD-104170,2023-09-30 15:00:00,CUST-1105,Customer 335,23,Female,Central,Corporate,Electronics,Laptop,3,1006.55,0.0,3019.65,703.39,Credit Card
ORD-104171,2023-07-12 17:00:00,CUST-1685,Customer 564,38,Female,West,Consumer,Office Supplies,Printer Paper,5,21.04,0.0,105.2,10.82,Credit Card
ORD-104172,2024-01-05 08:00:00,CUST-1292,Customer 108,61,Male,Central,Corporate,Electronics,Laptop,5,755.82,0.05,3590.14,750.33,UPI
ORD-104173,2023-09-17 14:00:00,CUST-1622,Customer 676,24,Female,Central,Home Office,Electronics,Smartwatch,1,186.02,0.0,186.02,20.5,Credit Card
ORD-104174,2023-10-20 13:00:00,CUST-1059,Customer 595,55,Male,Central,Corporate,Home & Kitchen,Towel Pack,2,22.68,0.0,45.36,14.67,UPI
ORD-104175,2023-09-12 19:00:00,CUST-1268,Customer 230,45,Female,East,Consumer,Home & Kitchen,Blender,2,64.46,0.0,128.92,20.01,Net Banking
ORD-104176,2023-08-10 08:00:00,CUST-1641,Customer 717,55,Male,South,Corporate,Office Supplies,Notebook,7,4.54,0.0,31.78,4.24,UPI
ORD-104177,2024-06-07 16:00:00,CUST-1715,Customer 342,52,Male,West,Corporate,Office Supplies,Notebook,3,3.94,0.05,11.23,2.45,UPI
ORD-104178,2023-12-02 10:00:00,CUST-1020,Customer 350,22,Female,South,Consumer,Clothing,Sneakers,5,98.61,0.2,394.44,117.51,Net Banking
ORD-104179,2023-12-07 19:00:00,CUST-1393,Customer 265,24,Male,East,Consumer,Electronics,Smartwatch,4,186.65,0.05,709.27,154.47,Net Banking
ORD-104180,2024-04-21 19:00:00,CUST-1701,Customer 341,35,Female,West,Consumer,Furniture,Office Chair,3,132.29,0.2,317.5,28.68,Net Banking
ORD-104181,2023-09-21 11:00:00,CUST-1371,Customer 721,66,Female,South,Consumer,Electronics,Headphones,1,85.08,0.05,80.83,22.68,Credit Card
ORD-104182,2023-03-15 19:00:00,CUST-1239,Customer 17,66,Female,Central,Consumer,Furniture,Sofa,4,467.79,0.0,1871.16,166.91,Credit Card
ORD-104183,2024-09-14 14:00:00,CUST-1576,Customer 895,57,Male,East,Consumer,Home & Kitchen,Coffee Maker,7,74.75,0.15,444.76,108.16,UPI
ORD-104184,2023-02-10 20:00:00,CUST-1633,Customer 686,30,Female,Central,Consumer,Clothing,Sneakers,7,84.44,0.0,591.08,145.74,Credit Card
ORD-104185,2024-02-22 17:00:00,CUST-1765,Customer 873,67,Female,East,Consumer,Home & Kitchen,Coffee Maker,3,79.0,0.0,237.0,32.3,UPI
ORD-104186,2023-07-14 08:00:00,CUST-1729,Customer 595,55,Male,West,Corporate,Clothing,Jeans,4,53.28,0.15,181.15,36.33,Cash
ORD-104187,2023-06-06 10:00:00,CUST-1026,Customer 63,33,Female,East,Corporate,Office Supplies,Pen Set,3,7.56,0.05,21.55,1.76,Net Banking
ORD-104188,2023-01-31 13:00:00,CUST-1649,Customer 678,54,Female,East,Corporate,Clothing,Jeans,7,46.28,0.15,275.37,43.12,Credit Card
ORD-104189,2024-10-19 10:00:00,CUST-1140,Customer 610,40,Male,East,Corporate,Office Supplies,Stapler,4,13.24,0.0,52.96,13.09,Cash
ORD-104190,2023-11-10 09:00:00,CUST-1669,Customer 421,42,Male,Central,Consumer,Office Supplies,Pen Set,7,7.24,0.1,45.61,7.15,UPI
ORD-104191,2023-09-08 20:00:00,CUST-1644,Customer 526,30,Female,Central,Corporate,Furniture,Desk,6,248.28,0.0,1489.68,138.33,UPI
ORD-104192,2024-06-25 19:00:00,CUST-1184,Customer 303,51,Female,East,Corporate,Office Supplies,Printer Paper,3,18.97,0.0,56.91,14.91,Credit Card
ORD-104193,2023-01-29 13:00:00,CUST-1353,Customer 837,32,Female,Central,Corporate,Electronics,Smartphone,4,559.49,0.15,1902.27,533.49,Credit Card
ORD-104194,2024-02-17 10:00:00,CUST-1616,Customer 800,66,Male,West,Corporate,Office Supplies,Printer Paper,4,20.77,0.0,83.08,26.0,Cash
ORD-104195,2023-12-28 10:00:00,CUST-1686,Customer 520,25,Female,South,Consumer,Electronics,Laptop,2,849.44,0.05,1613.94,510.65,UPI
ORD-104196,2024-02-09 19:00:00,CUST-1696,Customer 860,31,Male,South,Corporate,Office Supplies,Notebook,6,3.65,0.15,18.61,3.98,Cash
ORD-104197,2023-04-01 12:00:00,CUST-1281,Customer 412,24,Male,South,Corporate,Electronics,Tablet,4,312.25,0.15,1061.65,201.7,Credit Card
ORD-104198,2024-11-26 08:00:00,CUST-1063,Customer 185,30,Female,South,Consumer,Furniture,Bookshelf,2,101.24,0.0,202.48,48.23,Credit Card
ORD-104199,2023-06-24 13:00:00,CUST-1780,Customer 404,52,Female,Central,Consumer,Office Supplies,Printer Paper,4,21.2,0.0,84.8,24.93,Credit Card
ORD-104200,2024-05-10 13:00:00,CUST-1691,Customer 826,67,Female,East,Consumer,Electronics,Smartwatch,6,186.65,0.15,951.92,198.32,UPI
ORD-104201,2024-06-29 16:00:00,CUST-1172,Customer 768,26,Male,South,Consumer,Home & Kitchen,Blender,3,48.27,0.05,137.57,47.97,UPI
ORD-104202,2023-09-09 12:00:00,CUST-1466,Customer 20,29,Other,Central,Home Office,Furniture,Lamp,5,30.99,0.05,147.2,37.11,UPI
ORD-104203,2023-04-06 19:00:00,CUST-1759,Customer 605,24,Female,East,Corporate,Furniture,Bookshelf,7,97.12,0.0,679.84,110.94,Credit Card
ORD-104204,2023-08-05 16:00:00,CUST-1259,Customer 724,60,Male,East,Consumer,Electronics,Tablet,3,333.12,0.0,999.36,294.11,Credit Card
ORD-104205,2024-08-12 20:00:00,CUST-1631,Customer 67,45,Male,West,Consumer,Clothing,Jacket,7,74.94,0.2,419.66,50.66,Credit Card
ORD-104206,2024-10-23 12:00:00,CUST-1389,Customer 508,36,Male,East,Corporate,Office Supplies,Stapler,3,11.62,0.05,33.12,11.02,Credit Card
ORD-104207,2024-11-14 16:00:00,CUST-1779,Customer 840,54,Male,South,Corporate,Furniture,Sofa,4,486.21,0.1,1750.36,300.88,Net Banking
ORD-104208,2023-06-15 12:00:00,CUST-1326,Customer 335,22,Female,East,Corporate,Electronics,Laptop,6,913.96,0.0,5483.76,1452.99,Credit Card
ORD-104209,2024-03-18 17:00:00,CUST-1129,Customer 611,58,Female,East,Consumer,Clothing,Sneakers,1,88.35,0.0,88.35,21.98,Credit Card
ORD-104210,2023-04-21 17:00:00,CUST-1760,Customer 345,22,Male,East,Home Office,Home & Kitchen,Storage Box,5,14.52,0.05,68.97,7.3,Cash
ORD-104211,2024-06-02 12:00:00,CUST-1282,Customer 140,48,Male,West,Consumer,Furniture,Sofa,4,490.54,0.15,1667.84,458.38,Net Banking
ORD-104212,2023-10-31 20:00:00,CUST-1220,Customer 359,19,Male,Central,Consumer,Electronics,Laptop,5,859.53,0.0,4297.65,705.64,UPI
ORD-104213,2024-06-04 19:00:00,CUST-1158,Customer 422,28,Female,Central,Consumer,Electronics,Smartwatch,7,197.79,0.0,1384.53,253.26,Credit Card
ORD-104214,2024-05-15 19:00:00,CUST-1328,Customer 384,50,Female,East,Corporate,Electronics,Laptop,4,755.42,0.05,2870.6,304.46,UPI
ORD-104215,2024-12-25 10:00:00,CUST-1663,Customer 226,47,Female,South,Corporate,Clothing,T-Shirt,7,16.27,0.0,113.89,34.02,Credit Card
ORD-104216,2023-12-23 17:00:00,CUST-1274,Customer 851,41,Female,West,Consumer,Home & Kitchen,Coffee Maker,4,72.49,0.0,289.96,90.55,Credit Card
ORD-104217,2023-09-07 09:00:00,CUST-1214,Customer 532,50,Female,East,Corporate,Home & Kitchen,Coffee Maker,2,66.25,0.05,125.88,14.63,UPI
ORD-104218,2024-01-20 09:00:00,CUST-1353,Customer 575,61,Male,East,Home Office,Clothing,T-Shirt,5,19.26,0.0,96.3,28.83,Cash
ORD-104219,2023-04-29 20:00:00,CUST-1420,Customer 501,31,Male,West,Consumer,Electronics,Laptop,2,833.39,0.05,1583.44,510.6,Credit Card
ORD-104220,2023-03-23 09:00:00,CUST-1661,Customer 314,68,Female,West,Consumer,Home & Kitchen,Towel Pack,7,20.4,0.0,142.8,15.18,UPI
ORD-104221,2024-01-14 19:00:00,CUST-1154,Customer 873,25,Female,Central,Consumer,Furniture,Bookshelf,2,97.18,0.1,174.92,61.1,UPI
ORD-104222,2024-08-25 13:00:00,CUST-1258,Customer 375,68,Female,East,Consumer,Furniture,Office Chair,4,138.3,0.1,497.88,40.44,UPI
ORD-104223,2024-01-25 11:00:00,CUST-1565,Customer 50,66,Female,South,Home Office,Clothing,Jacket,6,67.89,0.1,366.61,112.71,Credit Card
ORD-104224,2024-07-24 08:00:00,CUST-1343,Customer 403,40,Female,West,Consumer,Electronics,Smartwatch,1,215.29,0.05,204.53,47.19,Net Banking
ORD-104225,2023-05-10 16:00:00,CUST-1594,Customer 405,22,Male,East,Consumer,Clothing,Sneakers,4,85.09,0.05,323.34,109.44,Credit Card
ORD-104226,2023-11-25 17:00:00,CUST-1353,Customer 350,39,Female,Central,Consumer,Home & Kitchen,Coffee Maker,4,81.92,0.0,327.68,56.13,Credit Card
ORD-104227,2024-03-23 14:00:00,CUST-1092,Customer 165,32,Female,Central,Consumer,Clothing,T-Shirt,3,16.52,0.0,49.56,8.79,Credit Card
ORD-104228,2023-09-11 18:00:00,CUST-1689,Customer 431,48,Male,South,Consumer,Clothing,Hoodie,5,46.27,0.0,231.35,71.0,UPI
ORD-104229,2023-01-11 12:00:00,CUST-1548,Customer 20,30,Female,West,Home Office,Furniture,Sofa,3,545.07,0.1,1471.69,400.13,Net Banking
ORD-104230,2023-02-23 15:00:00,CUST-1108,Customer 315,21,Male,East,Consumer,Electronics,Tablet,3,301.37,0.0,904.11,218.92,Credit Card
ORD-104231,2024-11-08 11:00:00,CUST-1132,Customer 700,64,Female,South,Consumer,Clothing,Jeans,2,46.62,0.0,93.24,23.68,Credit Card
ORD-104232,2024-03-17 15:00:00,CUST-1271,Customer 639,63,Male,West,Consumer,Office Supplies,Notebook,5,4.32,0.05,20.52,5.42,Net Banking
ORD-104233,2023-07-13 09:00:00,CUST-1763,Customer 682,44,Male,Central,Home Office,Home & Kitchen,Coffee Maker,7,71.64,0.05,476.41,44.27,UPI
ORD-104234,2023-07-08 14:00:00,CUST-1239,Customer 136,62,Female,East,Home Office,Electronics,Smartphone,2,611.69,0.0,1223.38,136.78,Net Banking
ORD-104235,2023-01-29 15:00:00,CUST-1703,Customer 840,67,Female,West,Home Office,Furniture,Sofa,3,566.57,0.0,1699.71,219.16,UPI
ORD-104236,2024-11-20 15:00:00,CUST-1390,Customer 170,65,Male,South,Consumer,Furniture,Sofa,2,525.74,0.05,998.91,127.59,Cash
ORD-104237,2023-03-21 13:00:00,CUST-1161,Customer 529,61,Male,South,Corporate,Clothing,T-Shirt,2,21.38,0.15,36.35,11.18,UPI
ORD-104238,2024-07-08 16:00:00,CUST-1092,Customer 871,20,Female,South,Corporate,Clothing,Jacket,7,85.96,0.05,571.63,106.62,Credit Card
ORD-104239,2023-06-25 14:00:00,CUST-1272,Customer 230,57,Other,South,Consumer,Home & Kitchen,Coffee Maker,5,79.52,0.0,397.6,84.35,UPI
ORD-104240,2023-09-03 11:00:00,CUST-1178,Customer 85,65,Female,West,Corporate,Furniture,Sofa,7,529.91,0.1,3338.43,347.65,Credit Card
ORD-104241,2023-07-19 10:00:00,CUST-1476,Customer 327,27,Male,Central,Corporate,Office Supplies,Pen Set,5,8.61,0.0,43.05,13.56,UPI
ORD-104242,2024-08-24 16:00:00,CUST-1783,Customer 13,21,Female,East,Corporate,Electronics,Headphones,5,92.83,0.0,464.15,38.42,UPI
ORD-104243,2023-01-24 20:00:00,CUST-1645,Customer 544,35,Female,Central,Consumer,Electronics,Smartwatch,6,202.29,0.0,1213.74,124.4,Credit Card
ORD-104244,2023-09-15 17:00:00,CUST-1248,Customer 699,60,Male,Central,Consumer,Furniture,Desk,5,192.8,0.0,964.0,288.5,UPI
ORD-104245,2023-07-23 16:00:00,CUST-1754,Customer 566,60,Male,Central,Corporate,Office Supplies,Notebook,6,4.22,0.05,24.05,2.77,Credit Card
ORD-104246,2023-07-19 19:00:00,CUST-1773,Customer 222,48,Male,West,Consumer,Office Supplies,Printer Paper,3,15.95,0.05,45.46,13.37,Cash
ORD-104247,2023-05-21 19:00:00,CUST-1335,Customer 39,69,Male,East,Consumer,Furniture,Lamp,1,41.38,0.1,37.24,6.5,Credit Card
ORD-104248,2024-10-28 14:00:00,CUST-1390,Customer 287,26,Female,South,Corporate,Office Supplies,Stapler,4,12.92,0.05,49.1,14.22,UPI
ORD-104249,2023-10-04 09:00:00,CUST-1391,Customer 819,63,Male,South,Consumer,Clothing,Hoodie,1,41.78,0.0,41.78,3.91,Credit Card
ORD-104250,2023-11-02 16:00:00,CUST-1329,Customer 329,63,Female,West,Consumer,Electronics,Laptop,1,781.35,0.05,742.28,127.78,Credit Card
ORD-104251,2023-10-09 16:00:00,CUST-1125,Customer 833,67,Female,East,Consumer,Furniture,Lamp,1,36.07,0.1,32.46,6.81,UPI
ORD-104252,2024-12-16 11:00:00,CUST-1716,Customer 872,33,Female,South,Consumer,Clothing,Hoodie,1,38.8,0.05,36.86,9.18,UPI
ORD-104253,2023-09-05 19:00:00,CUST-1279,Customer 718,51,Female,Central,Consumer,Clothing,Jeans,5,48.89,0.0,244.45,74.75,Cash
ORD-104254,2023-09-07 19:00:00,CUST-1067,Customer 212,32,Female,Central,Corporate,Clothing,T-Shirt,5,19.11,0.05,90.77,13.25,Credit Card
ORD-104255,2023-08-28 12:00:00,CUST-1793,Customer 225,43,Male,South,Corporate,Electronics,Smartwatch,7,194.7,0.05,1294.75,333.92,Cash
ORD-104256,2023-08-27 14:00:00,CUST-1099,Customer 122,67,Male,Central,Consumer,Office Supplies,Binder,3,5.63,0.0,16.89,2.04,Credit Card
ORD-104257,2023-03-07 10:00:00,CUST-1749,Customer 313,44,Female,Central,Corporate,Home & Kitchen,Blender,3,56.87,0.15,145.02,42.74,UPI
ORD-104258,2024-03-17 10:00:00,CUST-1108,Customer 434,57,Male,Central,Consumer,Furniture,Sofa,4,485.57,0.0,1942.28,644.78,UPI
ORD-104259,2023-01-19 11:00:00,CUST-1331,Customer 632,41,Male,West,Consumer,Furniture,Lamp,6,40.18,0.0,241.08,22.36,Credit Card
ORD-104260,2023-06-14 12:00:00,CUST-1416,Customer 54,18,Male,East,Corporate,Home & Kitchen,Blender,7,63.97,0.1,403.01,40.93,Credit Card
ORD-104261,2023-05-28 11:00:00,CUST-1178,Customer 275,26,Male,East,Home Office,Electronics,Headphones,6,89.26,0.1,482.0,141.05,Credit Card
ORD-104262,2023-08-01 09:00:00,CUST-1461,Customer 316,52,Male,Central,Consumer,Clothing,T-Shirt,4,17.31,0.05,65.78,20.9,Credit Card
ORD-104263,2024-07-06 13:00:00,CUST-1458,Customer 349,33,Female,East,Corporate,Home & Kitchen,Blender,7,47.48,0.05,315.74,80.52,Credit Card
ORD-104264,2024-03-13 16:00:00,CUST-1692,Customer 524,34,Female,South,Consumer,Electronics,Headphones,2,93.91,0.2,150.26,30.73,Net Banking
ORD-104265,2024-12-24 12:00:00,CUST-1338,Customer 601,22,Female,West,Corporate,Clothing,Jeans,4,53.87,0.0,215.48,61.98,Credit Card
ORD-104266,2023-09-14 14:00:00,CUST-1701,Customer 849,60,Male,Central,Corporate,Office Supplies,Notebook,2,3.58,0.0,7.16,1.15,Net Banking
ORD-104267,2024-11-08 11:00:00,CUST-1602,Customer 31,22,Female,East,Corporate,Home & Kitchen,Storage Box,2,17.44,0.05,33.14,11.53,Net Banking
ORD-104268,2023-02-02 17:00:00,CUST-1646,Customer 151,45,Male,West,Corporate,Home & Kitchen,Coffee Maker,3,69.92,0.0,209.76,64.81,Credit Card
ORD-104269,2024-01-04 16:00:00,CUST-1503,Customer 124,34,Female,West,Corporate,Home & Kitchen,Storage Box,6,14.43,0.05,82.25,26.28,Cash
ORD-104270,2024-08-06 20:00:00,CUST-1144,Customer 255,65,Male,Central,Home Office,Electronics,Laptop,3,1019.44,0.2,2446.66,760.47,Net Banking
ORD-104271,2024-01-24 08:00:00,CUST-1528,Customer 33,52,Male,East,Consumer,Clothing,Jacket,6,88.25,0.0,529.5,175.73,Credit Card
ORD-104272,2024-11-12 19:00:00,CUST-1572,Customer 347,21,Female,West,Home Office,Home & Kitchen,Towel Pack,5,26.27,0.0,131.35,12.8,UPI
ORD-104273,2023-08-18 12:00:00,CUST-1299,Customer 239,49,Male,South,Home Office,Office Supplies,Stapler,5,10.8,0.0,54.0,17.57,Cash
ORD-104274,2023-01-25 08:00:00,CUST-1510,Customer 474,26,Male,Central,Consumer,Office Supplies,Stapler,2,12.27,0.05,23.31,3.43,UPI
ORD-104275,2024-07-18 16:00:00,CUST-1493,Customer 433,47,Male,Central,Consumer,Electronics,Smartwatch,7,221.07,0.1,1392.74,246.48,Cash
ORD-104276,2023-02-19 10:00:00,CUST-1513,Customer 594,30,Other,Central,Home Office,Home & Kitchen,Blender,2,59.75,0.2,95.6,17.21,Credit Card
ORD-104277,2024-07-12 10:00:00,CUST-1551,Customer 759,56,Female,Central,Corporate,Electronics,Tablet,3,340.72,0.05,971.05,138.62,Credit Card
ORD-104278,2024-06-19 20:00:00,CUST-1537,Customer 95,42,Female,West,Consumer,Furniture,Sofa,6,494.8,0.2,2375.04,471.15,UPI
ORD-104279,2024-09-08 10:00:00,CUST-1518,Customer 161,39,Male,West,Consumer,Home & Kitchen,Towel Pack,5,19.0,0.0,95.0,20.57,Credit Card
ORD-104280,2023-12-16 15:00:00,CUST-1255,Customer 648,63,Male,East,Consumer,Home & Kitchen,Cookware Set,3,127.68,0.0,383.04,46.02,UPI
ORD-104281,2024-10-15 10:00:00,CUST-1556,Customer 321,40,Female,East,Consumer,Home & Kitchen,Coffee Maker,2,80.56,0.0,161.12,28.53,UPI
ORD-104282,2023-05-04 09:00:00,CUST-1119,Customer 813,30,Male,West,Consumer,Office Supplies,Stapler,4,10.21,0.1,36.76,6.4,UPI
ORD-104283,2023-11-14 08:00:00,CUST-1712,Customer 9,44,Male,South,Corporate,Electronics,Smartwatch,4,172.14,0.0,688.56,180.51,Net Banking
ORD-104284,2023-03-30 08:00:00,CUST-1635,Customer 94,60,Female,Central,Consumer,Office Supplies,Binder,1,6.19,0.0,6.19,1.47,UPI
ORD-104285,2024-07-13 14:00:00,CUST-1214,Customer 417,21,Male,West,Consumer,Electronics,Tablet,2,355.75,0.0,711.5,194.49,UPI
ORD-104286,2024-06-05 13:00:00,CUST-1058,Customer 451,32,Female,South,Consumer,Home & Kitchen,Blender,2,53.36,0.0,106.72,31.13,Net Banking
ORD-104287,2024-08-11 08:00:00,CUST-1125,Customer 23,48,Female,West,Consumer,Office Supplies,Notebook,2,3.44,0.05,6.54,1.7,Credit Card
ORD-104288,2024-07-11 12:00:00,CUST-1547,Customer 443,30,Female,East,Corporate,Furniture,Lamp,3,38.86,0.15,99.09,14.38,UPI
ORD-104289,2023-08-14 11:00:00,CUST-1027,Customer 290,57,Female,East,Consumer,Electronics,Smartphone,1,579.71,0.0,579.71,124.97,Credit Card
ORD-104290,2023-02-19 15:00:00,CUST-1079,Customer 573,20,Male,South,Home Office,Furniture,Bookshelf,5,96.8,0.05,459.8,94.71,UPI
ORD-104291,2024-11-09 20:00:00,CUST-1560,Customer 747,31,Female,Central,Corporate,Home & Kitchen,Blender,5,57.51,0.0,287.55,28.75,Cash
ORD-104292,2023-12-26 16:00:00,CUST-1392,Customer 523,48,Female,Central,Corporate,Clothing,T-Shirt,2,18.01,0.0,36.02,11.58,Net Banking
ORD-104293,2023-03-10 19:00:00,CUST-1268,Customer 842,62,Female,Central,Consumer,Electronics,Headphones,7,84.53,0.0,591.71,61.94,UPI
ORD-104294,2024-11-07 10:00:00,CUST-1221,Customer 503,36,Female,Central,Corporate,Electronics,Smartwatch,5,207.72,0.05,986.67,339.06,Cash
ORD-104295,2024-12-26 10:00:00,CUST-1404,Customer 331,31,Other,West,Corporate,Furniture,Sofa,3,504.14,0.05,1436.8,127.26,Credit Card
ORD-104296,2023-11-22 17:00:00,CUST-1239,Customer 96,66,Female,Central,Home Office,Electronics,Tablet,2,355.35,0.05,675.16,187.03,UPI
ORD-104297,2024-07-16 12:00:00,CUST-1058,Customer 255,44,Female,East,Corporate,Home & Kitchen,Blender,4,55.14,0.1,198.5,31.29,Net Banking
ORD-104298,2023-01-27 19:00:00,CUST-1363,Customer 317,28,Male,East,Home Office,Office Supplies,Pen Set,7,8.0,0.0,56.0,18.16,UPI
ORD-104299,2023-03-10 14:00:00,CUST-1741,Customer 682,63,Other,West,Home Office,Electronics,Headphones,1,81.75,0.1,73.58,22.26,UPI
ORD-104300,2023-07-21 10:00:00,CUST-1410,Customer 419,19,Female,East,Home Office,Clothing,Jacket,1,75.62,0.05,71.84,6.23,Cash
ORD-104301,2024-04-24 18:00:00,CUST-1470,Customer 628,56,Male,South,Corporate,Furniture,Office Chair,3,140.51,0.0,421.53,36.22,Credit Card
ORD-104302,2023-04-08 15:00:00,CUST-1265,Customer 128,65,Female,East,Consumer,Electronics,Headphones,7,73.89,0.0,517.23,125.62,UPI
ORD-104303,2023-01-25 18:00:00,CUST-1099,Customer 340,47,Female,West,Corporate,Office Supplies,Binder,2,6.62,0.0,13.24,1.59,UPI
ORD-104304,2024-05-03 13:00:00,CUST-1596,Customer 711,65,Female,West,Home Office,Electronics,Laptop,6,762.05,0.0,4572.3,383.26,UPI
ORD-104305,2024-07-16 09:00:00,CUST-1325,Customer 814,50,Male,Central,Home Office,Office Supplies,Binder,5,7.01,0.0,35.05,11.96,Net Banking
ORD-104306,2024-06-23 16:00:00,CUST-1062,Customer 331,49,Female,East,Home Office,Clothing,Jacket,2,80.15,0.0,160.3,40.21,UPI
ORD-104307,2024-08-06 09:00:00,CUST-1250,Customer 408,23,Female,South,Consumer,Home & Kitchen,Cookware Set,7,104.05,0.15,619.1,51.34,Credit Card
ORD-104308,2024-08-09 16:00:00,CUST-1027,Customer 247,27,Male,West,Corporate,Furniture,Sofa,2,518.71,0.15,881.81,187.33,Cash
ORD-104309,2024-03-15 13:00:00,CUST-1693,Customer 842,54,Other,East,Consumer,Office Supplies,Printer Paper,4,17.58,0.05,66.8,8.19,Credit Card
ORD-104310,2024-01-15 18:00:00,CUST-1791,Customer 92,53,Female,East,Corporate,Electronics,Smartwatch,5,223.33,0.1,1004.99,298.88,UPI
ORD-104311,2024-09-17 19:00:00,CUST-1700,Customer 795,49,Male,South,Consumer,Office Supplies,Notebook,5,4.71,0.2,18.84,1.65,Net Banking
ORD-104312,2023-09-12 13:00:00,CUST-1650,Customer 607,28,Female,West,Consumer,Electronics,Smartphone,6,710.57,0.0,4263.42,768.04,Cash
ORD-104313,2023-03-13 19:00:00,CUST-1632,Customer 853,22,Male,West,Consumer,Office Supplies,Binder,5,6.29,0.05,29.88,4.31,UPI
ORD-104314,2024-07-02 09:00:00,CUST-1377,Customer 135,22,Male,East,Consumer,Electronics,Laptop,5,995.96,0.05,4730.81,1631.35,Net Banking
ORD-104315,2023-07-21 09:00:00,CUST-1310,Customer 98,24,Male,West,Consumer,Home & Kitchen,Towel Pack,2,23.7,0.15,40.29,4.07,UPI
ORD-104316,2024-12-15 20:00:00,CUST-1063,Customer 166,29,Female,West,Corporate,Home & Kitchen,Cookware Set,3,138.76,0.1,374.65,102.79,Credit Card
ORD-104317,2023-10-30 15:00:00,CUST-1754,Customer 241,68,Female,East,Consumer,Furniture,Office Chair,3,126.84,0.0,380.52,79.55,UPI
ORD-104318,2024-09-13 13:00:00,CUST-1012,Customer 204,58,Female,Central,Corporate,Clothing,T-Shirt,3,21.0,0.1,56.7,17.04,UPI
ORD-104319,2023-01-31 10:00:00,CUST-1220,Customer 334,27,Male,South,Consumer,Electronics,Tablet,1,367.73,0.0,367.73,50.69,Net Banking
ORD-104320,2024-04-26 11:00:00,CUST-1344,Customer 247,33,Male,West,Consumer,Clothing,T-Shirt,1,17.21,0.0,17.21,5.35,UPI
ORD-104321,2023-11-24 16:00:00,CUST-1529,Customer 669,64,Female,East,Consumer,Furniture,Office Chair,4,167.89,0.05,637.98,214.74,Credit Card
ORD-104322,2023-12-04 18:00:00,CUST-1798,Customer 247,41,Female,West,Consumer,Electronics,Laptop,6,926.85,0.05,5283.04,726.62,Credit Card
ORD-104323,2023-07-13 19:00:00,CUST-1418,Customer 265,32,Male,South,Home Office,Office Supplies,Printer Paper,7,21.02,0.0,147.14,21.41,Credit Card
ORD-104324,2024-12-09 13:00:00,CUST-1652,Customer 764,35,Male,Central,Corporate,Office Supplies,Binder,7,5.11,0.0,35.77,12.17,Cash
ORD-104325,2023-10-14 13:00:00,CUST-1350,Customer 187,38,Female,East,Corporate,Office Supplies,Notebook,4,4.17,0.1,15.01,2.96,UPI
ORD-104326,2024-09-12 10:00:00,CUST-1791,Customer 314,46,Female,Central,Corporate,Office Supplies,Printer Paper,7,19.79,0.0,138.53,42.32,Credit Card
ORD-104327,2023-11-07 09:00:00,CUST-1150,Customer 310,46,Male,West,Corporate,Electronics,Smartwatch,4,162.41,0.1,584.68,179.76,Credit Card
ORD-104328,2023-02-05 13:00:00,CUST-1326,Customer 413,45,Other,East,Home Office,Electronics,Smartphone,4,692.48,0.05,2631.42,431.37,Credit Card
ORD-104329,2024-10-03 15:00:00,CUST-1191,Customer 280,50,Male,South,Corporate,Office Supplies,Notebook,2,4.31,0.05,8.19,1.05,UPI
ORD-104330,2023-05-16 09:00:00,CUST-1213,Customer 523,33,Female,East,Consumer,Office Supplies,Stapler,5,11.35,0.0,56.75,10.16,Cash
ORD-104331,2023-07-17 13:00:00,CUST-1657,Customer 733,43,Male,West,Home Office,Electronics,Laptop,3,927.46,0.2,2225.9,533.8,Net Banking
ORD-104332,2024-09-20 16:00:00,CUST-1569,Customer 420,61,Female,Central,Consumer,Furniture,Office Chair,4,125.41,0.15,426.39,91.34,UPI
ORD-104333,2024-10-14 18:00:00,CUST-1534,Customer 890,36,Male,Central,Home Office,Office Supplies,Stapler,7,13.66,0.0,95.62,26.67,Credit Card
ORD-104334,2024-10-31 20:00:00,CUST-1069,Customer 576,69,Female,East,Home Office,Office Supplies,Binder,4,6.92,0.05,26.3,6.0,Credit Card
ORD-104335,2023-11-07 12:00:00,CUST-1744,Customer 274,43,Female,Central,Consumer,Clothing,Hoodie,3,40.8,0.1,110.16,32.77,UPI
ORD-104336,2024-07-06 13:00:00,CUST-1755,Customer 239,37,Male,Central,Home Office,Furniture,Sofa,5,493.25,0.0,2466.25,266.51,UPI
ORD-104337,2023-08-28 19:00:00,CUST-1545,Customer 47,54,Male,South,Consumer,Office Supplies,Pen Set,6,7.93,0.05,45.2,8.97,Credit Card
ORD-104338,2024-06-24 17:00:00,CUST-1325,Customer 7,38,Female,East,Corporate,Office Supplies,Pen Set,5,7.77,0.15,33.02,2.78,Credit Card
ORD-104339,2024-01-02 11:00:00,CUST-1048,Customer 649,38,Male,East,Corporate,Furniture,Sofa,1,554.65,0.05,526.92,59.34,Cash
ORD-104340,2023-02-07 16:00:00,CUST-1358,Customer 679,37,Male,South,Home Office,Electronics,Laptop,2,813.2,0.15,1382.44,234.33,UPI
ORD-104341,2023-11-01 10:00:00,CUST-1093,Customer 433,46,Female,Central,Consumer,Electronics,Headphones,1,79.28,0.0,79.28,25.64,UPI
ORD-104342,2023-12-08 13:00:00,CUST-1521,Customer 136,20,Male,West,Consumer,Clothing,Sneakers,7,81.17,0.15,482.96,88.21,UPI
ORD-104343,2023-07-07 11:00:00,CUST-1578,Customer 390,37,Female,Central,Consumer,Electronics,Tablet,3,367.15,0.2,881.16,135.55,UPI
ORD-104344,2023-10-01 20:00:00,CUST-1058,Customer 506,57,Female,East,Consumer,Office Supplies,Notebook,4,4.54,0.0,18.16,4.74,Credit Card
ORD-104345,2024-01-02 08:00:00,CUST-1200,Customer 316,35,Male,South,Consumer,Office Supplies,Pen Set,7,7.26,0.0,50.82,13.72,Net Banking
ORD-104346,2023-02-06 19:00:00,CUST-1518,Customer 448,46,Male,Central,Consumer,Furniture,Desk,7,206.62,0.05,1374.02,288.49,Credit Card
ORD-104347,2023-04-21 11:00:00,CUST-1198,Customer 423,33,Male,South,Corporate,Clothing,Jacket,2,66.48,0.15,113.02,17.85,Credit Card
ORD-104348,2024-07-13 08:00:00,CUST-1683,Customer 111,66,Female,West,Corporate,Clothing,T-Shirt,7,16.31,0.0,114.17,18.44,UPI
ORD-104349,2023-09-14 16:00:00,CUST-1325,Customer 123,29,Male,South,Consumer,Electronics,Tablet,6,337.42,0.0,2024.52,263.38,UPI
ORD-104350,2024-03-20 16:00:00,CUST-1538,Customer 44,58,Female,West,Consumer,Clothing,Hoodie,5,44.86,0.1,201.87,35.91,UPI
ORD-104351,2024-02-18 09:00:00,CUST-1596,Customer 551,57,Female,East,Home Office,Office Supplies,Pen Set,2,8.32,0.0,16.64,2.09,Net Banking
ORD-104352,2024-02-07 08:00:00,CUST-1482,Customer 795,39,Female,West,Corporate,Furniture,Bookshelf,5,78.18,0.05,371.36,94.17,Credit Card
ORD-104353,2023-10-29 09:00:00,CUST-1511,Customer 836,69,Male,South,Consumer,Clothing,Jacket,5,80.16,0.05,380.76,122.44,Credit Card
ORD-104354,2023-12-19 13:00:00,CUST-1459,Customer 584,69,Male,Central,Consumer,Clothing,T-Shirt,4,20.31,0.2,64.99,9.66,Credit Card
ORD-104355,2024-08-24 09:00:00,CUST-1155,Customer 827,19,Female,West,Consumer,Furniture,Lamp,5,34.57,0.0,172.85,25.13,Credit Card
ORD-104356,2024-12-05 17:00:00,CUST-1235,Customer 339,47,Female,East,Consumer,Home & Kitchen,Towel Pack,2,20.59,0.15,35.0,11.29,Cash
ORD-104357,2023-07-07 09:00:00,CUST-1717,Customer 664,28,Female,Central,Home Office,Office Supplies,Pen Set,5,8.94,0.05,42.46,9.91,UPI
ORD-104358,2024-05-03 18:00:00,CUST-1281,Customer 459,69,Male,Central,Consumer,Office Supplies,Stapler,2,10.3,0.15,17.51,4.85,Credit Card
ORD-104359,2024-12-08 19:00:00,CUST-1777,Customer 351,68,Female,West,Consumer,Electronics,Smartphone,3,703.98,0.0,2111.94,675.96,UPI
ORD-104360,2023-01-06 17:00:00,CUST-1460,Customer 618,40,Male,Central,Corporate,Electronics,Smartphone,4,701.52,0.05,2665.78,691.88,Cash
ORD-104361,2024-07-26 20:00:00,CUST-1633,Customer 829,35,Female,East,Home Office,Furniture,Desk,2,255.37,0.1,459.67,128.92,Net Banking
ORD-104362,2023-12-29 20:00:00,CUST-1184,Customer 421,60,Female,West,Consumer,Office Supplies,Notebook,7,3.53,0.1,22.24,4.1,Credit Card
ORD-104363,2024-12-07 08:00:00,CUST-1154,Customer 594,38,Male,West,Corporate,Office Supplies,Binder,7,5.33,0.0,37.31,12.44,UPI
ORD-104364,2024-02-27 12:00:00,CUST-1305,Customer 200,56,Female,East,Home Office,Clothing,Sneakers,4,98.21,0.05,373.2,100.78,Credit Card
ORD-104365,2024-09-03 17:00:00,CUST-1634,Customer 453,52,Female,West,Home Office,Electronics,Tablet,4,345.56,0.0,1382.24,137.34,Net Banking
ORD-104366,2023-05-02 12:00:00,CUST-1549,Customer 596,32,Male,South,Consumer,Clothing,T-Shirt,3,17.77,0.0,53.31,12.83,Net Banking
ORD-104367,2023-04-14 17:00:00,CUST-1417,Customer 256,36,Male,East,Consumer,Clothing,Sneakers,2,89.31,0.1,160.76,16.97,UPI
ORD-104368,2024-11-07 18:00:00,CUST-1144,Customer 710,66,Female,East,Corporate,Clothing,Jacket,7,65.29,0.2,365.62,80.79,UPI
ORD-104369,2024-01-20 20:00:00,CUST-1022,Customer 679,43,Female,West,Home Office,Clothing,Sneakers,3,91.4,0.05,260.49,27.06,UPI
ORD-104370,2024-02-12 12:00:00,CUST-1102,Customer 767,39,Male,West,Corporate,Home & Kitchen,Storage Box,7,18.89,0.0,132.23,32.97,UPI
ORD-104371,2023-05-05 12:00:00,CUST-1534,Customer 717,64,Male,South,Home Office,Electronics,Smartphone,1,673.63,0.0,673.63,136.89,UPI
ORD-104372,2023-06-15 08:00:00,CUST-1765,Customer 552,47,Female,Central,Corporate,Clothing,T-Shirt,1,18.23,0.0,18.23,4.18,UPI
ORD-104373,2024-08-20 11:00:00,CUST-1781,Customer 503,47,Male,Central,Consumer,Home & Kitchen,Blender,4,65.25,0.0,261.0,66.61,Net Banking
ORD-104374,2023-08-10 11:00:00,CUST-1612,Customer 852,38,Male,East,Consumer,Office Supplies,Stapler,6,13.09,0.1,70.69,10.43,UPI
ORD-104375,2024-03-02 13:00:00,CUST-1345,Customer 258,52,Male,East,Home Office,Electronics,Laptop,3,739.45,0.0,2218.35,368.85,Credit Card
ORD-104376,2023-08-20 13:00:00,CUST-1574,Customer 52,20,Female,West,Consumer,Home & Kitchen,Blender,6,59.65,0.0,357.9,75.22,UPI
ORD-104377,2023-07-12 19:00:00,CUST-1050,Customer 350,29,Male,Central,Corporate,Electronics,Laptop,1,740.26,0.1,666.23,155.17,UPI
ORD-104378,2023-05-02 18:00:00,CUST-1281,Customer 379,60,Male,East,Consumer,Furniture,Desk,6,210.66,0.0,1263.96,416.33,Credit Card
ORD-104379,2024-11-09 17:00:00,CUST-1184,Customer 561,31,Male,South,Consumer,Electronics,Laptop,4,905.67,0.0,3622.68,634.02,UPI
ORD-104380,2024-11-17 08:00:00,CUST-1779,Customer 126,69,Male,South,Corporate,Office Supplies,Stapler,2,11.11,0.05,21.11,5.06,Credit Card
ORD-104381,2023-03-26 14:00:00,CUST-1446,Customer 201,64,Other,Central,Consumer,Furniture,Sofa,5,414.42,0.0,2072.1,681.9,UPI
ORD-104382,2023-09-15 17:00:00,CUST-1751,Customer 823,37,Male,West,Home Office,Office Supplies,Pen Set,6,8.53,0.05,48.62,13.31,Credit Card
ORD-104383,2024-02-16 11:00:00,CUST-1632,Customer 424,65,Male,Central,Consumer,Home & Kitchen,Blender,7,52.25,0.05,347.46,58.6,Credit Card
ORD-104384,2023-10-07 13:00:00,CUST-1586,Customer 407,55,Female,East,Corporate,Office Supplies,Stapler,1,12.44,0.05,11.82,2.27,Net Banking
ORD-104385,2024-06-10 17:00:00,CUST-1148,Customer 38,59,Other,South,Consumer,Office Supplies,Notebook,5,3.77,0.0,18.85,5.98,Credit Card
ORD-104386,2023-07-09 18:00:00,CUST-1061,Customer 27,42,Female,West,Consumer,Home & Kitchen,Towel Pack,3,23.99,0.0,71.97,14.26,Credit Card
ORD-104387,2023-02-12 19:00:00,CUST-1175,Customer 724,24,Male,Central,Consumer,Clothing,Jeans,4,52.36,0.05,198.97,29.46,Credit Card
ORD-104388,2023-09-03 13:00:00,CUST-1660,Customer 572,46,Female,East,Consumer,Electronics,Headphones,4,70.42,0.0,281.68,62.32,UPI
ORD-104389,2024-03-12 13:00:00,CUST-1737,Customer 344,60,Female,Central,Corporate,Electronics,Smartphone,6,697.63,0.0,4185.78,545.07,Net Banking
ORD-104390,2023-05-12 12:00:00,CUST-1559,Customer 356,22,Female,East,Consumer,Office Supplies,Pen Set,3,7.24,0.0,21.72,5.15,UPI
ORD-104391,2024-08-18 16:00:00,CUST-1705,Customer 401,18,Male,East,Consumer,Clothing,T-Shirt,2,17.38,0.0,34.76,12.09,Net Banking
ORD-104392,2023-01-09 13:00:00,CUST-1059,Customer 723,60,Male,West,Home Office,Office Supplies,Stapler,4,11.7,0.0,46.8,15.99,Credit Card
ORD-104393,2023-02-19 13:00:00,CUST-1732,Customer 796,49,Male,East,Corporate,Electronics,Laptop,5,783.88,0.2,3135.52,770.48,Credit Card
ORD-104394,2024-01-07 10:00:00,CUST-1086,Customer 390,45,Female,East,Home Office,Clothing,Sneakers,6,74.49,0.05,424.59,135.57,Net Banking
ORD-104395,2024-01-09 14:00:00,CUST-1140,Customer 357,53,Male,South,Corporate,Office Supplies,Pen Set,1,8.95,0.05,8.5,2.55,Credit Card
ORD-104396,2023-08-04 11:00:00,CUST-1663,Customer 368,53,Female,East,Corporate,Office Supplies,Stapler,4,13.53,0.0,54.12,18.22,UPI
ORD-104397,2023-07-08 14:00:00,CUST-1746,Customer 428,40,Female,Central,Consumer,Home & Kitchen,Cookware Set,1,143.87,0.0,143.87,45.42,UPI
ORD-104398,2023-02-20 19:00:00,CUST-1126,Customer 271,49,Female,East,Home Office,Clothing,Sneakers,5,100.05,0.1,450.22,145.4,Net Banking
ORD-104399,2024-04-28 18:00:00,CUST-1271,Customer 266,42,Female,Central,Consumer,Office Supplies,Printer Paper,5,18.04,0.1,81.18,11.53,UPI
ORD-104400,2023-10-04 14:00:00,CUST-1660,Customer 413,28,Female,South,Corporate,Office Supplies,Stapler,6,10.76,0.2,51.65,6.34,Net Banking
ORD-104401,2023-03-28 20:00:00,CUST-1413,Customer 726,56,Male,West,Consumer,Office Supplies,Binder,2,5.12,0.0,10.24,0.94,UPI
ORD-104402,2023-10-19 20:00:00,CUST-1323,Customer 257,37,Female,South,Consumer,Office Supplies,Pen Set,6,8.29,0.0,49.74,12.83,Credit Card
ORD-104403,2024-11-15 13:00:00,CUST-1365,Customer 393,64,Male,Central,Home Office,Office Supplies,Printer Paper,5,20.72,0.1,93.24,30.96,Credit Card
ORD-104404,2023-07-10 17:00:00,CUST-1234,Customer 235,38,Male,Central,Consumer,Clothing,Jeans,5,42.47,0.0,212.35,73.97,UPI
ORD-104405,2024-10-15 12:00:00,CUST-1782,Customer 434,27,Male,East,Consumer,Office Supplies,Printer Paper,5,16.55,0.0,82.75,25.66,Credit Card
ORD-104406,2023-07-08 19:00:00,CUST-1420,Customer 102,61,Female,South,Corporate,Office Supplies,Stapler,4,12.04,0.0,48.16,14.66,Credit Card
ORD-104407,2023-05-16 12:00:00,CUST-1210,Customer 443,25,Male,South,Home Office,Electronics,Tablet,1,395.33,0.0,395.33,87.01,UPI
ORD-104408,2023-07-10 11:00:00,CUST-1716,Customer 632,69,Male,East,Home Office,Clothing,Jeans,6,45.36,0.1,244.94,49.48,UPI
ORD-104409,2023-08-24 09:00:00,CUST-1766,Customer 609,50,Male,East,Corporate,Office Supplies,Stapler,3,13.24,0.15,33.76,8.54,UPI
ORD-104410,2023-03-30 18:00:00,CUST-1051,Customer 565,43,Female,West,Consumer,Furniture,Office Chair,1,141.66,0.05,134.58,11.59,Net Banking
ORD-104411,2024-03-04 11:00:00,CUST-1767,Customer 487,29,Female,East,Consumer,Furniture,Sofa,5,470.66,0.0,2353.3,692.97,Credit Card
ORD-104412,2023-09-01 18:00:00,CUST-1774,Customer 543,28,Female,West,Consumer,Electronics,Laptop,7,853.67,0.1,5378.12,1384.98,Net Banking
ORD-104413,2024-06-08 09:00:00,CUST-1733,Customer 391,28,Male,South,Consumer,Home & Kitchen,Cookware Set,5,134.27,0.05,637.78,80.3,UPI
ORD-104414,2023-12-25 14:00:00,CUST-1113,Customer 847,61,Female,South,Home Office,Home & Kitchen,Blender,2,61.27,0.1,110.29,27.75,Cash
ORD-104415,2023-11-20 13:00:00,CUST-1285,Customer 589,28,Male,West,Home Office,Office Supplies,Pen Set,6,8.01,0.05,45.66,11.04,UPI
ORD-104416,2023-12-10 13:00:00,CUST-1693,Customer 268,19,Male,East,Consumer,Furniture,Bookshelf,6,84.93,0.2,407.66,119.35,Credit Card
ORD-104417,2023-04-25 10:00:00,CUST-1300,Customer 574,28,Female,Central,Consumer,Clothing,Jeans,3,40.44,0.0,121.32,37.14,Cash
ORD-104418,2024-06-04 08:00:00,CUST-1349,Customer 293,49,Female,South,Home Office,Office Supplies,Pen Set,4,6.8,0.05,25.84,3.84,Cash
ORD-104419,2023-03-18 12:00:00,CUST-1163,Customer 639,42,Female,Central,Consumer,Home & Kitchen,Blender,6,48.93,0.1,264.22,79.24,Cash
ORD-104420,2024-06-10 14:00:00,CUST-1335,Customer 324,37,Male,South,Consumer,Electronics,Smartwatch,2,172.45,0.15,293.16,37.87,Net Banking
ORD-104421,2024-12-30 18:00:00,CUST-1380,Customer 423,68,Female,Central,Consumer,Electronics,Smartwatch,3,207.38,0.15,528.82,98.59,Credit Card
ORD-104422,2024-07-11 14:00:00,CUST-1326,Customer 518,35,Male,West,Consumer,Office Supplies,Stapler,4,13.64,0.0,54.56,11.62,Net Banking
ORD-104423,2023-11-29 11:00:00,CUST-1198,Customer 882,61,Female,East,Consumer,Electronics,Laptop,1,941.74,0.05,894.65,266.01,Net Banking
ORD-104424,2023-08-18 11:00:00,CUST-1070,Customer 488,24,Female,South,Corporate,Office Supplies,Notebook,2,4.41,0.0,8.82,2.85,Net Banking
ORD-104425,2024-09-28 15:00:00,CUST-1501,Customer 518,46,Male,Central,Consumer,Clothing,Sneakers,5,101.83,0.05,483.69,40.94,UPI
ORD-104426,2023-07-07 13:00:00,CUST-1050,Customer 821,24,Male,Central,Consumer,Electronics,Tablet,2,403.55,0.0,807.1,225.23,Cash
ORD-104427,2023-12-19 19:00:00,CUST-1694,Customer 718,22,Male,Central,Consumer,Furniture,Lamp,2,33.04,0.0,66.08,20.94,UPI
ORD-104428,2024-07-16 13:00:00,CUST-1058,Customer 30,53,Female,East,Consumer,Clothing,Jacket,3,67.56,0.15,172.28,58.17,UPI
ORD-104429,2024-11-04 15:00:00,CUST-1759,Customer 419,52,Female,East,Consumer,Clothing,Jacket,1,67.77,0.1,60.99,9.29,Net Banking
ORD-104430,2024-11-03 08:00:00,CUST-1443,Customer 632,47,Female,South,Consumer,Office Supplies,Notebook,5,4.65,0.05,22.09,2.8,Credit Card
ORD-104431,2023-03-06 10:00:00,CUST-1350,Customer 303,41,Female,West,Consumer,Electronics,Laptop,2,752.95,0.0,1505.9,323.34,Net Banking
ORD-104432,2024-10-17 19:00:00,CUST-1677,Customer 218,32,Female,East,Consumer,Office Supplies,Printer Paper,5,17.44,0.0,87.2,28.19,UPI
ORD-104433,2023-03-25 12:00:00,CUST-1345,Customer 472,58,Female,Central,Home Office,Furniture,Bookshelf,6,93.21,0.0,559.26,92.4,Credit Card
ORD-104434,2024-03-02 13:00:00,CUST-1110,Customer 156,27,Female,East,Consumer,Clothing,Jacket,4,79.85,0.0,319.4,69.11,UPI
ORD-104435,2024-11-09 15:00:00,CUST-1411,Customer 519,43,Male,Central,Corporate,Office Supplies,Pen Set,7,8.47,0.15,50.4,17.58,UPI
ORD-104436,2024-04-23 08:00:00,CUST-1390,Customer 600,67,Male,Central,Home Office,Electronics,Smartphone,2,697.65,0.05,1325.54,269.26,Credit Card
ORD-104437,2024-11-22 14:00:00,CUST-1729,Customer 278,52,Female,Central,Consumer,Clothing,Hoodie,7,42.0,0.0,294.0,73.39,Cash
ORD-104438,2023-09-09 12:00:00,CUST-1413,Customer 577,61,Female,South,Consumer,Office Supplies,Binder,3,6.89,0.1,18.6,6.49,Credit Card
ORD-104439,2023-08-18 09:00:00,CUST-1062,Customer 679,28,Male,East,Consumer,Electronics,Smartwatch,3,167.13,0.0,501.39,89.83,UPI
ORD-104440,2023-08-27 13:00:00,CUST-1270,Customer 254,19,Male,South,Home Office,Office Supplies,Pen Set,7,9.21,0.0,64.47,9.91,Credit Card
ORD-104441,2023-09-17 13:00:00,CUST-1245,Customer 385,61,Male,Central,Corporate,Home & Kitchen,Towel Pack,4,23.24,0.0,92.96,14.53,Credit Card
ORD-104442,2024-05-13 10:00:00,CUST-1178,Customer 530,47,Male,South,Consumer,Clothing,Jeans,6,41.76,0.0,250.56,61.79,Credit Card
ORD-104443,2023-11-27 15:00:00,CUST-1157,Customer 594,58,Male,South,Consumer,Furniture,Bookshelf,6,107.3,0.05,611.61,75.8,Credit Card
ORD-104444,2024-06-22 17:00:00,CUST-1063,Customer 552,61,Female,East,Consumer,Clothing,T-Shirt,4,21.22,0.1,76.39,9.5,Cash
ORD-104445,2023-10-31 11:00:00,CUST-1620,Customer 259,37,Female,West,Corporate,Furniture,Sofa,3,550.08,0.05,1567.73,235.53,UPI
ORD-104446,2023-08-13 20:00:00,CUST-1316,Customer 119,23,Female,East,Corporate,Office Supplies,Notebook,4,4.68,0.1,16.85,3.81,Cash
ORD-104447,2023-05-19 15:00:00,CUST-1302,Customer 436,68,Male,Central,Consumer,Office Supplies,Printer Paper,3,17.71,0.15,45.16,13.91,UPI
ORD-104448,2024-02-07 18:00:00,CUST-1346,Customer 270,33,Male,East,Consumer,Electronics,Smartwatch,3,176.65,0.1,476.96,106.32,Credit Card
ORD-104449,2024-10-17 08:00:00,CUST-1771,Customer 317,26,Male,East,Corporate,Furniture,Office Chair,2,127.96,0.2,204.74,59.64,Net Banking
ORD-104450,2024-09-19 17:00:00,CUST-1560,Customer 718,47,Male,South,Home Office,Home & Kitchen,Cookware Set,7,138.7,0.15,825.26,279.38,Cash
ORD-104451,2023-07-04 12:00:00,CUST-1783,Customer 377,19,Female,South,Consumer,Electronics,Smartphone,5,706.38,0.1,3178.71,889.4,Credit Card
ORD-104452,2023-12-15 17:00:00,CUST-1479,Customer 820,21,Male,Central,Corporate,Clothing,Jacket,6,89.5,0.0,537.0,136.16,UPI
ORD-104453,2024-05-29 18:00:00,CUST-1704,Customer 608,57,Male,West,Home Office,Office Supplies,Notebook,5,4.59,0.0,22.95,1.89,UPI
ORD-104454,2024-03-23 11:00:00,CUST-1740,Customer 151,22,Female,South,Consumer,Office Supplies,Printer Paper,3,19.28,0.1,52.06,10.47,UPI
ORD-104455,2023-02-19 11:00:00,CUST-1407,Customer 141,49,Female,South,Consumer,Electronics,Headphones,3,71.98,0.1,194.35,29.61,Credit Card
ORD-104456,2024-03-07 08:00:00,CUST-1393,Customer 597,41,Male,East,Consumer,Electronics,Smartphone,7,562.77,0.1,3545.45,774.16,UPI
ORD-104457,2023-01-29 15:00:00,CUST-1744,Customer 221,23,Female,East,Consumer,Electronics,Tablet,1,345.37,0.05,328.1,110.5,Credit Card
ORD-104458,2023-03-27 18:00:00,CUST-1577,Customer 841,67,Male,South,Consumer,Office Supplies,Printer Paper,3,20.14,0.1,54.38,9.06,UPI
ORD-104459,2024-04-22 13:00:00,CUST-1301,Customer 324,26,Male,East,Home Office,Home & Kitchen,Towel Pack,6,20.03,0.1,108.16,13.35,UPI
ORD-104460,2023-03-16 10:00:00,CUST-1255,Customer 30,51,Male,Central,Home Office,Home & Kitchen,Blender,4,64.37,0.05,244.61,74.11,UPI
ORD-104461,2023-09-05 12:00:00,CUST-1314,Customer 246,24,Female,West,Corporate,Electronics,Headphones,5,87.15,0.0,435.75,151.4,Credit Card
ORD-104462,2024-03-05 13:00:00,CUST-1204,Customer 762,48,Female,West,Home Office,Electronics,Smartwatch,1,182.27,0.05,173.16,50.32,Credit Card
ORD-104463,2024-04-23 19:00:00,CUST-1378,Customer 157,26,Female,East,Home Office,Electronics,Tablet,2,394.41,0.0,788.82,92.58,UPI
ORD-104464,2023-11-22 09:00:00,CUST-1539,Customer 409,64,Female,Central,Corporate,Home & Kitchen,Towel Pack,5,23.31,0.0,116.55,26.65,UPI
ORD-104465,2023-03-10 12:00:00,CUST-1557,Customer 735,41,Male,Central,Home Office,Electronics,Laptop,3,940.61,0.05,2680.74,507.74,UPI
ORD-104466,2024-08-06 16:00:00,CUST-1033,Customer 782,18,Female,South,Home Office,Electronics,Smartwatch,4,187.13,0.0,748.52,187.9,UPI
ORD-104467,2024-11-24 11:00:00,CUST-1050,Customer 146,20,Male,West,Consumer,Office Supplies,Notebook,7,3.95,0.15,23.5,6.12,Credit Card
ORD-104468,2024-10-10 19:00:00,CUST-1502,Customer 710,46,Female,South,Home Office,Office Supplies,Pen Set,5,6.84,0.05,32.49,9.68,UPI
ORD-104469,2024-06-30 19:00:00,CUST-1428,Customer 577,45,Male,East,Home Office,Electronics,Tablet,5,353.01,0.05,1676.8,242.84,UPI
ORD-104470,2023-10-21 12:00:00,CUST-1045,Customer 179,35,Male,East,Consumer,Office Supplies,Binder,2,6.7,0.0,13.4,4.56,UPI
ORD-104471,2024-10-01 17:00:00,CUST-1772,Customer 406,49,Female,South,Corporate,Electronics,Tablet,5,404.29,0.1,1819.3,251.0,UPI
ORD-104472,2023-12-23 17:00:00,CUST-1782,Customer 114,59,Female,East,Consumer,Electronics,Smartphone,7,720.61,0.05,4792.06,543.93,UPI
ORD-104473,2023-04-10 16:00:00,CUST-1053,Customer 147,55,Female,East,Consumer,Electronics,Smartwatch,5,167.28,0.05,794.58,241.39,UPI
ORD-104474,2024-09-12 10:00:00,CUST-1004,Customer 802,56,Female,East,Corporate,Furniture,Sofa,6,572.73,0.05,3264.56,669.49,Cash
ORD-104475,2023-08-22 08:00:00,CUST-1069,Customer 267,67,Male,Central,Consumer,Home & Kitchen,Coffee Maker,7,63.16,0.05,420.01,89.19,UPI
ORD-104476,2024-11-16 12:00:00,CUST-1520,Customer 313,28,Male,Central,Corporate,Office Supplies,Binder,7,5.19,0.05,34.51,5.73,Net Banking
ORD-104477,2023-09-26 09:00:00,CUST-1755,Customer 99,22,Male,South,Consumer,Clothing,Hoodie,3,44.49,0.1,120.12,11.11,Net Banking
ORD-104478,2024-09-26 11:00:00,CUST-1324,Customer 320,24,Male,East,Consumer,Furniture,Office Chair,3,163.39,0.1,441.15,58.35,Credit Card
ORD-104479,2024-01-28 16:00:00,CUST-1664,Customer 87,19,Male,West,Corporate,Clothing,Sneakers,2,100.51,0.0,201.02,57.42,Net Banking
ORD-104480,2023-12-08 15:00:00,CUST-1168,Customer 714,33,Male,West,Home Office,Home & Kitchen,Cookware Set,6,136.65,0.15,696.92,97.98,UPI
ORD-104481,2023-08-05 10:00:00,CUST-1000,Customer 323,25,Female,South,Consumer,Furniture,Sofa,3,442.42,0.0,1327.26,461.91,Net Banking
ORD-104482,2024-09-02 08:00:00,CUST-1385,Customer 879,65,Male,Central,Consumer,Home & Kitchen,Cookware Set,6,108.47,0.0,650.82,190.22,Net Banking
ORD-104483,2023-02-14 10:00:00,CUST-1361,Customer 679,35,Male,West,Consumer,Office Supplies,Pen Set,6,6.97,0.0,41.82,12.93,UPI
ORD-104484,2023-12-09 13:00:00,CUST-1797,Customer 746,29,Male,East,Consumer,Clothing,T-Shirt,5,18.97,0.0,94.85,29.95,Credit Card
ORD-104485,2023-09-27 18:00:00,CUST-1247,Customer 358,45,Female,West,Consumer,Electronics,Headphones,1,81.64,0.0,81.64,22.38,UPI
ORD-104486,2024-02-01 12:00:00,CUST-1345,Customer 852,40,Male,Central,Consumer,Office Supplies,Binder,5,5.33,0.1,23.98,4.94,Credit Card
ORD-104487,2023-07-05 11:00:00,CUST-1134,Customer 512,18,Female,West,Corporate,Office Supplies,Binder,2,6.08,0.05,11.55,3.78,UPI
ORD-104488,2024-04-30 15:00:00,CUST-1320,Customer 121,67,Female,Central,Consumer,Home & Kitchen,Coffee Maker,4,73.4,0.2,234.88,45.84,UPI
ORD-104489,2023-10-09 08:00:00,CUST-1041,Customer 116,54,Female,West,Corporate,Home & Kitchen,Storage Box,2,17.65,0.0,35.3,3.74,UPI
ORD-104490,2023-05-18 10:00:00,CUST-1274,Customer 833,60,Female,East,Consumer,Furniture,Desk,1,218.89,0.05,207.95,50.12,Credit Card
ORD-104491,2023-05-24 08:00:00,CUST-1199,Customer 793,67,Female,Central,Home Office,Home & Kitchen,Cookware Set,5,115.37,0.0,576.85,62.59,Cash
ORD-104492,2024-05-23 14:00:00,CUST-1302,Customer 552,64,Male,Central,Consumer,Home & Kitchen,Coffee Maker,4,75.81,0.05,288.08,74.02,UPI
ORD-104493,2023-07-11 13:00:00,CUST-1522,Customer 298,30,Female,East,Consumer,Office Supplies,Stapler,5,13.07,0.0,65.35,22.83,UPI
ORD-104494,2023-08-13 15:00:00,CUST-1627,Customer 610,57,Male,Central,Consumer,Electronics,Headphones,4,75.57,0.05,287.17,75.33,Cash
ORD-104495,2024-04-02 16:00:00,CUST-1243,Customer 171,18,Male,South,Corporate,Electronics,Smartwatch,3,162.82,0.1,439.61,60.16,Cash
ORD-104496,2023-08-29 13:00:00,CUST-1699,Customer 775,36,Female,Central,Home Office,Electronics,Headphones,1,94.48,0.0,94.48,11.08,UPI
ORD-104497,2023-10-11 19:00:00,CUST-1246,Customer 318,57,Female,Central,Consumer,Electronics,Headphones,2,89.15,0.0,178.3,31.42,Credit Card
ORD-104498,2023-06-28 19:00:00,CUST-1062,Customer 356,54,Male,Central,Consumer,Home & Kitchen,Towel Pack,7,20.25,0.0,141.75,16.92,Credit Card
ORD-104499,2023-09-10 09:00:00,CUST-1210,Customer 872,58,Male,West,Corporate,Electronics,Headphones,6,83.84,0.0,503.04,117.62,UPI
ORD-104500,2024-05-20 19:00:00,CUST-1192,Customer 774,57,Male,East,Consumer,Clothing,Jacket,4,79.37,0.05,301.61,87.9,Credit Card
ORD-104501,2024-01-25 10:00:00,CUST-1077,Customer 567,20,Female,West,Corporate,Office Supplies,Notebook,1,3.58,0.05,3.4,0.88,Cash
ORD-104502,2024-12-29 11:00:00,CUST-1527,Customer 86,48,Female,East,Consumer,Office Supplies,Binder,7,5.5,0.1,34.65,8.55,Credit Card
ORD-104503,2024-07-17 14:00:00,CUST-1474,Customer 109,50,Male,Central,Home Office,Electronics,Laptop,6,1007.12,0.2,4834.18,955.3,Credit Card
ORD-104504,2023-01-13 08:00:00,CUST-1244,Customer 477,26,Male,Central,Home Office,Office Supplies,Binder,1,6.17,0.0,6.17,0.78,UPI
ORD-104505,2023-10-04 12:00:00,CUST-1585,Customer 146,30,Male,East,Consumer,Office Supplies,Printer Paper,2,16.51,0.15,28.07,7.08,UPI
ORD-104506,2023-07-31 10:00:00,CUST-1176,Customer 234,43,Female,South,Consumer,Office Supplies,Binder,2,6.77,0.1,12.19,2.36,Credit Card
ORD-104507,2024-03-04 14:00:00,CUST-1784,Customer 686,50,Female,South,Corporate,Electronics,Laptop,7,862.5,0.0,6037.5,980.94,Cash
ORD-104508,2023-07-13 18:00:00,CUST-1279,Customer 281,62,Female,East,Corporate,Clothing,Jeans,7,48.3,0.1,304.29,78.51,Net Banking
ORD-104509,2024-12-06 20:00:00,CUST-1181,Customer 760,55,Female,West,Corporate,Electronics,Laptop,3,811.01,0.05,2311.38,421.14,Credit Card
ORD-104510,2023-08-07 10:00:00,CUST-1597,Customer 630,68,Male,East,Consumer,Office Supplies,Stapler,2,10.44,0.1,18.79,2.36,Net Banking
ORD-104511,2024-01-17 15:00:00,CUST-1130,Customer 75,29,Male,South,Consumer,Furniture,Lamp,5,31.77,0.1,142.96,30.1,UPI
ORD-104512,2023-03-31 14:00:00,CUST-1767,Customer 33,38,Male,West,Corporate,Electronics,Smartwatch,2,226.21,0.15,384.56,60.79,UPI
ORD-104513,2024-10-26 13:00:00,CUST-1565,Customer 265,31,Female,Central,Consumer,Clothing,Sneakers,1,90.8,0.1,81.72,22.72,Cash
ORD-104514,2024-10-27 16:00:00,CUST-1164,Customer 59,64,Female,South,Corporate,Electronics,Tablet,2,387.9,0.1,698.22,64.73,Cash
ORD-104515,2024-08-02 20:00:00,CUST-1258,Customer 43,49,Female,Central,Consumer,Home & Kitchen,Blender,2,47.16,0.0,94.32,29.26,UPI
ORD-104516,2023-09-14 13:00:00,CUST-1773,Customer 447,44,Male,South,Consumer,Home & Kitchen,Towel Pack,1,24.59,0.2,19.67,4.02,UPI
ORD-104517,2023-02-12 08:00:00,CUST-1406,Customer 112,48,Female,East,Home Office,Furniture,Desk,5,224.34,0.05,1065.62,89.84,Credit Card
ORD-104518,2024-06-03 19:00:00,CUST-1438,Customer 889,34,Male,East,Consumer,Furniture,Sofa,3,519.77,0.1,1403.38,162.8,Credit Card
ORD-104519,2023-11-10 20:00:00,CUST-1566,Customer 124,64,Male,West,Consumer,Electronics,Smartwatch,4,185.32,0.15,630.09,211.25,UPI
ORD-104520,2024-12-23 12:00:00,CUST-1205,Customer 816,49,Male,South,Home Office,Home & Kitchen,Towel Pack,4,23.48,0.0,93.92,21.13,UPI
ORD-104521,2024-05-24 14:00:00,CUST-1335,Customer 394,44,Male,East,Corporate,Office Supplies,Stapler,6,10.35,0.0,62.1,17.85,Net Banking
ORD-104522,2024-01-29 19:00:00,CUST-1335,Customer 506,54,Male,West,Corporate,Electronics,Smartwatch,6,164.53,0.1,888.46,282.84,UPI
ORD-104523,2024-12-21 14:00:00,CUST-1297,Customer 12,59,Male,South,Home Office,Office Supplies,Stapler,4,13.56,0.15,46.1,7.67,UPI
ORD-104524,2024-08-07 14:00:00,CUST-1251,Customer 718,38,Female,East,Corporate,Electronics,Smartwatch,6,169.78,0.1,916.81,208.73,UPI
ORD-104525,2023-12-01 19:00:00,CUST-1351,Customer 642,56,Female,Central,Consumer,Office Supplies,Stapler,4,10.26,0.05,38.99,9.97,UPI
ORD-104526,2023-01-14 18:00:00,CUST-1629,Customer 462,59,Female,East,Consumer,Office Supplies,Pen Set,1,9.35,0.0,9.35,2.87,Net Banking
ORD-104527,2023-03-09 14:00:00,CUST-1365,Customer 363,52,Female,East,Consumer,Electronics,Smartphone,7,584.62,0.05,3887.72,751.98,Cash
ORD-104528,2023-11-20 10:00:00,CUST-1070,Customer 470,24,Female,West,Consumer,Clothing,Jeans,6,47.42,0.0,284.52,95.88,Credit Card
ORD-104529,2024-02-15 13:00:00,CUST-1000,Customer 361,27,Other,South,Consumer,Electronics,Smartwatch,3,217.29,0.15,554.09,135.16,Cash
ORD-104530,2023-01-23 16:00:00,CUST-1016,Customer 778,19,Male,East,Consumer,Office Supplies,Binder,3,6.67,0.05,19.01,6.01,Net Banking
ORD-104531,2023-04-03 11:00:00,CUST-1150,Customer 865,32,Other,West,Consumer,Office Supplies,Notebook,7,3.47,0.0,24.29,2.49,Credit Card
ORD-104532,2024-05-29 14:00:00,CUST-1608,Customer 407,26,Male,Central,Consumer,Home & Kitchen,Blender,3,57.55,0.05,164.02,33.64,UPI
ORD-104533,2024-07-02 16:00:00,CUST-1487,Customer 298,47,Male,West,Consumer,Office Supplies,Stapler,3,12.48,0.15,31.82,4.08,UPI
ORD-104534,2023-01-22 09:00:00,CUST-1279,Customer 688,65,Female,West,Consumer,Home & Kitchen,Towel Pack,6,21.4,0.05,121.98,39.79,UPI
ORD-104535,2024-01-06 15:00:00,CUST-1013,Customer 38,21,Male,West,Corporate,Furniture,Office Chair,3,155.92,0.0,467.76,67.1,Net Banking
ORD-104536,2023-03-01 17:00:00,CUST-1262,Customer 492,32,Male,South,Home Office,Home & Kitchen,Coffee Maker,3,83.12,0.05,236.89,64.55,Cash
ORD-104537,2024-06-12 10:00:00,CUST-1221,Customer 364,20,Male,South,Corporate,Electronics,Laptop,6,766.29,0.05,4367.85,423.57,Credit Card
ORD-104538,2024-08-31 15:00:00,CUST-1397,Customer 517,22,Female,East,Home Office,Clothing,T-Shirt,2,16.21,0.0,32.42,4.35,Credit Card
ORD-104539,2024-09-26 17:00:00,CUST-1352,Customer 420,20,Female,Central,Consumer,Electronics,Laptop,1,941.08,0.1,846.97,140.9,Credit Card
ORD-104540,2024-03-12 08:00:00,CUST-1137,Customer 676,49,Male,West,Corporate,Home & Kitchen,Towel Pack,3,22.2,0.0,66.6,19.39,Net Banking
ORD-104541,2024-04-04 16:00:00,CUST-1353,Customer 424,65,Male,West,Consumer,Home & Kitchen,Storage Box,2,18.05,0.05,34.3,5.07,Credit Card
ORD-104542,2024-11-07 11:00:00,CUST-1096,Customer 207,55,Female,West,Consumer,Furniture,Bookshelf,3,80.94,0.0,242.82,72.98,UPI
ORD-104543,2024-03-23 13:00:00,CUST-1038,Customer 417,53,Male,South,Corporate,Office Supplies,Notebook,1,3.46,0.05,3.29,0.96,UPI
ORD-104544,2023-11-22 16:00:00,CUST-1739,Customer 719,26,Male,Central,Corporate,Office Supplies,Binder,5,6.57,0.05,31.21,10.86,Credit Card
ORD-104545,2024-07-04 08:00:00,CUST-1700,Customer 301,61,Male,West,Consumer,Electronics,Smartphone,4,742.85,0.05,2822.83,741.92,Credit Card
ORD-104546,2024-03-07 08:00:00,CUST-1796,Customer 403,48,Female,East,Consumer,Office Supplies,Notebook,2,3.53,0.0,7.06,1.78,Cash
ORD-104547,2024-09-06 13:00:00,CUST-1072,Customer 492,68,Male,Central,Corporate,Clothing,T-Shirt,5,20.75,0.0,103.75,25.15,UPI
ORD-104548,2024-01-19 20:00:00,CUST-1542,Customer 479,38,Male,West,Corporate,Office Supplies,Pen Set,2,7.88,0.1,14.18,1.55,UPI
ORD-104549,2024-09-26 08:00:00,CUST-1700,Customer 783,54,Male,West,Consumer,Electronics,Smartwatch,1,162.62,0.15,138.23,30.21,Credit Card
ORD-104550,2023-02-02 18:00:00,CUST-1321,Customer 875,42,Female,South,Consumer,Home & Kitchen,Coffee Maker,4,72.0,0.0,288.0,89.25,Credit Card
ORD-104551,2023-01-27 08:00:00,CUST-1792,Customer 323,44,Male,South,Consumer,Electronics,Headphones,2,75.81,0.0,151.62,12.98,UPI
ORD-104552,2023-03-14 14:00:00,CUST-1773,Customer 587,23,Female,South,Consumer,Office Supplies,Pen Set,6,8.74,0.15,44.57,5.09,Credit Card
ORD-104553,2024-02-11 13:00:00,CUST-1142,Customer 481,42,Female,Central,Consumer,Electronics,Tablet,3,323.25,0.0,969.75,234.82,Credit Card
ORD-104554,2024-06-01 14:00:00,CUST-1693,Customer 618,26,Male,Central,Consumer,Electronics,Smartwatch,4,193.53,0.2,619.3,191.17,Credit Card
ORD-104555,2023-06-07 09:00:00,CUST-1056,Customer 762,56,Male,West,Corporate,Electronics,Smartwatch,3,174.84,0.1,472.07,76.94,UPI
ORD-104556,2023-04-24 17:00:00,CUST-1124,Customer 763,54,Male,South,Corporate,Furniture,Bookshelf,4,102.59,0.0,410.36,129.39,Credit Card
ORD-104557,2024-09-20 11:00:00,CUST-1096,Customer 359,63,Other,West,Consumer,Office Supplies,Stapler,1,14.09,0.0,14.09,2.41,Credit Card
ORD-104558,2024-07-01 18:00:00,CUST-1785,Customer 866,41,Female,East,Consumer,Office Supplies,Binder,7,5.95,0.2,33.32,6.85,Cash
ORD-104559,2024-04-18 16:00:00,CUST-1682,Customer 123,61,Female,East,Home Office,Office Supplies,Printer Paper,2,18.13,0.0,36.26,12.23,UPI
ORD-104560,2023-12-23 15:00:00,CUST-1223,Customer 634,64,Female,South,Home Office,Office Supplies,Binder,3,7.16,0.05,20.41,3.93,Net Banking
ORD-104561,2023-11-03 12:00:00,CUST-1777,Customer 389,43,Other,West,Home Office,Electronics,Laptop,6,764.78,0.0,4588.68,1109.82,Cash
ORD-104562,2023-01-15 16:00:00,CUST-1102,Customer 399,67,Female,Central,Corporate,Electronics,Tablet,3,385.23,0.05,1097.91,365.14,Credit Card
ORD-104563,2023-05-18 20:00:00,CUST-1473,Customer 454,58,Male,Central,Home Office,Office Supplies,Binder,5,6.29,0.1,28.3,4.28,UPI
ORD-104564,2024-10-16 20:00:00,CUST-1691,Customer 607,33,Female,East,Consumer,Office Supplies,Printer Paper,1,20.85,0.05,19.81,2.08,Net Banking
ORD-104565,2023-09-05 19:00:00,CUST-1757,Customer 781,42,Female,South,Consumer,Office Supplies,Binder,3,5.71,0.0,17.13,5.8,Credit Card
ORD-104566,2024-05-29 10:00:00,CUST-1176,Customer 254,23,Female,South,Consumer,Electronics,Headphones,6,76.29,0.05,434.85,100.52,Credit Card
ORD-104567,2024-05-28 15:00:00,CUST-1615,Customer 767,37,Female,East,Corporate,Clothing,Jeans,2,43.38,0.05,82.42,28.09,Credit Card
ORD-104568,2023-08-14 13:00:00,CUST-1548,Customer 775,36,Female,East,Consumer,Electronics,Smartwatch,3,162.61,0.0,487.83,153.19,Net Banking
ORD-104569,2023-05-30 20:00:00,CUST-1454,Customer 691,33,Female,Central,Corporate,Office Supplies,Printer Paper,1,16.37,0.1,14.73,3.54,Credit Card
ORD-104570,2024-05-19 20:00:00,CUST-1644,Customer 633,36,Female,East,Consumer,Electronics,Laptop,4,1018.39,0.05,3869.88,802.08,Net Banking
ORD-104571,2023-03-10 19:00:00,CUST-1731,Customer 345,20,Female,West,Corporate,Office Supplies,Pen Set,3,7.5,0.0,22.5,4.72,UPI
ORD-104572,2023-12-28 10:00:00,CUST-1117,Customer 232,41,Male,South,Home Office,Furniture,Desk,7,188.53,0.2,1055.77,131.79,UPI
ORD-104573,2024-10-10 12:00:00,CUST-1374,Customer 249,28,Male,East,Corporate,Clothing,Jacket,3,71.06,0.0,213.18,43.16,UPI
ORD-104574,2024-06-03 17:00:00,CUST-1168,Customer 358,29,Female,West,Consumer,Electronics,Laptop,6,844.0,0.0,5064.0,1528.66,Credit Card
ORD-104575,2024-07-11 17:00:00,CUST-1329,Customer 397,55,Other,East,Consumer,Office Supplies,Printer Paper,7,18.75,0.0,131.25,45.54,Credit Card
ORD-104576,2023-03-02 12:00:00,CUST-1302,Customer 194,64,Female,West,Consumer,Electronics,Laptop,6,742.9,0.0,4457.4,1512.36,UPI
ORD-104577,2023-05-26 09:00:00,CUST-1575,Customer 288,26,Male,West,Consumer,Clothing,Hoodie,6,45.07,0.0,270.42,91.89,UPI
ORD-104578,2023-07-20 09:00:00,CUST-1493,Customer 215,47,Female,East,Consumer,Electronics,Smartwatch,5,216.4,0.0,1082.0,92.11,UPI
ORD-104579,2023-08-02 16:00:00,CUST-1598,Customer 881,64,Male,Central,Corporate,Electronics,Smartphone,4,573.26,0.1,2063.74,452.49,UPI
ORD-104580,2023-05-22 13:00:00,CUST-1564,Customer 461,49,Female,South,Home Office,Clothing,Jeans,1,50.83,0.05,48.29,6.47,UPI
ORD-104581,2024-12-10 14:00:00,CUST-1283,Customer 76,22,Female,West,Consumer,Electronics,Smartwatch,1,185.53,0.0,185.53,45.66,UPI
ORD-104582,2023-05-01 18:00:00,CUST-1514,Customer 437,58,Female,South,Consumer,Electronics,Laptop,3,848.38,0.1,2290.63,768.22,Cash
ORD-104583,2024-05-31 08:00:00,CUST-1380,Customer 455,20,Female,East,Consumer,Clothing,Sneakers,5,100.11,0.1,450.5,142.67,Credit Card
ORD-104584,2024-03-04 17:00:00,CUST-1429,Customer 398,50,Female,West,Corporate,Clothing,Jacket,1,87.16,0.05,82.8,26.0,Net Banking
ORD-104585,2024-03-21 11:00:00,CUST-1172,Customer 346,43,Male,South,Consumer,Home & Kitchen,Coffee Maker,7,68.69,0.2,384.66,68.76,UPI
ORD-104586,2023-06-06 20:00:00,CUST-1220,Customer 481,45,Female,Central,Corporate,Furniture,Lamp,7,35.73,0.0,250.11,53.85,UPI
ORD-104587,2023-08-13 20:00:00,CUST-1095,Customer 695,29,Male,South,Consumer,Office Supplies,Printer Paper,1,17.11,0.0,17.11,2.67,Credit Card
ORD-104588,2024-03-18 14:00:00,CUST-1127,Customer 665,64,Male,Central,Consumer,Clothing,T-Shirt,1,18.55,0.0,18.55,4.26,UPI
ORD-104589,2023-08-07 12:00:00,CUST-1281,Customer 537,23,Female,South,Corporate,Electronics,Smartwatch,6,206.85,0.0,1241.1,200.95,Credit Card
ORD-104590,2024-05-21 11:00:00,CUST-1148,Customer 658,66,Male,East,Consumer,Clothing,Jacket,2,66.18,0.05,125.74,37.52,UPI
ORD-104591,2023-01-29 10:00:00,CUST-1394,Customer 55,21,Female,East,Corporate,Electronics,Smartwatch,2,222.67,0.0,445.34,91.47,Credit Card
ORD-104592,2023-02-23 20:00:00,CUST-1573,Customer 47,33,Male,West,Consumer,Home & Kitchen,Cookware Set,2,132.19,0.05,251.16,67.59,Credit Card
ORD-104593,2024-06-15 10:00:00,CUST-1125,Customer 606,45,Male,South,Corporate,Office Supplies,Binder,5,5.3,0.15,22.52,7.11,Credit Card
ORD-104594,2024-03-26 13:00:00,CUST-1167,Customer 362,44,Male,East,Home Office,Office Supplies,Binder,1,6.92,0.1,6.23,1.0,Net Banking
ORD-104595,2023-02-01 14:00:00,CUST-1130,Customer 443,31,Male,East,Consumer,Office Supplies,Notebook,2,4.44,0.05,8.44,2.09,Net Banking
ORD-104596,2024-10-18 16:00:00,CUST-1649,Customer 731,32,Male,South,Corporate,Electronics,Headphones,3,76.77,0.05,218.79,67.47,UPI
ORD-104597,2023-01-04 18:00:00,CUST-1099,Customer 554,46,Female,Central,Corporate,Furniture,Desk,5,227.15,0.1,1022.18,344.17,Credit Card
ORD-104598,2024-11-28 15:00:00,CUST-1738,Customer 509,19,Female,West,Consumer,Clothing,Jacket,7,86.33,0.05,574.09,71.2,UPI
ORD-104599,2024-06-16 17:00:00,CUST-1700,Customer 83,25,Male,East,Corporate,Office Supplies,Notebook,2,4.76,0.0,9.52,2.51,Net Banking
ORD-104600,2024-12-22 15:00:00,CUST-1308,Customer 862,38,Female,Central,Consumer,Office Supplies,Stapler,2,11.38,0.0,22.76,4.5,Cash
ORD-104601,2024-11-23 13:00:00,CUST-1555,Customer 459,19,Female,South,Corporate,Electronics,Laptop,4,916.04,0.0,3664.16,575.61,Cash
ORD-104602,2023-08-17 10:00:00,CUST-1145,Customer 332,22,Female,Central,Corporate,Clothing,Sneakers,3,97.84,0.05,278.84,34.18,UPI
ORD-104603,2024-07-06 10:00:00,CUST-1116,Customer 475,19,Female,East,Consumer,Furniture,Bookshelf,5,107.63,0.05,511.24,121.7,UPI
ORD-104604,2023-06-03 13:00:00,CUST-1529,Customer 863,60,Female,West,Corporate,Electronics,Tablet,2,297.42,0.0,594.84,101.24,Credit Card
ORD-104605,2023-12-11 08:00:00,CUST-1529,Customer 132,23,Male,West,Corporate,Home & Kitchen,Storage Box,5,16.42,0.0,82.1,21.37,Credit Card
ORD-104606,2023-06-25 12:00:00,CUST-1241,Customer 107,27,Male,South,Consumer,Office Supplies,Printer Paper,7,20.8,0.1,131.04,20.43,Cash
ORD-104607,2023-12-21 14:00:00,CUST-1388,Customer 553,59,Male,Central,Consumer,Office Supplies,Stapler,5,10.21,0.0,51.05,4.09,Credit Card
ORD-104608,2024-09-28 14:00:00,CUST-1420,Customer 743,40,Female,South,Consumer,Home & Kitchen,Towel Pack,6,22.07,0.0,132.42,38.02,Credit Card
ORD-104609,2023-11-15 18:00:00,CUST-1452,Customer 818,41,Male,West,Home Office,Furniture,Sofa,1,506.15,0.0,506.15,62.54,Cash
ORD-104610,2023-03-09 20:00:00,CUST-1227,Customer 760,52,Female,East,Consumer,Home & Kitchen,Blender,7,56.88,0.0,398.16,59.0,Cash
ORD-104611,2023-08-25 17:00:00,CUST-1662,Customer 23,50,Male,Central,Consumer,Clothing,Jeans,5,49.79,0.1,224.06,32.16,Credit Card
ORD-104612,2024-07-28 09:00:00,CUST-1482,Customer 517,39,Male,Central,Consumer,Office Supplies,Binder,5,5.24,0.0,26.2,4.52,UPI
ORD-104613,2024-01-16 13:00:00,CUST-1380,Customer 228,63,Male,East,Consumer,Electronics,Smartphone,2,697.44,0.0,1394.88,294.38,Credit Card
ORD-104614,2024-02-13 17:00:00,CUST-1415,Customer 125,29,Female,Central,Consumer,Electronics,Laptop,4,806.74,0.2,2581.57,772.82,Credit Card
ORD-104615,2023-11-11 15:00:00,CUST-1230,Customer 296,29,Male,East,Consumer,Furniture,Lamp,5,39.85,0.05,189.29,48.37,Credit Card
ORD-104616,2023-08-02 13:00:00,CUST-1273,Customer 860,44,Female,Central,Consumer,Electronics,Tablet,5,338.92,0.05,1609.87,192.25,UPI
ORD-104617,2024-03-12 13:00:00,CUST-1624,Customer 490,63,Female,Central,Consumer,Electronics,Smartwatch,1,164.35,0.05,156.13,20.23,Credit Card
ORD-104618,2024-04-07 13:00:00,CUST-1104,Customer 183,64,Male,East,Corporate,Office Supplies,Printer Paper,1,21.37,0.0,21.37,6.6,Cash
ORD-104619,2024-10-17 15:00:00,CUST-1127,Customer 666,56,Female,Central,Corporate,Clothing,Jeans,4,50.54,0.0,202.16,29.81,Credit Card
ORD-104620,2024-03-26 10:00:00,CUST-1134,Customer 897,18,Female,West,Corporate,Electronics,Smartphone,6,602.48,0.0,3614.88,502.63,Credit Card
ORD-104621,2024-12-27 14:00:00,CUST-1739,Customer 595,55,Female,West,Consumer,Clothing,Hoodie,3,37.78,0.0,113.34,9.18,Credit Card
ORD-104622,2024-08-26 10:00:00,CUST-1647,Customer 385,26,Male,South,Home Office,Home & Kitchen,Storage Box,5,16.9,0.0,84.5,24.42,UPI
ORD-104623,2023-02-27 16:00:00,CUST-1753,Customer 416,63,Female,South,Consumer,Clothing,Jacket,7,89.67,0.05,596.31,166.6,Net Banking
ORD-104624,2023-10-14 19:00:00,CUST-1251,Customer 299,23,Female,West,Corporate,Clothing,Jeans,7,42.82,0.0,299.74,52.11,Credit Card
ORD-104625,2023-10-08 14:00:00,CUST-1275,Customer 864,24,Female,Central,Corporate,Clothing,T-Shirt,5,21.27,0.0,106.35,8.72,UPI
ORD-104626,2023-01-03 13:00:00,CUST-1224,Customer 247,44,Male,West,Consumer,Electronics,Laptop,6,820.79,0.05,4678.5,1366.61,Credit Card
ORD-104627,2023-05-12 20:00:00,CUST-1617,Customer 308,46,Female,South,Consumer,Furniture,Bookshelf,1,98.68,0.0,98.68,10.54,Credit Card
ORD-104628,2024-07-10 16:00:00,CUST-1606,Customer 87,35,Female,West,Corporate,Home & Kitchen,Cookware Set,1,118.03,0.05,112.13,22.91,Credit Card
ORD-104629,2023-09-15 13:00:00,CUST-1737,Customer 705,43,Male,West,Corporate,Office Supplies,Printer Paper,5,15.84,0.0,79.2,24.3,Credit Card
ORD-104630,2023-04-18 08:00:00,CUST-1227,Customer 376,55,Female,East,Home Office,Clothing,Hoodie,6,47.11,0.1,254.39,37.13,Net Banking
ORD-104631,2023-07-29 08:00:00,CUST-1735,Customer 743,52,Male,South,Corporate,Home & Kitchen,Coffee Maker,2,63.52,0.1,114.34,20.87,UPI
ORD-104632,2023-07-20 10:00:00,CUST-1760,Customer 132,55,Male,South,Home Office,Electronics,Laptop,5,1003.55,0.05,4766.86,1231.91,Net Banking
ORD-104633,2023-05-08 11:00:00,CUST-1091,Customer 91,30,Female,East,Corporate,Furniture,Lamp,3,31.02,0.1,83.75,21.92,Cash
ORD-104634,2023-03-15 17:00:00,CUST-1277,Customer 390,47,Male,Central,Consumer,Office Supplies,Printer Paper,1,16.98,0.0,16.98,3.48,Cash
ORD-104635,2024-07-11 14:00:00,CUST-1134,Customer 40,24,Male,West,Home Office,Electronics,Headphones,3,93.79,0.0,281.37,55.46,Credit Card
ORD-104636,2024-08-24 20:00:00,CUST-1783,Customer 612,30,Female,East,Corporate,Office Supplies,Notebook,4,4.32,0.0,17.28,3.34,Credit Card
ORD-104637,2023-12-29 15:00:00,CUST-1392,Customer 887,68,Female,East,Consumer,Clothing,Jacket,6,68.72,0.0,412.32,87.09,Credit Card
ORD-104638,2024-03-25 19:00:00,CUST-1009,Customer 859,20,Male,South,Corporate,Office Supplies,Printer Paper,7,19.03,0.15,113.23,19.66,Credit Card
ORD-104639,2024-11-02 15:00:00,CUST-1441,Customer 323,42,Male,East,Consumer,Furniture,Lamp,7,31.96,0.0,223.72,33.39,Credit Card
ORD-104640,2024-09-07 12:00:00,CUST-1143,Customer 222,43,Male,West,Home Office,Clothing,Jacket,1,86.7,0.0,86.7,14.33,Credit Card
ORD-104641,2023-01-24 17:00:00,CUST-1275,Customer 601,30,Male,South,Corporate,Electronics,Headphones,7,69.4,0.15,412.93,86.3,UPI
ORD-104642,2024-11-26 13:00:00,CUST-1460,Customer 127,20,Female,East,Consumer,Home & Kitchen,Coffee Maker,4,72.48,0.0,289.92,53.11,Credit Card
ORD-104643,2023-02-18 11:00:00,CUST-1061,Customer 27,24,Male,West,Home Office,Electronics,Headphones,2,69.78,0.05,132.58,31.57,UPI
ORD-104644,2023-01-20 14:00:00,CUST-1730,Customer 427,55,Female,South,Consumer,Home & Kitchen,Blender,5,60.13,0.0,300.65,75.29,UPI
ORD-104645,2023-10-22 16:00:00,CUST-1343,Customer 687,48,Male,South,Consumer,Office Supplies,Notebook,1,4.71,0.2,3.77,1.32,Credit Card
ORD-104646,2024-06-28 12:00:00,CUST-1517,Customer 759,46,Other,East,Consumer,Furniture,Sofa,4,547.62,0.0,2190.48,539.07,Credit Card
ORD-104647,2023-02-28 17:00:00,CUST-1224,Customer 317,25,Male,East,Consumer,Office Supplies,Pen Set,6,7.84,0.1,42.34,11.79,UPI
ORD-104648,2023-08-02 20:00:00,CUST-1614,Customer 68,46,Female,Central,Consumer,Electronics,Tablet,7,317.19,0.05,2109.31,224.58,Net Banking
ORD-104649,2023-07-11 13:00:00,CUST-1358,Customer 523,27,Female,East,Corporate,Furniture,Desk,3,196.32,0.2,471.17,134.43,UPI
ORD-104650,2023-10-18 11:00:00,CUST-1412,Customer 709,34,Female,Central,Consumer,Clothing,Hoodie,2,46.23,0.2,73.97,16.08,Net Banking
ORD-104651,2024-12-20 13:00:00,CUST-1218,Customer 44,67,Female,East,Home Office,Clothing,T-Shirt,5,15.81,0.1,71.14,22.34,Credit Card
ORD-104652,2023-08-30 18:00:00,CUST-1149,Customer 379,41,Female,South,Consumer,Electronics,Laptop,2,909.58,0.0,1819.16,622.42,Cash
ORD-104653,2023-06-02 10:00:00,CUST-1348,Customer 97,19,Male,West,Consumer,Office Supplies,Stapler,7,11.74,0.05,78.07,11.1,UPI
ORD-104654,2023-03-31 20:00:00,CUST-1255,Customer 441,48,Female,West,Consumer,Home & Kitchen,Storage Box,3,19.18,0.15,48.91,16.18,Net Banking
ORD-104655,2023-05-25 13:00:00,CUST-1470,Customer 740,27,Female,Central,Consumer,Clothing,T-Shirt,2,18.51,0.05,35.17,9.19,Credit Card
ORD-104656,2023-04-08 18:00:00,CUST-1471,Customer 498,18,Female,East,Corporate,Furniture,Bookshelf,2,93.79,0.15,159.44,44.57,Cash
ORD-104657,2024-02-23 18:00:00,CUST-1288,Customer 499,52,Female,Central,Home Office,Electronics,Smartphone,3,726.18,0.1,1960.69,406.92,UPI
ORD-104658,2023-11-03 18:00:00,CUST-1107,Customer 154,50,Male,South,Consumer,Home & Kitchen,Towel Pack,6,26.17,0.0,157.02,27.6,UPI
ORD-104659,2023-12-30 19:00:00,CUST-1168,Customer 699,29,Female,Central,Consumer,Furniture,Bookshelf,7,94.88,0.0,664.16,196.6,UPI
ORD-104660,2024-08-30 10:00:00,CUST-1216,Customer 725,56,Male,East,Consumer,Furniture,Sofa,6,541.76,0.0,3250.56,279.33,UPI
ORD-104661,2024-02-28 15:00:00,CUST-1317,Customer 146,27,Male,South,Corporate,Clothing,Jeans,5,48.25,0.05,229.19,51.79,Net Banking
ORD-104662,2023-04-24 09:00:00,CUST-1602,Customer 643,44,Female,East,Consumer,Electronics,Smartphone,2,619.75,0.05,1177.52,117.67,Net Banking
ORD-104663,2023-10-03 11:00:00,CUST-1208,Customer 295,46,Female,West,Consumer,Clothing,Sneakers,7,73.96,0.0,517.72,77.01,UPI
ORD-104664,2023-08-17 08:00:00,CUST-1590,Customer 874,23,Male,East,Corporate,Electronics,Smartphone,7,682.75,0.1,4301.32,1186.32,Credit Card
ORD-104665,2024-08-26 16:00:00,CUST-1051,Customer 766,54,Male,Central,Corporate,Clothing,Sneakers,5,93.08,0.0,465.4,132.07,UPI
ORD-104666,2023-08-13 15:00:00,CUST-1522,Customer 713,44,Female,East,Consumer,Home & Kitchen,Blender,6,49.0,0.0,294.0,94.09,Credit Card
ORD-104667,2023-04-12 17:00:00,CUST-1507,Customer 527,40,Female,East,Corporate,Home & Kitchen,Coffee Maker,3,65.14,0.05,185.65,50.71,UPI
ORD-104668,2024-06-21 10:00:00,CUST-1634,Customer 344,56,Male,West,Corporate,Home & Kitchen,Blender,4,60.84,0.05,231.19,60.61,Credit Card
ORD-104669,2023-11-09 12:00:00,CUST-1507,Customer 602,58,Male,East,Consumer,Home & Kitchen,Blender,6,49.63,0.0,297.78,99.81,UPI
ORD-104670,2023-03-11 16:00:00,CUST-1252,Customer 544,43,Female,Central,Corporate,Electronics,Smartphone,3,676.93,0.1,1827.71,411.42,UPI
ORD-104671,2024-05-18 18:00:00,CUST-1254,Customer 186,60,Male,West,Consumer,Home & Kitchen,Cookware Set,6,132.16,0.1,713.66,183.09,Credit Card
ORD-104672,2023-06-03 19:00:00,CUST-1647,Customer 483,20,Female,West,Consumer,Home & Kitchen,Blender,7,53.55,0.05,356.11,111.95,Credit Card
ORD-104673,2024-09-25 08:00:00,CUST-1767,Customer 500,50,Female,East,Consumer,Office Supplies,Notebook,7,3.76,0.2,21.06,6.03,Credit Card
ORD-104674,2024-08-30 13:00:00,CUST-1407,Customer 834,32,Female,South,Corporate,Furniture,Lamp,3,34.32,0.0,102.96,29.64,Net Banking
ORD-104675,2023-09-27 08:00:00,CUST-1631,Customer 660,48,Male,West,Consumer,Electronics,Headphones,4,78.06,0.0,312.24,70.23,UPI
ORD-104676,2024-02-10 18:00:00,CUST-1787,Customer 762,50,Male,West,Corporate,Office Supplies,Printer Paper,3,19.12,0.0,57.36,12.76,UPI
ORD-104677,2024-02-19 09:00:00,CUST-1721,Customer 156,60,Female,East,Consumer,Clothing,Sneakers,4,94.38,0.1,339.77,86.69,Credit Card
ORD-104678,2024-04-22 18:00:00,CUST-1027,Customer 566,47,Male,South,Corporate,Furniture,Office Chair,6,161.23,0.0,967.38,260.37,Cash
ORD-104679,2023-02-20 10:00:00,CUST-1375,Customer 270,18,Male,Central,Home Office,Furniture,Sofa,3,413.04,0.15,1053.25,239.56,Credit Card
ORD-104680,2023-08-26 08:00:00,CUST-1481,Customer 212,68,Male,East,Consumer,Office Supplies,Binder,2,6.63,0.05,12.6,1.64,Credit Card
ORD-104681,2023-05-05 19:00:00,CUST-1419,Customer 8,44,Male,East,Corporate,Electronics,Headphones,2,76.8,0.1,138.24,20.33,UPI
ORD-104682,2024-05-24 13:00:00,CUST-1469,Customer 506,24,Male,West,Corporate,Home & Kitchen,Storage Box,6,18.3,0.0,109.8,23.4,Credit Card
ORD-104683,2023-02-20 13:00:00,CUST-1553,Customer 866,24,Male,East,Home Office,Furniture,Lamp,7,30.68,0.1,193.28,26.11,Cash
ORD-104684,2024-01-13 16:00:00,CUST-1182,Customer 562,19,Male,Central,Corporate,Electronics,Headphones,1,83.43,0.0,83.43,16.21,Cash
ORD-104685,2024-06-15 11:00:00,CUST-1470,Customer 806,29,Female,West,Corporate,Electronics,Laptop,7,885.73,0.05,5890.1,705.21,UPI
ORD-104686,2024-11-23 16:00:00,CUST-1533,Customer 606,31,Male,West,Home Office,Home & Kitchen,Towel Pack,1,21.21,0.1,19.09,2.28,Credit Card
ORD-104687,2023-07-30 13:00:00,CUST-1534,Customer 83,67,Female,Central,Home Office,Home & Kitchen,Storage Box,4,19.03,0.0,76.12,23.42,Credit Card
ORD-104688,2023-01-06 11:00:00,CUST-1468,Customer 653,60,Female,West,Home Office,Electronics,Headphones,1,70.99,0.15,60.34,13.66,UPI
ORD-104689,2024-06-12 13:00:00,CUST-1345,Customer 749,18,Female,East,Consumer,Electronics,Tablet,7,305.23,0.1,1922.95,559.04,Credit Card
ORD-104690,2023-01-02 08:00:00,CUST-1285,Customer 721,35,Female,West,Corporate,Furniture,Bookshelf,6,96.79,0.1,522.67,43.44,Cash
ORD-104691,2023-02-18 11:00:00,CUST-1106,Customer 491,33,Female,South,Consumer,Electronics,Headphones,3,82.4,0.0,247.2,38.84,UPI
ORD-104692,2024-12-24 15:00:00,CUST-1607,Customer 470,41,Male,South,Consumer,Clothing,Hoodie,5,37.7,0.0,188.5,15.98,Credit Card
ORD-104693,2024-09-21 09:00:00,CUST-1649,Customer 868,26,Male,Central,Corporate,Electronics,Laptop,6,813.02,0.0,4878.12,394.7,Credit Card
ORD-104694,2024-05-31 09:00:00,CUST-1788,Customer 893,31,Female,South,Consumer,Office Supplies,Stapler,2,10.86,0.05,20.63,1.83,Credit Card
ORD-104695,2024-09-01 16:00:00,CUST-1309,Customer 459,47,Female,East,Corporate,Furniture,Office Chair,5,161.52,0.0,807.6,178.33,Credit Card
ORD-104696,2023-02-25 13:00:00,CUST-1169,Customer 679,45,Male,East,Consumer,Office Supplies,Printer Paper,3,18.89,0.2,45.34,4.74,Net Banking
ORD-104697,2023-03-06 09:00:00,CUST-1486,Customer 186,61,Female,East,Corporate,Furniture,Lamp,6,32.75,0.2,157.2,46.46,UPI
ORD-104698,2023-08-08 17:00:00,CUST-1480,Customer 588,66,Female,East,Consumer,Electronics,Tablet,4,335.82,0.0,1343.28,294.68,UPI
ORD-104699,2023-01-18 18:00:00,CUST-1295,Customer 770,38,Female,South,Consumer,Electronics,Smartphone,6,723.75,0.1,3908.25,571.56,Credit Card
ORD-104700,2024-10-10 08:00:00,CUST-1274,Customer 818,60,Male,East,Corporate,Electronics,Smartwatch,5,220.47,0.0,1102.35,337.8,Credit Card
ORD-104701,2023-02-11 10:00:00,CUST-1385,Customer 844,61,Female,West,Corporate,Electronics,Tablet,5,297.22,0.0,1486.1,323.38,UPI
ORD-104702,2024-02-02 12:00:00,CUST-1339,Customer 150,35,Male,East,Corporate,Home & Kitchen,Storage Box,1,17.26,0.0,17.26,3.02,Net Banking
ORD-104703,2024-09-15 17:00:00,CUST-1511,Customer 478,40,Male,South,Corporate,Electronics,Headphones,6,72.28,0.1,390.31,91.08,UPI
ORD-104704,2024-06-20 08:00:00,CUST-1579,Customer 507,50,Male,South,Corporate,Furniture,Office Chair,2,129.33,0.15,219.86,57.52,Credit Card
ORD-104705,2023-06-21 18:00:00,CUST-1462,Customer 367,65,Male,Central,Consumer,Electronics,Headphones,3,92.2,0.0,276.6,63.86,Net Banking
ORD-104706,2023-12-10 12:00:00,CUST-1548,Customer 4,58,Female,West,Consumer,Clothing,Sneakers,4,98.88,0.0,395.52,131.25,Credit Card
ORD-104707,2024-02-05 09:00:00,CUST-1112,Customer 697,62,Female,South,Consumer,Home & Kitchen,Towel Pack,6,19.34,0.0,116.04,20.37,UPI
ORD-104708,2024-07-14 19:00:00,CUST-1250,Customer 687,59,Female,South,Consumer,Clothing,Jeans,5,52.01,0.05,247.05,47.11,Net Banking
ORD-104709,2023-11-08 09:00:00,CUST-1188,Customer 76,27,Male,Central,Corporate,Office Supplies,Pen Set,2,8.84,0.0,17.68,5.51,UPI
ORD-104710,2023-07-28 09:00:00,CUST-1638,Customer 329,29,Female,Central,Consumer,Clothing,Sneakers,3,95.33,0.1,257.39,64.89,Net Banking
ORD-104711,2024-08-03 20:00:00,CUST-1139,Customer 758,64,Female,West,Consumer,Furniture,Bookshelf,2,101.44,0.15,172.45,58.79,Cash
ORD-104712,2024-10-09 14:00:00,CUST-1694,Customer 249,41,Female,Central,Consumer,Home & Kitchen,Cookware Set,5,123.3,0.0,616.5,181.18,Credit Card
ORD-104713,2023-12-23 14:00:00,CUST-1460,Customer 774,28,Male,South,Corporate,Clothing,Hoodie,6,47.26,0.15,241.03,52.66,UPI
ORD-104714,2023-01-21 16:00:00,CUST-1139,Customer 29,33,Male,West,Home Office,Electronics,Laptop,5,782.11,0.05,3715.02,933.86,UPI
ORD-104715,2024-01-01 16:00:00,CUST-1315,Customer 266,43,Female,East,Corporate,Office Supplies,Pen Set,6,8.21,0.05,46.8,8.88,Credit Card
ORD-104716,2024-10-11 15:00:00,CUST-1044,Customer 788,46,Female,East,Consumer,Electronics,Tablet,5,326.91,0.1,1471.1,168.39,Net Banking
ORD-104717,2024-12-23 08:00:00,CUST-1197,Customer 11,28,Female,South,Consumer,Electronics,Tablet,7,386.87,0.05,2572.69,488.6,Cash
ORD-104718,2023-10-20 15:00:00,CUST-1481,Customer 483,31,Male,West,Consumer,Clothing,Jeans,7,39.55,0.05,263.01,41.03,Credit Card
ORD-104719,2023-04-20 11:00:00,CUST-1035,Customer 9,38,Male,South,Consumer,Electronics,Tablet,2,340.61,0.0,681.22,179.22,Credit Card
ORD-104720,2024-02-22 18:00:00,CUST-1418,Customer 150,29,Male,Central,Corporate,Clothing,Jeans,3,50.43,0.1,136.16,35.49,Credit Card
ORD-104721,2024-08-29 14:00:00,CUST-1614,Customer 880,69,Male,East,Home Office,Home & Kitchen,Blender,1,52.76,0.0,52.76,17.57,Credit Card
ORD-104722,2024-11-20 09:00:00,CUST-1193,Customer 418,19,Female,Central,Consumer,Office Supplies,Pen Set,2,7.47,0.0,14.94,1.52,UPI
ORD-104723,2023-02-07 19:00:00,CUST-1043,Customer 702,57,Female,East,Consumer,Furniture,Bookshelf,4,84.77,0.05,322.13,66.44,UPI
ORD-104724,2023-08-01 11:00:00,CUST-1498,Customer 784,33,Female,West,Consumer,Office Supplies,Notebook,5,4.4,0.0,22.0,4.13,Credit Card
ORD-104725,2023-12-15 11:00:00,CUST-1304,Customer 323,46,Male,West,Corporate,Clothing,T-Shirt,7,17.11,0.0,119.77,26.64,UPI
ORD-104726,2023-03-13 20:00:00,CUST-1327,Customer 601,34,Male,Central,Home Office,Electronics,Smartwatch,5,188.28,0.0,941.4,105.7,Credit Card
ORD-104727,2024-10-09 18:00:00,CUST-1364,Customer 800,66,Female,West,Consumer,Electronics,Smartwatch,7,197.79,0.15,1176.85,250.3,Net Banking
ORD-104728,2023-03-23 19:00:00,CUST-1470,Customer 390,68,Female,West,Consumer,Office Supplies,Printer Paper,4,21.23,0.05,80.67,20.76,Net Banking
ORD-104729,2024-04-30 16:00:00,CUST-1362,Customer 803,36,Female,South,Consumer,Home & Kitchen,Storage Box,7,18.05,0.0,126.35,20.81,Credit Card
ORD-104730,2024-11-01 19:00:00,CUST-1242,Customer 72,19,Female,East,Corporate,Furniture,Desk,6,201.27,0.1,1086.86,277.82,Credit Card
ORD-104731,2024-05-15 09:00:00,CUST-1110,Customer 817,27,Female,South,Consumer,Furniture,Lamp,4,40.57,0.1,146.05,22.16,Net Banking
ORD-104732,2024-07-11 15:00:00,CUST-1787,Customer 360,55,Male,West,Consumer,Home & Kitchen,Coffee Maker,7,80.2,0.0,561.4,100.89,Credit Card
ORD-104733,2023-07-12 11:00:00,CUST-1567,Customer 452,61,Female,Central,Corporate,Electronics,Tablet,7,377.68,0.05,2511.57,816.18,Cash
ORD-104734,2024-08-27 13:00:00,CUST-1530,Customer 186,20,Female,East,Consumer,Electronics,Smartwatch,3,195.87,0.0,587.61,50.98,Credit Card
ORD-104735,2023-11-02 11:00:00,CUST-1181,Customer 738,18,Male,East,Consumer,Office Supplies,Pen Set,2,7.0,0.05,13.3,2.04,Credit Card
ORD-104736,2023-02-14 10:00:00,CUST-1015,Customer 247,43,Male,Central,Consumer,Electronics,Smartphone,1,681.4,0.1,613.26,204.0,UPI
ORD-104737,2023-09-25 13:00:00,CUST-1503,Customer 34,59,Male,South,Consumer,Electronics,Headphones,7,82.51,0.0,577.57,69.14,Credit Card
ORD-104738,2023-09-13 19:00:00,CUST-1721,Customer 95,57,Female,West,Corporate,Office Supplies,Stapler,4,11.5,0.05,43.7,8.19,Cash
ORD-104739,2024-01-16 16:00:00,CUST-1302,Customer 144,19,Female,East,Consumer,Office Supplies,Pen Set,4,6.83,0.0,27.32,5.54,Net Banking
ORD-104740,2023-07-13 12:00:00,CUST-1094,Customer 555,69,Male,Central,Corporate,Office Supplies,Pen Set,2,7.45,0.05,14.16,3.63,UPI
ORD-104741,2023-12-04 13:00:00,CUST-1416,Customer 569,32,Male,South,Corporate,Furniture,Lamp,3,37.17,0.0,111.51,27.34,UPI
ORD-104742,2023-11-09 14:00:00,CUST-1789,Customer 169,29,Female,Central,Consumer,Office Supplies,Printer Paper,3,16.01,0.1,43.23,10.77,UPI
ORD-104743,2023-08-27 11:00:00,CUST-1361,Customer 94,36,Male,East,Consumer,Office Supplies,Notebook,5,4.32,0.05,20.52,6.85,Cash
ORD-104744,2024-05-23 14:00:00,CUST-1270,Customer 208,57,Male,West,Corporate,Clothing,Sneakers,2,96.64,0.0,193.28,35.96,Credit Card
ORD-104745,2023-08-12 17:00:00,CUST-1764,Customer 39,34,Female,South,Corporate,Clothing,T-Shirt,6,17.3,0.1,93.42,19.83,UPI
ORD-104746,2024-07-13 11:00:00,CUST-1191,Customer 294,51,Male,East,Corporate,Office Supplies,Stapler,3,10.54,0.0,31.62,10.76,UPI
ORD-104747,2023-07-03 15:00:00,CUST-1277,Customer 98,30,Male,East,Consumer,Home & Kitchen,Blender,2,49.44,0.05,93.94,10.77,Credit Card
ORD-104748,2024-09-23 17:00:00,CUST-1194,Customer 187,24,Male,Central,Corporate,Clothing,Sneakers,1,82.9,0.05,78.76,26.46,Cash
ORD-104749,2023-09-24 14:00:00,CUST-1122,Customer 409,23,Male,West,Corporate,Electronics,Laptop,1,964.5,0.0,964.5,324.11,Net Banking
ORD-104750,2023-01-30 11:00:00,CUST-1709,Customer 271,40,Male,East,Corporate,Home & Kitchen,Coffee Maker,2,75.04,0.0,150.08,50.64,Cash
ORD-104751,2023-04-20 15:00:00,CUST-1288,Customer 439,18,Male,Central,Corporate,Home & Kitchen,Blender,6,63.46,0.0,380.76,37.35,UPI
ORD-104752,2024-08-11 18:00:00,CUST-1639,Customer 196,47,Male,South,Home Office,Furniture,Office Chair,6,167.73,0.1,905.74,213.7,Cash
ORD-104753,2024-09-28 10:00:00,CUST-1399,Customer 833,58,Female,South,Home Office,Electronics,Laptop,7,782.76,0.1,4931.39,1510.52,Credit Card
ORD-104754,2023-06-04 15:00:00,CUST-1582,Customer 57,47,Female,East,Consumer,Office Supplies,Stapler,3,13.12,0.0,39.36,6.48,Credit Card
ORD-104755,2024-03-15 16:00:00,CUST-1052,Customer 380,41,Male,South,Corporate,Furniture,Lamp,5,35.46,0.0,177.3,42.45,UPI
ORD-104756,2024-02-24 12:00:00,CUST-1455,Customer 161,26,Female,Central,Consumer,Clothing,Jeans,2,46.02,0.15,78.23,11.68,UPI
ORD-104757,2023-04-08 13:00:00,CUST-1734,Customer 463,26,Male,East,Home Office,Office Supplies,Printer Paper,1,17.35,0.0,17.35,2.0,Net Banking
ORD-104758,2023-11-26 19:00:00,CUST-1790,Customer 428,24,Female,East,Consumer,Electronics,Headphones,4,77.59,0.0,310.36,96.25,Cash
ORD-104759,2024-05-21 12:00:00,CUST-1158,Customer 734,22,Male,South,Consumer,Electronics,Smartphone,5,673.75,0.05,3200.31,1103.88,Credit Card
ORD-104760,2024-12-07 15:00:00,CUST-1612,Customer 647,47,Male,East,Consumer,Home & Kitchen,Blender,6,58.7,0.0,352.2,34.81,Credit Card
ORD-104761,2024-09-10 09:00:00,CUST-1744,Customer 733,32,Male,East,Home Office,Electronics,Smartwatch,1,182.68,0.15,155.28,17.51,Credit Card
ORD-104762,2023-03-13 20:00:00,CUST-1586,Customer 387,52,Male,Central,Home Office,Clothing,T-Shirt,6,16.05,0.0,96.3,23.01,Credit Card
ORD-104763,2023-06-23 15:00:00,CUST-1323,Customer 294,36,Male,Central,Consumer,Furniture,Bookshelf,3,94.71,0.1,255.72,26.42,UPI
ORD-104764,2023-11-15 17:00:00,CUST-1106,Customer 585,34,Male,East,Consumer,Furniture,Office Chair,2,155.23,0.0,310.46,77.74,Net Banking
ORD-104765,2023-04-20 15:00:00,CUST-1444,Customer 652,41,Female,Central,Corporate,Office Supplies,Printer Paper,1,18.82,0.0,18.82,5.16,Credit Card
ORD-104766,2024-02-21 12:00:00,CUST-1020,Customer 162,36,Male,Central,Consumer,Electronics,Tablet,2,289.43,0.0,578.86,111.11,Cash
ORD-104767,2023-01-07 12:00:00,CUST-1546,Customer 797,23,Male,South,Home Office,Office Supplies,Pen Set,4,7.59,0.2,24.29,6.9,UPI
ORD-104768,2023-03-24 17:00:00,CUST-1328,Customer 436,19,Female,Central,Consumer,Clothing,Jeans,2,50.51,0.05,95.97,10.62,Credit Card
ORD-104769,2023-02-04 19:00:00,CUST-1051,Customer 741,68,Male,East,Corporate,Electronics,Headphones,3,88.79,0.0,266.37,42.97,Credit Card
ORD-104770,2023-08-04 09:00:00,CUST-1563,Customer 60,23,Male,South,Consumer,Furniture,Bookshelf,4,76.83,0.15,261.22,77.86,Credit Card
ORD-104771,2024-07-10 18:00:00,CUST-1331,Customer 296,31,Female,West,Home Office,Clothing,Jeans,1,45.66,0.0,45.66,4.74,UPI
ORD-104772,2023-05-10 18:00:00,CUST-1403,Customer 337,39,Male,West,Corporate,Clothing,Jeans,7,45.14,0.0,315.98,49.6,Cash
ORD-104773,2024-12-21 09:00:00,CUST-1225,Customer 666,40,Female,East,Home Office,Office Supplies,Notebook,3,4.31,0.0,12.93,3.2,UPI
ORD-104774,2023-07-16 09:00:00,CUST-1347,Customer 221,56,Male,Central,Consumer,Clothing,Jeans,6,40.22,0.1,217.19,31.88,Cash
ORD-104775,2023-02-02 17:00:00,CUST-1134,Customer 664,54,Male,East,Corporate,Electronics,Headphones,5,85.4,0.0,427.0,89.6,UPI
ORD-104776,2023-09-02 18:00:00,CUST-1150,Customer 748,49,Female,West,Consumer,Electronics,Smartwatch,6,224.47,0.0,1346.82,412.18,Credit Card
ORD-104777,2024-06-30 13:00:00,CUST-1535,Customer 218,34,Female,East,Corporate,Office Supplies,Printer Paper,3,17.64,0.15,44.98,6.87,Credit Card
ORD-104778,2023-03-19 16:00:00,CUST-1665,Customer 884,67,Female,Central,Consumer,Clothing,Jacket,2,72.61,0.05,137.96,27.27,Cash
ORD-104779,2023-02-22 20:00:00,CUST-1132,Customer 603,22,Male,East,Consumer,Clothing,Sneakers,2,73.09,0.0,146.18,12.41,UPI
ORD-104780,2024-09-12 12:00:00,CUST-1129,Customer 459,34,Female,Central,Corporate,Electronics,Headphones,2,69.61,0.05,132.26,35.88,Net Banking
ORD-104781,2024-03-08 10:00:00,CUST-1466,Customer 80,37,Female,Central,Consumer,Office Supplies,Pen Set,4,9.41,0.0,37.64,6.62,Credit Card
ORD-104782,2023-09-08 20:00:00,CUST-1446,Customer 459,36,Male,West,Corporate,Office Supplies,Pen Set,5,9.53,0.05,45.27,14.13,Credit Card
ORD-104783,2024-07-05 11:00:00,CUST-1312,Customer 247,46,Female,South,Corporate,Electronics,Headphones,6,68.16,0.0,408.96,42.5,UPI
ORD-104784,2024-09-08 14:00:00,CUST-1791,Customer 373,20,Female,West,Corporate,Office Supplies,Pen Set,7,9.32,0.05,61.98,18.05,UPI
ORD-104785,2023-09-20 13:00:00,CUST-1780,Customer 26,61,Female,Central,Corporate,Office Supplies,Printer Paper,6,16.4,0.1,88.56,26.54,UPI
ORD-104786,2024-02-14 14:00:00,CUST-1511,Customer 711,26,Male,West,Consumer,Electronics,Laptop,3,889.5,0.0,2668.5,772.63,Credit Card
ORD-104787,2023-01-08 11:00:00,CUST-1725,Customer 118,37,Female,Central,Consumer,Furniture,Office Chair,4,152.23,0.0,608.92,169.45,Credit Card
ORD-104788,2023-08-12 16:00:00,CUST-1365,Customer 463,48,Female,South,Home Office,Electronics,Headphones,7,78.05,0.0,546.35,78.79,UPI
ORD-104789,2024-03-10 16:00:00,CUST-1006,Customer 96,64,Female,West,Consumer,Home & Kitchen,Blender,5,56.93,0.1,256.18,49.32,UPI
ORD-104790,2023-05-24 10:00:00,CUST-1085,Customer 288,46,Female,South,Home Office,Electronics,Laptop,3,909.19,0.1,2454.81,452.19,Credit Card
ORD-104791,2024-12-24 14:00:00,CUST-1648,Customer 852,46,Female,East,Consumer,Electronics,Smartphone,6,569.08,0.1,3073.03,445.84,UPI
ORD-104792,2024-12-09 08:00:00,CUST-1100,Customer 164,30,Female,South,Consumer,Electronics,Laptop,1,1018.29,0.2,814.63,173.32,UPI
ORD-104793,2023-07-08 10:00:00,CUST-1134,Customer 148,55,Female,West,Consumer,Electronics,Smartphone,5,571.24,0.1,2570.58,689.77,UPI
ORD-104794,2023-10-17 20:00:00,CUST-1545,Customer 835,47,Female,East,Consumer,Electronics,Headphones,7,68.29,0.2,382.42,80.02,Credit Card
ORD-104795,2023-05-19 14:00:00,CUST-1376,Customer 66,19,Female,Central,Home Office,Office Supplies,Pen Set,4,9.44,0.05,35.87,12.31,Net Banking
ORD-104796,2024-01-03 16:00:00,CUST-1192,Customer 867,39,Female,East,Corporate,Electronics,Tablet,5,340.07,0.0,1700.35,461.42,Credit Card
ORD-104797,2023-04-01 19:00:00,CUST-1649,Customer 675,64,Female,South,Corporate,Furniture,Office Chair,1,138.53,0.05,131.6,26.26,Credit Card
ORD-104798,2023-10-13 17:00:00,CUST-1575,Customer 342,62,Female,South,Home Office,Electronics,Smartwatch,5,179.83,0.0,899.15,170.0,Credit Card
ORD-104799,2024-02-10 18:00:00,CUST-1229,Customer 584,29,Male,Central,Consumer,Furniture,Bookshelf,3,77.31,0.0,231.93,55.1,Credit Card
ORD-104800,2024-03-22 17:00:00,CUST-1165,Customer 534,56,Female,East,Consumer,Electronics,Smartwatch,7,179.09,0.0,1253.63,246.43,UPI
ORD-104801,2024-03-11 14:00:00,CUST-1587,Customer 572,34,Female,South,Corporate,Office Supplies,Printer Paper,3,17.78,0.0,53.34,7.46,Credit Card
ORD-104802,2023-06-11 16:00:00,CUST-1188,Customer 170,57,Female,South,Corporate,Clothing,T-Shirt,3,18.58,0.1,50.17,11.07,Credit Card
ORD-104803,2024-08-01 11:00:00,CUST-1192,Customer 802,45,Male,Central,Consumer,Clothing,Sneakers,3,85.86,0.0,257.58,67.39,Credit Card
ORD-104804,2024-05-19 19:00:00,CUST-1704,Customer 420,34,Female,West,Corporate,Electronics,Smartphone,5,717.75,0.0,3588.75,634.42,Credit Card
ORD-104805,2024-07-03 10:00:00,CUST-1698,Customer 600,67,Male,West,Consumer,Home & Kitchen,Towel Pack,7,25.72,0.15,153.03,23.95,Credit Card
ORD-104806,2023-12-08 19:00:00,CUST-1781,Customer 643,30,Female,West,Corporate,Clothing,Jeans,3,43.25,0.05,123.26,17.1,Credit Card
ORD-104807,2024-10-13 19:00:00,CUST-1351,Customer 601,35,Female,South,Home Office,Electronics,Smartphone,2,735.22,0.0,1470.44,261.68,Credit Card
ORD-104808,2023-10-12 09:00:00,CUST-1583,Customer 441,66,Female,West,Consumer,Furniture,Sofa,6,553.31,0.0,3319.86,484.63,Cash
ORD-104809,2024-08-11 17:00:00,CUST-1159,Customer 411,29,Female,East,Corporate,Clothing,Hoodie,4,46.99,0.0,187.96,53.76,UPI
ORD-104810,2023-05-29 20:00:00,CUST-1792,Customer 515,28,Male,East,Home Office,Furniture,Lamp,4,38.4,0.15,130.56,32.96,Credit Card
ORD-104811,2023-06-30 15:00:00,CUST-1042,Customer 509,67,Female,West,Consumer,Furniture,Sofa,7,441.31,0.0,3089.17,486.46,UPI
ORD-104812,2024-01-20 12:00:00,CUST-1685,Customer 733,43,Female,Central,Consumer,Office Supplies,Stapler,4,11.02,0.15,37.47,13.03,Credit Card
ORD-104813,2024-02-10 19:00:00,CUST-1485,Customer 689,60,Female,South,Home Office,Electronics,Headphones,5,93.44,0.0,467.2,118.82,Credit Card
ORD-104814,2024-06-28 14:00:00,CUST-1750,Customer 593,22,Male,South,Consumer,Home & Kitchen,Storage Box,7,16.44,0.1,103.57,12.27,Credit Card
ORD-104815,2023-08-06 09:00:00,CUST-1546,Customer 323,52,Female,East,Consumer,Electronics,Smartphone,2,720.23,0.0,1440.46,437.79,Credit Card
ORD-104816,2024-09-29 11:00:00,CUST-1153,Customer 444,23,Female,East,Consumer,Electronics,Tablet,7,374.75,0.05,2492.09,706.51,Credit Card
ORD-104817,2023-08-29 16:00:00,CUST-1544,Customer 33,39,Female,West,Consumer,Electronics,Smartwatch,7,175.63,0.0,1229.41,264.33,Credit Card
ORD-104818,2024-01-25 13:00:00,CUST-1594,Customer 247,28,Female,South,Consumer,Furniture,Sofa,4,472.64,0.0,1890.56,270.42,UPI
ORD-104819,2024-11-11 10:00:00,CUST-1398,Customer 384,39,Female,South,Home Office,Home & Kitchen,Cookware Set,3,142.65,0.2,342.36,102.34,Credit Card
ORD-104820,2024-01-29 18:00:00,CUST-1470,Customer 542,38,Female,East,Consumer,Clothing,Hoodie,2,34.27,0.1,61.69,7.01,Credit Card
ORD-104821,2024-05-12 09:00:00,CUST-1322,Customer 339,67,Male,East,Consumer,Home & Kitchen,Towel Pack,1,24.2,0.0,24.2,4.67,Net Banking
ORD-104822,2024-10-25 10:00:00,CUST-1215,Customer 48,52,Female,South,Home Office,Office Supplies,Notebook,7,4.77,0.1,30.05,9.04,UPI
ORD-104823,2024-12-12 14:00:00,CUST-1495,Customer 164,21,Female,Central,Consumer,Furniture,Sofa,4,425.5,0.0,1702.0,504.45,UPI
ORD-104824,2023-12-31 08:00:00,CUST-1403,Customer 159,43,Female,West,Consumer,Furniture,Sofa,5,453.69,0.15,1928.18,482.18,UPI
ORD-104825,2023-11-01 13:00:00,CUST-1026,Customer 638,57,Male,East,Home Office,Electronics,Tablet,2,354.09,0.0,708.18,58.13,UPI
ORD-104826,2023-05-24 19:00:00,CUST-1606,Customer 815,43,Male,East,Consumer,Home & Kitchen,Storage Box,3,18.33,0.0,54.99,9.35,UPI
ORD-104827,2024-01-28 20:00:00,CUST-1191,Customer 724,49,Female,East,Consumer,Office Supplies,Binder,6,6.16,0.0,36.96,11.47,Credit Card
ORD-104828,2024-11-01 19:00:00,CUST-1037,Customer 448,44,Male,Central,Home Office,Furniture,Office Chair,5,121.92,0.0,609.6,167.5,Cash
ORD-104829,2023-12-22 12:00:00,CUST-1204,Customer 143,68,Male,Central,Consumer,Office Supplies,Printer Paper,2,16.1,0.15,27.37,8.18,Cash
ORD-104830,2023-09-12 08:00:00,CUST-1714,Customer 820,52,Female,West,Corporate,Clothing,Hoodie,1,39.26,0.0,39.26,3.81,Credit Card
ORD-104831,2023-03-20 18:00:00,CUST-1622,Customer 433,47,Male,Central,Home Office,Electronics,Tablet,6,327.38,0.0,1964.28,656.08,Credit Card
ORD-104832,2023-10-12 12:00:00,CUST-1338,Customer 681,67,Male,East,Consumer,Clothing,Jacket,1,69.52,0.1,62.57,8.88,Credit Card
ORD-104833,2023-06-22 17:00:00,CUST-1353,Customer 294,32,Male,East,Home Office,Clothing,Hoodie,1,45.76,0.0,45.76,7.77,UPI
ORD-104834,2024-12-14 09:00:00,CUST-1343,Customer 294,57,Male,East,Consumer,Clothing,Hoodie,3,34.38,0.0,103.14,31.66,Cash
ORD-104835,2024-01-21 16:00:00,CUST-1036,Customer 511,58,Male,East,Home Office,Electronics,Laptop,7,969.23,0.05,6445.38,1222.55,UPI
ORD-104836,2023-04-11 15:00:00,CUST-1287,Customer 631,37,Male,South,Consumer,Electronics,Tablet,5,398.68,0.0,1993.4,505.59,Credit Card
ORD-104837,2023-02-19 19:00:00,CUST-1716,Customer 85,69,Male,East,Corporate,Office Supplies,Printer Paper,1,19.27,0.1,17.34,3.97,UPI
ORD-104838,2024-09-13 09:00:00,CUST-1503,Customer 363,33,Female,East,Corporate,Home & Kitchen,Cookware Set,7,128.26,0.05,852.93,267.68,UPI
ORD-104839,2024-11-10 13:00:00,CUST-1308,Customer 840,65,Male,Central,Consumer,Home & Kitchen,Blender,7,49.62,0.0,347.34,42.43,UPI
ORD-104840,2024-07-10 20:00:00,CUST-1789,Customer 541,18,Female,West,Consumer,Office Supplies,Binder,5,6.29,0.05,29.88,3.18,UPI
ORD-104841,2023-04-01 13:00:00,CUST-1061,Customer 58,33,Other,East,Corporate,Electronics,Smartphone,1,608.41,0.0,608.41,152.55,UPI
ORD-104842,2023-03-13 16:00:00,CUST-1690,Customer 584,33,Other,East,Home Office,Electronics,Headphones,1,74.41,0.05,70.69,21.78,UPI
ORD-104843,2023-05-25 10:00:00,CUST-1334,Customer 740,36,Male,East,Consumer,Office Supplies,Pen Set,7,8.43,0.05,56.06,18.46,UPI
ORD-104844,2024-07-02 17:00:00,CUST-1402,Customer 769,40,Male,East,Corporate,Electronics,Tablet,6,289.14,0.1,1561.36,293.5,UPI
ORD-104845,2024-07-12 11:00:00,CUST-1759,Customer 175,57,Female,Central,Consumer,Office Supplies,Stapler,6,11.36,0.05,64.75,18.03,UPI
ORD-104846,2024-09-03 15:00:00,CUST-1745,Customer 158,40,Male,West,Corporate,Clothing,T-Shirt,4,19.43,0.1,69.95,12.98,Net Banking
ORD-104847,2023-03-12 19:00:00,CUST-1641,Customer 694,49,Female,East,Corporate,Furniture,Office Chair,5,141.3,0.0,706.5,117.35,UPI
ORD-104848,2023-04-22 16:00:00,CUST-1423,Customer 799,23,Female,Central,Corporate,Furniture,Lamp,2,31.53,0.15,53.6,4.64,UPI
ORD-104849,2024-10-19 14:00:00,CUST-1474,Customer 254,18,Male,East,Corporate,Electronics,Smartphone,1,527.29,0.0,527.29,77.79,Net Banking
ORD-104850,2024-11-08 10:00:00,CUST-1723,Customer 149,38,Male,West,Consumer,Electronics,Smartwatch,2,179.48,0.1,323.06,40.69,Net Banking
ORD-104851,2024-06-13 12:00:00,CUST-1607,Customer 711,25,Female,East,Consumer,Clothing,T-Shirt,5,18.76,0.05,89.11,13.59,Credit Card
ORD-104852,2023-03-19 19:00:00,CUST-1241,Customer 686,23,Female,East,Consumer,Furniture,Lamp,3,36.3,0.0,108.9,17.2,Cash
ORD-104853,2023-02-20 10:00:00,CUST-1413,Customer 824,22,Female,West,Corporate,Electronics,Smartwatch,5,170.22,0.0,851.1,265.46,Net Banking
ORD-104854,2023-02-10 16:00:00,CUST-1654,Customer 632,32,Female,East,Consumer,Electronics,Smartphone,4,660.17,0.15,2244.58,302.82,Credit Card
ORD-104855,2024-05-20 14:00:00,CUST-1643,Customer 842,27,Female,East,Consumer,Electronics,Tablet,4,407.87,0.1,1468.33,442.28,Credit Card
ORD-104856,2024-09-09 12:00:00,CUST-1239,Customer 742,25,Male,West,Consumer,Office Supplies,Pen Set,7,8.44,0.1,53.17,16.59,UPI
ORD-104857,2024-04-06 17:00:00,CUST-1672,Customer 777,33,Female,South,Consumer,Office Supplies,Binder,5,6.21,0.0,31.05,6.37,UPI
ORD-104858,2023-07-11 12:00:00,CUST-1452,Customer 695,31,Male,West,Consumer,Office Supplies,Stapler,7,12.82,0.05,85.25,23.5,Net Banking
ORD-104859,2024-07-06 11:00:00,CUST-1269,Customer 383,68,Female,East,Home Office,Office Supplies,Stapler,7,13.89,0.0,97.23,16.14,Credit Card
ORD-104860,2023-02-13 14:00:00,CUST-1394,Customer 98,51,Male,West,Consumer,Electronics,Laptop,5,1003.93,0.05,4768.67,404.37,Cash
ORD-104861,2024-08-27 17:00:00,CUST-1356,Customer 386,53,Female,West,Consumer,Office Supplies,Pen Set,7,6.91,0.0,48.37,13.14,Cash
ORD-104862,2024-10-13 19:00:00,CUST-1059,Customer 238,53,Female,East,Consumer,Electronics,Laptop,2,783.49,0.1,1410.28,343.73,UPI
ORD-104863,2024-06-08 16:00:00,CUST-1181,Customer 857,20,Male,West,Corporate,Home & Kitchen,Storage Box,4,14.25,0.1,51.3,10.49,UPI
ORD-104864,2024-10-03 16:00:00,CUST-1109,Customer 321,43,Female,West,Corporate,Electronics,Laptop,1,952.28,0.0,952.28,307.25,UPI
ORD-104865,2024-03-03 18:00:00,CUST-1548,Customer 802,49,Female,South,Consumer,Furniture,Office Chair,1,121.23,0.05,115.17,31.83,Credit Card
ORD-104866,2023-12-08 11:00:00,CUST-1333,Customer 320,66,Female,South,Consumer,Electronics,Laptop,1,991.03,0.0,991.03,193.16,Credit Card
ORD-104867,2023-08-24 11:00:00,CUST-1109,Customer 436,40,Male,East,Home Office,Clothing,Hoodie,1,34.29,0.0,34.29,3.24,Credit Card
ORD-104868,2024-11-03 14:00:00,CUST-1477,Customer 627,32,Female,Central,Consumer,Electronics,Tablet,3,360.7,0.0,1082.1,342.53,Credit Card
ORD-104869,2024-05-24 16:00:00,CUST-1377,Customer 358,57,Female,West,Corporate,Home & Kitchen,Towel Pack,6,20.82,0.0,124.92,43.2,UPI
ORD-104870,2023-05-20 16:00:00,CUST-1540,Customer 625,27,Male,South,Consumer,Electronics,Laptop,7,862.49,0.0,6037.43,1517.33,Net Banking
ORD-104871,2024-11-29 09:00:00,CUST-1773,Customer 85,63,Female,Central,Home Office,Clothing,Jacket,7,75.35,0.05,501.08,144.02,Credit Card
ORD-104872,2023-02-13 18:00:00,CUST-1788,Customer 532,36,Male,Central,Corporate,Office Supplies,Binder,2,6.67,0.1,12.01,2.6,UPI
ORD-104873,2024-03-04 12:00:00,CUST-1372,Customer 325,21,Female,West,Consumer,Electronics,Laptop,4,870.25,0.05,3306.95,475.85,Credit Card
ORD-104874,2023-05-20 19:00:00,CUST-1025,Customer 157,36,Female,Central,Consumer,Electronics,Smartwatch,4,189.51,0.2,606.43,197.85,Credit Card
ORD-104875,2024-04-29 17:00:00,CUST-1054,Customer 424,68,Male,West,Consumer,Furniture,Office Chair,1,154.78,0.15,131.56,34.98,Credit Card
ORD-104876,2023-10-29 20:00:00,CUST-1110,Customer 108,40,Male,Central,Home Office,Clothing,Hoodie,1,46.96,0.0,46.96,10.71,Credit Card
ORD-104877,2023-11-16 16:00:00,CUST-1014,Customer 747,21,Male,West,Consumer,Home & Kitchen,Cookware Set,3,135.34,0.05,385.72,101.89,Net Banking
ORD-104878,2024-05-05 14:00:00,CUST-1515,Customer 811,37,Female,East,Consumer,Electronics,Tablet,6,376.67,0.15,1921.02,419.17,UPI
ORD-104879,2024-07-05 10:00:00,CUST-1760,Customer 292,56,Male,West,Corporate,Furniture,Bookshelf,3,91.86,0.0,275.58,26.39,Credit Card
ORD-104880,2023-10-05 13:00:00,CUST-1603,Customer 304,20,Female,East,Corporate,Electronics,Smartwatch,3,221.36,0.0,664.08,171.54,Credit Card
ORD-104881,2024-12-29 19:00:00,CUST-1565,Customer 273,64,Female,East,Consumer,Electronics,Tablet,7,346.87,0.15,2063.88,168.02,Cash
ORD-104882,2023-12-30 12:00:00,CUST-1255,Customer 759,57,Male,West,Consumer,Office Supplies,Pen Set,3,9.4,0.1,25.38,3.54,UPI
ORD-104883,2023-04-28 08:00:00,CUST-1567,Customer 24,57,Female,West,Consumer,Furniture,Sofa,5,542.89,0.1,2443.0,298.33,Net Banking
ORD-104884,2023-01-05 11:00:00,CUST-1412,Customer 123,57,Male,East,Consumer,Electronics,Headphones,7,72.21,0.15,429.65,73.83,UPI
ORD-104885,2023-05-28 15:00:00,CUST-1295,Customer 36,25,Male,East,Consumer,Home & Kitchen,Cookware Set,1,103.97,0.0,103.97,33.82,UPI
ORD-104886,2024-05-19 16:00:00,CUST-1043,Customer 558,59,Female,West,Home Office,Clothing,Sneakers,4,94.29,0.05,358.3,36.37,UPI
ORD-104887,2024-01-29 20:00:00,CUST-1400,Customer 727,28,Male,South,Home Office,Clothing,Jeans,3,49.05,0.1,132.43,23.37,Cash
ORD-104888,2023-09-04 20:00:00,CUST-1337,Customer 607,25,Male,West,Home Office,Electronics,Laptop,1,901.62,0.0,901.62,257.04,Cash
ORD-104889,2023-12-18 14:00:00,CUST-1446,Customer 148,20,Female,Central,Consumer,Home & Kitchen,Cookware Set,1,143.0,0.0,143.0,44.76,Credit Card
ORD-104890,2024-09-03 15:00:00,CUST-1373,Customer 359,25,Female,West,Consumer,Office Supplies,Binder,5,6.25,0.0,31.25,8.71,UPI
ORD-104891,2024-02-22 18:00:00,CUST-1613,Customer 869,24,Female,East,Consumer,Office Supplies,Notebook,5,3.89,0.1,17.5,5.96,Credit Card
ORD-104892,2023-02-12 08:00:00,CUST-1721,Customer 746,63,Male,East,Consumer,Electronics,Smartphone,4,649.6,0.05,2468.48,661.3,Net Banking
ORD-104893,2023-02-05 15:00:00,CUST-1407,Customer 55,21,Female,West,Home Office,Home & Kitchen,Towel Pack,5,18.92,0.15,80.41,22.6,UPI
ORD-104894,2023-12-18 14:00:00,CUST-1272,Customer 137,51,Male,South,Corporate,Office Supplies,Stapler,6,12.63,0.0,75.78,14.7,Credit Card
ORD-104895,2023-10-23 18:00:00,CUST-1245,Customer 725,20,Male,West,Home Office,Clothing,Sneakers,1,99.1,0.05,94.14,15.21,UPI
ORD-104896,2024-09-12 18:00:00,CUST-1705,Customer 589,67,Male,West,Home Office,Office Supplies,Stapler,1,10.22,0.0,10.22,2.09,UPI
ORD-104897,2024-03-01 16:00:00,CUST-1426,Customer 104,47,Female,Central,Consumer,Clothing,Hoodie,3,45.83,0.15,116.87,33.58,Net Banking
ORD-104898,2024-07-06 16:00:00,CUST-1777,Customer 223,44,Female,Central,Consumer,Clothing,Hoodie,4,45.23,0.05,171.87,43.92,UPI
ORD-104899,2024-03-03 16:00:00,CUST-1544,Customer 571,21,Male,Central,Home Office,Home & Kitchen,Cookware Set,7,106.46,0.1,670.7,193.44,Credit Card
ORD-104900,2023-09-10 15:00:00,CUST-1466,Customer 716,63,Male,West,Corporate,Electronics,Headphones,7,91.71,0.0,641.97,160.14,UPI
ORD-104901,2024-04-24 10:00:00,CUST-1046,Customer 681,40,Female,South,Home Office,Electronics,Smartphone,6,692.69,0.0,4156.14,1155.15,Credit Card
ORD-104902,2024-03-29 11:00:00,CUST-1587,Customer 73,25,Male,West,Consumer,Clothing,Jacket,3,76.64,0.0,229.92,28.06,UPI
ORD-104903,2024-06-09 17:00:00,CUST-1378,Customer 204,54,Male,East,Corporate,Office Supplies,Binder,5,5.61,0.1,25.24,4.22,UPI
ORD-104904,2023-05-19 16:00:00,CUST-1085,Customer 496,67,Female,South,Consumer,Office Supplies,Stapler,1,11.41,0.0,11.41,2.64,Cash
ORD-104905,2024-04-13 11:00:00,CUST-1275,Customer 505,18,Female,South,Consumer,Clothing,Sneakers,4,90.47,0.1,325.69,27.51,UPI
ORD-104906,2023-07-28 19:00:00,CUST-1363,Customer 877,28,Male,South,Corporate,Office Supplies,Stapler,1,11.23,0.0,11.23,3.66,Credit Card
ORD-104907,2024-07-30 20:00:00,CUST-1716,Customer 702,51,Female,West,Consumer,Clothing,Sneakers,7,81.93,0.05,544.83,78.82,Net Banking
ORD-104908,2024-08-05 16:00:00,CUST-1509,Customer 253,21,Male,South,Consumer,Furniture,Sofa,4,564.38,0.0,2257.52,234.55,Net Banking
ORD-104909,2024-04-01 10:00:00,CUST-1310,Customer 154,57,Female,East,Corporate,Home & Kitchen,Cookware Set,6,132.63,0.0,795.78,206.38,UPI
ORD-104910,2024-11-22 20:00:00,CUST-1784,Customer 40,49,Female,South,Consumer,Electronics,Tablet,1,376.59,0.05,357.76,47.34,UPI
ORD-104911,2024-01-28 11:00:00,CUST-1503,Customer 470,45,Male,Central,Corporate,Office Supplies,Binder,7,7.11,0.0,49.77,11.53,UPI
ORD-104912,2023-01-19 13:00:00,CUST-1777,Customer 136,35,Female,West,Consumer,Home & Kitchen,Blender,4,46.86,0.0,187.44,27.6,UPI
ORD-104913,2024-03-18 19:00:00,CUST-1364,Customer 479,42,Female,East,Corporate,Electronics,Smartphone,1,580.05,0.05,551.05,68.77,Credit Card
ORD-104914,2024-07-21 14:00:00,CUST-1680,Customer 567,22,Other,Central,Consumer,Furniture,Lamp,3,37.81,0.0,113.43,31.58,UPI
ORD-104915,2023-03-15 11:00:00,CUST-1650,Customer 691,56,Female,West,Corporate,Furniture,Bookshelf,2,90.31,0.05,171.59,31.72,Credit Card
ORD-104916,2023-03-18 09:00:00,CUST-1572,Customer 478,49,Male,South,Consumer,Office Supplies,Pen Set,1,7.12,0.05,6.76,1.59,Cash
ORD-104917,2023-07-19 12:00:00,CUST-1743,Customer 325,45,Female,South,Corporate,Furniture,Sofa,1,539.25,0.0,539.25,74.61,Cash
ORD-104918,2024-09-08 16:00:00,CUST-1441,Customer 765,58,Female,Central,Corporate,Electronics,Smartwatch,5,164.63,0.0,823.15,188.63,Credit Card
ORD-104919,2024-01-21 17:00:00,CUST-1066,Customer 581,44,Female,West,Consumer,Home & Kitchen,Blender,7,57.22,0.0,400.54,77.6,UPI
ORD-104920,2024-12-13 10:00:00,CUST-1301,Customer 598,38,Male,Central,Corporate,Electronics,Laptop,5,889.83,0.0,4449.15,417.47,Credit Card
ORD-104921,2024-09-29 10:00:00,CUST-1015,Customer 855,59,Female,Central,Consumer,Office Supplies,Binder,5,6.44,0.0,32.2,8.89,Credit Card
ORD-104922,2024-02-10 17:00:00,CUST-1210,Customer 860,66,Male,West,Consumer,Office Supplies,Printer Paper,1,17.29,0.05,16.43,3.76,Credit Card
ORD-104923,2024-05-10 10:00:00,CUST-1563,Customer 638,61,Female,East,Consumer,Electronics,Smartphone,2,532.12,0.0,1064.24,351.61,UPI
ORD-104924,2023-08-30 08:00:00,CUST-1102,Customer 139,44,Male,Central,Corporate,Electronics,Tablet,1,394.79,0.15,335.57,100.05,Cash
ORD-104925,2023-03-07 14:00:00,CUST-1505,Customer 17,37,Male,East,Corporate,Home & Kitchen,Blender,7,64.64,0.1,407.23,95.37,Credit Card
ORD-104926,2023-10-19 15:00:00,CUST-1508,Customer 523,24,Male,East,Home Office,Office Supplies,Binder,6,6.11,0.0,36.66,3.36,Net Banking
ORD-104927,2024-03-08 11:00:00,CUST-1443,Customer 136,39,Female,East,Consumer,Electronics,Laptop,7,728.64,0.05,4845.46,1371.35,UPI
ORD-104928,2023-05-14 10:00:00,CUST-1552,Customer 822,61,Female,West,Consumer,Clothing,Sneakers,7,89.53,0.0,626.71,143.04,Credit Card
ORD-104929,2023-06-11 11:00:00,CUST-1344,Customer 358,59,Male,West,Consumer,Office Supplies,Binder,2,5.76,0.0,11.52,3.52,UPI
ORD-104930,2023-01-11 12:00:00,CUST-1527,Customer 230,24,Female,East,Corporate,Electronics,Smartwatch,4,173.64,0.2,555.65,131.13,UPI
ORD-104931,2024-06-19 08:00:00,CUST-1599,Customer 364,46,Male,West,Consumer,Clothing,Sneakers,5,77.28,0.05,367.08,29.57,UPI
ORD-104932,2024-10-18 08:00:00,CUST-1466,Customer 634,52,Male,South,Consumer,Office Supplies,Pen Set,6,7.3,0.0,43.8,13.14,UPI
ORD-104933,2024-08-27 12:00:00,CUST-1562,Customer 298,53,Male,Central,Home Office,Electronics,Smartphone,5,598.79,0.15,2544.86,752.78,Credit Card
ORD-104934,2023-10-05 08:00:00,CUST-1612,Customer 120,63,Male,West,Consumer,Home & Kitchen,Coffee Maker,4,66.38,0.15,225.69,24.11,UPI
ORD-104935,2024-03-09 12:00:00,CUST-1333,Customer 399,21,Female,East,Consumer,Furniture,Office Chair,1,159.98,0.05,151.98,40.22,Credit Card
ORD-104936,2024-12-02 15:00:00,CUST-1732,Customer 425,42,Male,West,Consumer,Furniture,Desk,7,225.14,0.1,1418.38,314.95,Net Banking
ORD-104937,2024-03-07 08:00:00,CUST-1259,Customer 849,22,Male,Central,Consumer,Electronics,Smartphone,5,619.8,0.1,2789.1,667.37,UPI
ORD-104938,2023-08-04 16:00:00,CUST-1045,Customer 62,55,Male,South,Consumer,Clothing,Sneakers,6,76.59,0.1,413.59,132.4,Credit Card
ORD-104939,2023-09-05 16:00:00,CUST-1769,Customer 724,45,Male,South,Consumer,Clothing,Jeans,2,52.05,0.05,98.9,14.58,Net Banking
ORD-104940,2024-06-14 15:00:00,CUST-1674,Customer 264,40,Female,West,Consumer,Home & Kitchen,Blender,1,47.81,0.1,43.03,3.6,Credit Card
ORD-104941,2023-11-22 16:00:00,CUST-1324,Customer 125,60,Female,East,Consumer,Electronics,Smartwatch,7,177.43,0.05,1179.91,160.84,Credit Card
ORD-104942,2024-09-03 18:00:00,CUST-1170,Customer 117,62,Male,Central,Consumer,Clothing,Jacket,6,80.06,0.0,480.36,157.12,UPI
ORD-104943,2024-09-22 08:00:00,CUST-1167,Customer 400,34,Male,South,Consumer,Office Supplies,Pen Set,6,8.77,0.0,52.62,7.21,Credit Card
ORD-104944,2023-01-27 10:00:00,CUST-1457,Customer 571,60,Female,South,Home Office,Furniture,Sofa,4,542.59,0.0,2170.36,568.89,UPI
ORD-104945,2024-06-12 12:00:00,CUST-1768,Customer 613,67,Female,South,Consumer,Electronics,Smartphone,7,616.03,0.0,4312.21,1264.41,UPI
ORD-104946,2023-09-28 16:00:00,CUST-1252,Customer 684,20,Female,East,Consumer,Clothing,Sneakers,2,82.57,0.0,165.14,49.47,Cash
ORD-104947,2024-01-15 19:00:00,CUST-1564,Customer 148,57,Female,South,Corporate,Electronics,Laptop,6,808.34,0.05,4607.54,381.59,UPI
ORD-104948,2023-07-13 19:00:00,CUST-1289,Customer 548,24,Female,East,Corporate,Office Supplies,Stapler,4,12.59,0.15,42.81,3.53,UPI
ORD-104949,2023-09-26 15:00:00,CUST-1446,Customer 46,58,Female,East,Corporate,Office Supplies,Stapler,2,11.66,0.0,23.32,8.09,Net Banking
ORD-104950,2023-08-30 13:00:00,CUST-1510,Customer 389,53,Male,Central,Consumer,Electronics,Smartphone,6,598.2,0.0,3589.2,798.26,UPI
ORD-104951,2023-02-06 13:00:00,CUST-1614,Customer 861,61,Female,East,Home Office,Home & Kitchen,Towel Pack,3,18.83,0.1,50.84,4.94,Credit Card
ORD-104952,2024-07-25 08:00:00,CUST-1585,Customer 549,47,Female,West,Corporate,Clothing,Jeans,2,53.19,0.0,106.38,9.28,Cash
ORD-104953,2023-04-15 14:00:00,CUST-1177,Customer 706,31,Female,East,Consumer,Office Supplies,Printer Paper,5,15.68,0.1,70.56,21.09,Cash
ORD-104954,2023-10-02 14:00:00,CUST-1089,Customer 49,54,Female,East,Consumer,Clothing,Jeans,6,42.52,0.05,242.36,78.61,UPI
ORD-104955,2023-05-21 10:00:00,CUST-1446,Customer 796,35,Male,East,Consumer,Office Supplies,Stapler,3,14.07,0.05,40.1,8.89,UPI
ORD-104956,2023-04-28 17:00:00,CUST-1324,Customer 339,19,Female,West,Consumer,Clothing,Sneakers,7,94.13,0.0,658.91,118.84,UPI
ORD-104957,2023-09-30 18:00:00,CUST-1218,Customer 703,24,Male,West,Consumer,Electronics,Tablet,5,357.8,0.0,1789.0,482.38,Credit Card
ORD-104958,2024-11-01 11:00:00,CUST-1157,Customer 325,63,Male,West,Consumer,Furniture,Desk,1,237.88,0.05,225.99,19.45,UPI
ORD-104959,2024-11-20 19:00:00,CUST-1690,Customer 611,37,Male,Central,Home Office,Furniture,Bookshelf,3,79.56,0.0,238.68,77.02,UPI
ORD-104960,2023-10-06 09:00:00,CUST-1067,Customer 486,25,Female,East,Home Office,Furniture,Bookshelf,7,101.97,0.0,713.79,106.46,Credit Card
ORD-104961,2024-01-04 19:00:00,CUST-1109,Customer 688,19,Male,South,Consumer,Furniture,Lamp,2,32.81,0.0,65.62,8.63,UPI
ORD-104962,2024-12-20 17:00:00,CUST-1275,Customer 842,20,Male,East,Consumer,Electronics,Tablet,7,402.79,0.05,2678.55,439.05,UPI
ORD-104963,2023-06-21 10:00:00,CUST-1174,Customer 473,57,Female,South,Corporate,Home & Kitchen,Towel Pack,4,20.48,0.05,77.82,7.56,Cash
ORD-104964,2024-11-20 16:00:00,CUST-1054,Customer 29,24,Male,South,Consumer,Electronics,Tablet,5,363.42,0.1,1635.39,302.84,Net Banking
ORD-104965,2023-03-19 12:00:00,CUST-1195,Customer 232,59,Male,South,Corporate,Electronics,Laptop,5,884.73,0.1,3981.28,1086.82,UPI
ORD-104966,2023-06-14 18:00:00,CUST-1291,Customer 304,47,Female,West,Home Office,Furniture,Sofa,4,432.04,0.0,1728.16,370.72,Net Banking
ORD-104967,2023-09-04 10:00:00,CUST-1350,Customer 85,29,Male,Central,Consumer,Office Supplies,Binder,4,5.86,0.15,19.92,5.19,Credit Card
ORD-104968,2023-01-28 11:00:00,CUST-1422,Customer 439,64,Male,East,Consumer,Electronics,Smartwatch,4,213.46,0.1,768.46,105.83,Credit Card
ORD-104969,2024-08-18 11:00:00,CUST-1106,Customer 538,43,Male,South,Home Office,Office Supplies,Stapler,5,11.09,0.0,55.45,10.39,Cash
ORD-104970,2024-09-16 10:00:00,CUST-1782,Customer 453,38,Male,East,Consumer,Clothing,Hoodie,6,47.48,0.05,270.64,59.61,UPI
ORD-104971,2023-10-07 12:00:00,CUST-1435,Customer 198,52,Male,West,Consumer,Electronics,Smartwatch,4,181.15,0.0,724.6,169.98,Net Banking
ORD-104972,2024-09-02 15:00:00,CUST-1321,Customer 335,52,Female,West,Corporate,Home & Kitchen,Storage Box,4,17.11,0.15,58.17,7.58,UPI
ORD-104973,2024-07-17 16:00:00,CUST-1586,Customer 740,56,Male,Central,Consumer,Furniture,Office Chair,6,149.32,0.0,895.92,267.05,Credit Card
ORD-104974,2024-08-08 15:00:00,CUST-1748,Customer 122,49,Female,Central,Consumer,Office Supplies,Printer Paper,6,18.27,0.0,109.62,11.44,UPI
ORD-104975,2024-08-08 10:00:00,CUST-1006,Customer 482,68,Male,West,Corporate,Electronics,Headphones,5,86.35,0.15,366.99,39.1,Credit Card
ORD-104976,2024-02-23 10:00:00,CUST-1400,Customer 713,39,Female,East,Consumer,Clothing,Hoodie,4,44.41,0.05,168.76,24.88,UPI
ORD-104977,2023-03-22 19:00:00,CUST-1709,Customer 895,28,Female,Central,Consumer,Clothing,Hoodie,5,42.67,0.0,213.35,54.76,UPI
ORD-104978,2024-11-05 11:00:00,CUST-1188,Customer 463,24,Male,South,Consumer,Electronics,Tablet,4,355.64,0.05,1351.43,136.24,UPI
ORD-104979,2024-03-20 09:00:00,CUST-1681,Customer 347,30,Female,East,Consumer,Electronics,Smartphone,4,658.64,0.1,2371.1,194.63,Credit Card
ORD-104980,2024-10-19 13:00:00,CUST-1472,Customer 571,58,Male,Central,Corporate,Furniture,Bookshelf,2,89.16,0.0,178.32,37.0,UPI
ORD-104981,2024-12-01 08:00:00,CUST-1040,Customer 378,62,Male,West,Home Office,Electronics,Laptop,4,743.58,0.05,2825.6,490.52,Net Banking
ORD-104982,2023-05-17 12:00:00,CUST-1698,Customer 716,33,Male,West,Home Office,Home & Kitchen,Storage Box,4,14.49,0.05,55.06,6.74,Credit Card
ORD-104983,2023-10-21 19:00:00,CUST-1054,Customer 243,23,Female,East,Consumer,Office Supplies,Pen Set,1,8.5,0.05,8.07,2.07,Credit Card
ORD-104984,2023-05-21 11:00:00,CUST-1569,Customer 275,55,Male,Central,Home Office,Office Supplies,Printer Paper,7,21.14,0.2,118.38,29.97,Credit Card
ORD-104985,2023-02-07 17:00:00,CUST-1459,Customer 258,58,Male,East,Consumer,Home & Kitchen,Cookware Set,5,103.08,0.05,489.63,55.28,UPI
ORD-104986,2024-12-06 14:00:00,CUST-1634,Customer 706,20,Female,South,Consumer,Clothing,Hoodie,1,41.62,0.05,39.54,5.62,Credit Card
ORD-104987,2024-11-05 12:00:00,CUST-1250,Customer 430,24,Female,East,Consumer,Clothing,Hoodie,2,37.53,0.1,67.55,12.06,UPI
ORD-104988,2024-11-11 16:00:00,CUST-1093,Customer 660,35,Female,Central,Home Office,Furniture,Sofa,4,502.37,0.0,2009.48,697.91,Credit Card
ORD-104989,2024-10-07 15:00:00,CUST-1392,Customer 59,42,Female,East,Consumer,Furniture,Sofa,7,533.94,0.0,3737.58,1074.63,Credit Card
ORD-104990,2024-04-18 12:00:00,CUST-1596,Customer 689,23,Female,Central,Corporate,Furniture,Office Chair,4,155.04,0.2,496.13,84.86,Credit Card
ORD-104991,2024-01-17 10:00:00,CUST-1453,Customer 750,48,Female,East,Corporate,Furniture,Lamp,6,38.63,0.1,208.6,71.06,Net Banking
ORD-104992,2024-12-24 19:00:00,CUST-1068,Customer 116,43,Male,West,Consumer,Furniture,Office Chair,1,157.17,0.0,157.17,31.88,Credit Card
ORD-104993,2024-02-08 10:00:00,CUST-1510,Customer 89,57,Female,West,Corporate,Electronics,Headphones,4,70.03,0.0,280.12,51.18,Credit Card
ORD-104994,2024-04-13 20:00:00,CUST-1320,Customer 498,67,Male,Central,Consumer,Furniture,Desk,6,226.24,0.0,1357.44,454.68,Credit Card
ORD-104995,2023-06-04 14:00:00,CUST-1585,Customer 815,23,Female,Central,Consumer,Furniture,Desk,6,207.16,0.0,1242.96,346.5,Net Banking
ORD-104996,2024-06-29 20:00:00,CUST-1745,Customer 756,41,Male,East,Consumer,Furniture,Lamp,2,41.04,0.0,82.08,18.71,UPI
ORD-104997,2024-08-21 12:00:00,CUST-1685,Customer 359,60,Male,East,Corporate,Electronics,Smartphone,5,696.88,0.05,3310.18,801.69,Cash
ORD-104998,2024-05-10 15:00:00,CUST-1799,Customer 837,18,Male,East,Consumer,Furniture,Bookshelf,1,79.89,0.0,79.89,27.38,Credit Card
ORD-104999,2023-12-30 15:00:00,CUST-1485,Customer 414,62,Female,East,Corporate,Office Supplies,Pen Set,1,7.48,0.05,7.11,0.86,Credit Card
