InvoiceNo,InvoiceDate,CustomerID,Country,StockCode,Description,Quantity,UnitPrice
INV-0001-001,2025-05-20,C0001,United Kingdom,SKU-819,LED Bulb,2,6.77
INV-0001-002,2025-02-20,C0001,India,SKU-453,Coffee Beans 500g,5,3.46
INV-0002-001,2025-06-29,C0002,India,SKU-483,Backpack,3,12.08
INV-0002-002,2025-03-11,C0002,United Kingdom,SKU-497,Coffee Beans 500g,5,6.6
INV-0002-003,2025-08-17,C0002,India,SKU-193,Coffee Beans 500g,1,36.86
INV-0003-001,2025-10-25,C0003,India,SKU-304,Coffee Beans 500g,4,4.07
INV-0003-002,2025-02-10,C0003,USA,SKU-954,Backpack,2,11.02
INV-0003-003,2025-06-30,C0003,India,SKU-135,Notebook Pack,1,39.97
INV-0003-004,2025-06-12,C0003,Germany,SKU-455,Notebook Pack,5,3.32
INV-0003-005,2025-12-04,C0003,United Kingdom,SKU-674,Yoga Mat,3,18.48
INV-0004-001,2025-11-12,C0004,United Kingdom,SKU-437,Desk Organizer,3,58.12
INV-0004-002,2025-04-06,C0004,India,SKU-653,Desk Organizer,1,324.61
INV-0004-003,2025-06-14,C0004,United Kingdom,SKU-727,Water Bottle,5,44.66
INV-0004-004,2025-10-30,C0004,India,SKU-906,Notebook Pack,4,100.52
INV-0004-005,2025-08-28,C0004,India,SKU-278,Notebook Pack,4,62.75
INV-0004-006,2025-07-11,C0004,United Kingdom,SKU-441,Water Bottle,4,85.51
INV-0004-007,2025-05-10,C0004,India,SKU-585,Backpack,3,117.81
INV-0004-008,2025-06-04,C0004,USA,SKU-247,Water Bottle,5,74.95
INV-0004-009,2025-06-20,C0004,India,SKU-860,Water Bottle,1,379.9
INV-0004-010,2025-02-11,C0004,India,SKU-423,Coffee Beans 500g,3,62.74
INV-0004-011,2025-05-22,C0004,India,SKU-658,Phone Case,4,81.63
INV-0004-012,2025-10-24,C0004,United Kingdom,SKU-326,LED Bulb,2,111.72
INV-0004-013,2025-06-15,C0004,Germany,SKU-356,Water Bottle,1,325.25
INV-0004-014,2025-02-14,C0004,India,SKU-378,Cotton T-Shirt,1,352.94
INV-0005-001,2025-10-28,C0005,India,SKU-903,Cotton T-Shirt,5,27.59
INV-0005-002,2025-06-25,C0005,India,SKU-314,Backpack,5,23.71
INV-0005-003,2025-03-31,C0005,Germany,SKU-427,Wireless Mouse,2,50.34
INV-0005-004,2025-01-17,C0005,India,SKU-214,Water Bottle,1,154.29
INV-0005-005,2025-01-27,C0005,India,SKU-668,Coffee Beans 500g,4,42.71
INV-0005-006,2025-04-12,C0005,India,SKU-329,Coffee Beans 500g,5,22.74
INV-0005-007,2025-11-24,C0005,India,SKU-487,Coffee Beans 500g,4,58.31
INV-0006-001,2025-01-12,C0006,India,SKU-981,Water Bottle,2,11.33
INV-0006-002,2025-11-11,C0006,United Kingdom,SKU-255,Water Bottle,2,10.88
INV-0006-003,2025-11-21,C0006,India,SKU-227,Phone Case,3,7.2
INV-0006-004,2025-10-15,C0006,United Kingdom,SKU-760,Yoga Mat,3,7.18
INV-0006-005,2025-04-11,C0006,United Kingdom,SKU-839,Notebook Pack,1,35.58
INV-0007-001,2025-10-08,C0007,India,SKU-995,Notebook Pack,3,27.03
INV-0008-001,2025-08-01,C0008,USA,SKU-539,Phone Case,4,18.48
INV-0008-002,2025-07-26,C0008,India,SKU-815,Desk Organizer,1,48.8
INV-0008-003,2025-01-11,C0008,India,SKU-154,Yoga Mat,4,29.8
INV-0008-004,2025-05-04,C0008,India,SKU-878,Water Bottle,2,61.07
INV-0008-005,2025-06-23,C0008,India,SKU-117,Desk Organizer,2,49.91
INV-0008-006,2025-07-18,C0008,India,SKU-755,Phone Case,5,18.79
INV-0008-007,2025-09-26,C0008,India,SKU-995,LED Bulb,1,67.42
INV-0008-008,2025-10-08,C0008,USA,SKU-537,Water Bottle,5,12.4
INV-0008-009,2025-05-24,C0008,USA,SKU-172,Notebook Pack,4,26.02
INV-0009-001,2025-08-21,C0009,India,SKU-309,Cotton T-Shirt,4,3.52
INV-0009-002,2025-05-28,C0009,India,SKU-694,Cotton T-Shirt,2,5.75
INV-0009-003,2025-10-15,C0009,USA,SKU-236,Water Bottle,4,2.43
INV-0009-004,2025-04-22,C0009,United Kingdom,SKU-807,Wireless Mouse,4,3.04
INV-0009-005,2025-04-23,C0009,India,SKU-440,Wireless Mouse,5,1.43
INV-0010-001,2025-08-17,C0010,India,SKU-563,Backpack,1,21.94
INV-0010-002,2025-05-04,C0010,India,SKU-484,Backpack,5,3.83
INV-0010-003,2025-06-24,C0010,United Kingdom,SKU-264,Yoga Mat,3,4.8
INV-0011-001,2025-01-26,C0011,India,SKU-689,Desk Organizer,1,41.08
INV-0011-002,2025-01-03,C0011,India,SKU-210,Yoga Mat,1,22.75
INV-0011-003,2025-02-21,C0011,India,SKU-392,Notebook Pack,5,8.24
INV-0011-004,2025-03-03,C0011,India,SKU-882,Backpack,3,7.67
INV-0011-005,2025-06-03,C0011,United Kingdom,SKU-946,Coffee Beans 500g,3,4.11
INV-0012-001,2025-11-08,C0012,India,SKU-395,Phone Case,4,30.45
INV-0012-002,2025-02-20,C0012,Germany,SKU-961,Water Bottle,3,34.38
INV-0012-003,2025-09-28,C0012,India,SKU-973,Wireless Mouse,2,46.53
INV-0012-004,2025-06-08,C0012,United Kingdom,SKU-147,LED Bulb,2,34.57
INV-0012-005,2025-10-05,C0012,USA,SKU-828,Yoga Mat,2,63.54
INV-0012-006,2025-08-07,C0012,India,SKU-844,Coffee Beans 500g,2,30.46
INV-0012-007,2025-04-04,C0012,India,SKU-643,Phone Case,5,15.9
INV-0012-008,2025-03-22,C0012,India,SKU-318,Water Bottle,4,33.17
INV-0013-001,2025-07-04,C0013,India,SKU-870,LED Bulb,3,29.15
INV-0013-002,2025-03-04,C0013,India,SKU-100,Desk Organizer,4,44.41
INV-0013-003,2024-12-05,C0013,India,SKU-861,Wireless Mouse,5,47.11
INV-0013-004,2025-03-12,C0013,USA,SKU-783,Coffee Beans 500g,4,23.78
INV-0013-005,2025-04-06,C0013,India,SKU-365,Wireless Mouse,1,215.36
INV-0013-006,2024-10-25,C0013,India,SKU-228,Notebook Pack,5,16.01
INV-0013-007,2024-10-22,C0013,India,SKU-723,Phone Case,1,69.05
INV-0014-001,2025-04-10,C0014,India,SKU-273,Backpack,4,12.05
INV-0014-002,2025-09-07,C0014,India,SKU-938,Yoga Mat,4,10.54
INV-0014-003,2025-06-15,C0014,USA,SKU-168,Wireless Mouse,2,24.21
INV-0014-004,2025-08-03,C0014,India,SKU-872,Yoga Mat,2,27.08
INV-0014-005,2025-06-24,C0014,Germany,SKU-941,LED Bulb,2,18.43
INV-0014-006,2025-01-26,C0014,India,SKU-966,Wireless Mouse,3,15.02
INV-0015-001,2025-09-12,C0015,India,SKU-867,Coffee Beans 500g,3,13.44
INV-0016-001,2025-06-19,C0016,India,SKU-435,Backpack,1,37.85
INV-0016-002,2025-02-09,C0016,India,SKU-571,Wireless Mouse,1,17.99
INV-0016-003,2025-05-04,C0016,Germany,SKU-611,Desk Organizer,2,31.21
INV-0016-004,2025-04-22,C0016,USA,SKU-289,Coffee Beans 500g,5,6.89
INV-0016-005,2025-07-02,C0016,Germany,SKU-676,Notebook Pack,3,7.11
INV-0017-001,2025-10-30,C0017,USA,SKU-398,Yoga Mat,3,49.15
INV-0017-002,2025-06-19,C0017,Germany,SKU-512,Phone Case,3,42.45
INV-0017-003,2025-11-18,C0017,United Kingdom,SKU-527,Backpack,2,71.74
INV-0017-004,2025-09-05,C0017,United Kingdom,SKU-842,Yoga Mat,2,61.78
INV-0017-005,2025-07-29,C0017,India,SKU-878,Coffee Beans 500g,1,180.81
INV-0017-006,2025-03-10,C0017,India,SKU-735,Backpack,4,19.5
INV-0017-007,2025-03-22,C0017,India,SKU-975,Wireless Mouse,4,46.92
INV-0017-008,2025-08-09,C0017,India,SKU-172,Backpack,2,27.24
INV-0017-009,2025-11-27,C0017,United Kingdom,SKU-180,Wireless Mouse,2,78.09
INV-0017-010,2025-11-20,C0017,India,SKU-430,Phone Case,2,70.6
INV-0017-011,2025-08-10,C0017,India,SKU-843,Yoga Mat,4,24.66
INV-0018-001,2024-12-18,C0018,Germany,SKU-447,Yoga Mat,4,30.22
INV-0018-002,2025-05-29,C0018,India,SKU-858,Phone Case,3,40.93
INV-0018-003,2025-04-03,C0018,Germany,SKU-425,Desk Organizer,4,27.48
INV-0018-004,2025-05-06,C0018,India,SKU-392,Backpack,1,59.54
INV-0018-005,2024-12-29,C0018,India,SKU-803,Backpack,2,75.76
INV-0019-001,2024-11-06,C0019,India,SKU-437,Cotton T-Shirt,2,95.01
INV-0019-002,2025-01-11,C0019,India,SKU-434,LED Bulb,2,65.79
INV-0019-003,2025-02-18,C0019,USA,SKU-513,Phone Case,5,33.52
INV-0019-004,2024-07-14,C0019,USA,SKU-298,Cotton T-Shirt,3,51.91
INV-0019-005,2024-10-04,C0019,India,SKU-352,Wireless Mouse,2,110.09
INV-0019-006,2024-07-14,C0019,India,SKU-555,Notebook Pack,2,37.88
INV-0019-007,2024-08-19,C0019,India,SKU-424,Cotton T-Shirt,5,47.67
INV-0020-001,2025-07-03,C0020,India,SKU-602,Phone Case,3,6.52
INV-0020-002,2025-06-24,C0020,India,SKU-226,Wireless Mouse,3,17.61
INV-0020-003,2025-07-17,C0020,India,SKU-441,Notebook Pack,5,9.81
INV-0020-004,2024-12-31,C0020,USA,SKU-633,Coffee Beans 500g,3,7.23
INV-0021-001,2025-10-04,C0021,India,SKU-277,LED Bulb,5,81.88
INV-0021-002,2025-08-02,C0021,India,SKU-917,Wireless Mouse,1,225.38
INV-0021-003,2025-08-02,C0021,India,SKU-586,Phone Case,2,235.05
INV-0021-004,2025-12-02,C0021,India,SKU-754,Cotton T-Shirt,2,192.19
INV-0021-005,2025-11-27,C0021,Germany,SKU-741,Backpack,5,71.25
INV-0021-006,2025-02-17,C0021,United Kingdom,SKU-514,Phone Case,2,259.84
INV-0021-007,2025-08-10,C0021,India,SKU-290,Notebook Pack,5,64.4
INV-0021-008,2025-06-01,C0021,India,SKU-285,Desk Organizer,5,105.96
INV-0021-009,2025-09-22,C0021,India,SKU-838,Wireless Mouse,1,520.68
INV-0021-010,2025-12-13,C0021,India,SKU-952,LED Bulb,4,106.76
INV-0021-011,2025-09-28,C0021,India,SKU-979,Phone Case,4,53.77
INV-0021-012,2025-08-11,C0021,India,SKU-922,LED Bulb,4,101.15
INV-0021-013,2025-11-21,C0021,United Kingdom,SKU-876,Notebook Pack,1,280.64
INV-0021-014,2025-05-16,C0021,India,SKU-807,Coffee Beans 500g,5,110.82
INV-0021-015,2025-12-08,C0021,Germany,SKU-549,Coffee Beans 500g,2,166.04
INV-0022-001,2025-04-13,C0022,USA,SKU-480,Phone Case,4,42.25
INV-0022-002,2025-07-12,C0022,United Kingdom,SKU-437,Coffee Beans 500g,1,160.75
INV-0022-003,2025-03-18,C0022,India,SKU-613,Backpack,5,34.23
INV-0022-004,2025-05-15,C0022,United Kingdom,SKU-293,Yoga Mat,4,50.29
INV-0022-005,2025-08-06,C0022,United Kingdom,SKU-653,Water Bottle,2,59.91
INV-0022-006,2025-03-13,C0022,United Kingdom,SKU-857,Coffee Beans 500g,5,13.22
INV-0023-001,2025-09-18,C0023,United Kingdom,SKU-171,Coffee Beans 500g,3,29.95
INV-0023-002,2025-03-26,C0023,India,SKU-768,Coffee Beans 500g,4,18.15
INV-0024-001,2025-03-22,C0024,India,SKU-734,Coffee Beans 500g,3,4.94
INV-0024-002,2025-02-02,C0024,United Kingdom,SKU-655,Wireless Mouse,2,8.57
INV-0025-001,2024-08-02,C0025,India,SKU-678,Wireless Mouse,2,94.32
INV-0025-002,2025-01-08,C0025,Germany,SKU-949,Cotton T-Shirt,3,72.21
INV-0025-003,2025-03-08,C0025,India,SKU-712,Water Bottle,3,91.4
INV-0025-004,2024-10-14,C0025,USA,SKU-397,Wireless Mouse,4,64.51
INV-0025-005,2024-09-16,C0025,United Kingdom,SKU-689,Phone Case,4,24.8
INV-0026-001,2025-10-03,C0026,India,SKU-450,Wireless Mouse,1,27.57
INV-0027-001,2025-08-17,C0027,United Kingdom,SKU-688,Desk Organizer,4,6.11
INV-0027-002,2025-06-13,C0027,Germany,SKU-175,Coffee Beans 500g,1,38.39
INV-0027-003,2024-12-13,C0027,India,SKU-411,Phone Case,1,41.7
INV-0027-004,2025-07-09,C0027,United Kingdom,SKU-951,Backpack,1,15.3
INV-0028-001,2025-08-05,C0028,India,SKU-230,LED Bulb,1,31.33
INV-0029-001,2025-02-26,C0029,India,SKU-970,Phone Case,3,7.32
INV-0029-002,2025-04-04,C0029,United Kingdom,SKU-737,LED Bulb,4,13.65
INV-0029-003,2025-01-04,C0029,Germany,SKU-101,Coffee Beans 500g,4,7.19
INV-0029-004,2025-04-10,C0029,India,SKU-839,Phone Case,3,18.62
INV-0029-005,2025-05-26,C0029,United Kingdom,SKU-448,Backpack,1,28.24
INV-0030-001,2025-03-01,C0030,United Kingdom,SKU-496,Phone Case,4,43.82
INV-0030-002,2025-04-30,C0030,USA,SKU-971,Desk Organizer,3,52.35
INV-0030-003,2025-08-28,C0030,USA,SKU-680,LED Bulb,5,22.13
INV-0030-004,2025-03-09,C0030,USA,SKU-336,LED Bulb,1,128.06
INV-0030-005,2025-06-30,C0030,Germany,SKU-964,Cotton T-Shirt,3,57.54
INV-0030-006,2025-11-04,C0030,India,SKU-266,Water Bottle,2,101.33
INV-0031-001,2024-10-09,C0031,India,SKU-523,Yoga Mat,4,33.03
INV-0031-002,2024-10-16,C0031,India,SKU-821,LED Bulb,4,24.75
INV-0031-003,2024-10-06,C0031,USA,SKU-992,LED Bulb,4,59.81
INV-0031-004,2025-03-30,C0031,United Kingdom,SKU-498,Backpack,4,46.58
INV-0031-005,2025-03-28,C0031,India,SKU-785,Yoga Mat,1,191.35
INV-0031-006,2025-02-11,C0031,USA,SKU-444,LED Bulb,4,32.66
INV-0031-007,2025-02-04,C0031,USA,SKU-981,Cotton T-Shirt,5,50.14
INV-0031-008,2024-09-16,C0031,USA,SKU-113,Yoga Mat,5,49.29
INV-0031-009,2025-05-25,C0031,India,SKU-130,Phone Case,5,41.11
INV-0032-001,2025-08-13,C0032,USA,SKU-760,Water Bottle,4,33.74
INV-0032-002,2025-04-20,C0032,Germany,SKU-349,Yoga Mat,1,130.91
INV-0032-003,2025-09-09,C0032,India,SKU-616,Desk Organizer,1,155.37
INV-0032-004,2025-04-14,C0032,USA,SKU-653,Water Bottle,2,71.02
INV-0032-005,2025-04-16,C0032,Germany,SKU-120,Water Bottle,2,27.72
INV-0032-006,2025-07-31,C0032,India,SKU-561,Desk Organizer,5,26.8
INV-0032-007,2025-09-18,C0032,India,SKU-538,Phone Case,1,91.0
INV-0033-001,2025-08-06,C0033,Germany,SKU-234,Phone Case,5,3.8
INV-0033-002,2025-02-27,C0033,India,SKU-261,LED Bulb,1,40.8
INV-0034-001,2025-04-17,C0034,United Kingdom,SKU-336,Backpack,3,5.72
INV-0034-002,2025-10-02,C0034,India,SKU-915,LED Bulb,2,9.77
INV-0035-001,2025-03-19,C0035,India,SKU-966,Wireless Mouse,2,21.75
INV-0035-002,2025-07-15,C0035,USA,SKU-768,Yoga Mat,3,13.55
INV-0036-001,2024-12-27,C0036,Germany,SKU-642,Yoga Mat,2,79.43
INV-0036-002,2025-05-15,C0036,USA,SKU-194,Coffee Beans 500g,5,55.56
INV-0036-003,2025-03-10,C0036,India,SKU-619,Yoga Mat,3,57.29
INV-0036-004,2024-12-12,C0036,India,SKU-584,Water Bottle,2,55.12
INV-0036-005,2024-12-23,C0036,United Kingdom,SKU-837,Cotton T-Shirt,3,26.43
INV-0036-006,2025-04-08,C0036,USA,SKU-952,Wireless Mouse,1,146.14
INV-0036-007,2024-09-28,C0036,USA,SKU-506,Coffee Beans 500g,2,61.42
INV-0037-001,2025-11-22,C0037,India,SKU-876,LED Bulb,2,36.43
INV-0037-002,2025-04-24,C0037,India,SKU-886,Backpack,2,15.3
INV-0038-001,2025-09-02,C0038,India,SKU-953,Cotton T-Shirt,3,12.82
INV-0038-002,2025-08-12,C0038,USA,SKU-781,Coffee Beans 500g,1,44.07
INV-0038-003,2025-07-17,C0038,India,SKU-437,Wireless Mouse,4,8.83
INV-0039-001,2025-03-13,C0039,United Kingdom,SKU-616,Coffee Beans 500g,3,10.22
INV-0040-001,2025-03-23,C0040,India,SKU-873,Notebook Pack,1,12.94
INV-0040-002,2025-05-02,C0040,United Kingdom,SKU-811,Water Bottle,1,30.58
INV-0041-001,2024-09-16,C0041,India,SKU-242,Cotton T-Shirt,3,51.43
INV-0041-002,2025-01-24,C0041,India,SKU-745,Wireless Mouse,4,33.4
INV-0041-003,2025-03-09,C0041,India,SKU-599,Wireless Mouse,2,123.26
INV-0041-004,2025-06-19,C0041,Germany,SKU-629,Cotton T-Shirt,5,52.97
INV-0041-005,2025-01-09,C0041,India,SKU-328,Yoga Mat,4,37.1
INV-0041-006,2024-10-26,C0041,India,SKU-927,Cotton T-Shirt,1,200.66
INV-0042-001,2025-10-05,C0042,India,SKU-156,Wireless Mouse,4,13.84
INV-0042-002,2025-09-03,C0042,Germany,SKU-973,Phone Case,2,47.19
INV-0043-001,2025-03-14,C0043,India,SKU-918,Water Bottle,3,83.14
INV-0043-002,2024-10-04,C0043,India,SKU-400,Cotton T-Shirt,3,64.92
INV-0043-003,2024-12-14,C0043,United Kingdom,SKU-811,Phone Case,2,147.82
INV-0043-004,2024-11-14,C0043,United Kingdom,SKU-524,Backpack,1,93.22
INV-0044-001,2025-06-11,C0044,India,SKU-255,Backpack,3,57.72
INV-0044-002,2025-06-23,C0044,India,SKU-938,Desk Organizer,4,18.08
INV-0044-003,2025-07-02,C0044,USA,SKU-479,Wireless Mouse,5,27.61
INV-0044-004,2024-12-25,C0044,India,SKU-381,Desk Organizer,2,30.38
INV-0044-005,2025-04-02,C0044,India,SKU-379,LED Bulb,5,25.28
INV-0044-006,2024-10-24,C0044,United Kingdom,SKU-982,Desk Organizer,4,20.09
INV-0045-001,2024-11-17,C0045,United Kingdom,SKU-578,Wireless Mouse,5,52.09
INV-0045-002,2024-07-09,C0045,India,SKU-932,Backpack,2,124.08
INV-0045-003,2024-06-07,C0045,India,SKU-132,Yoga Mat,1,201.14
INV-0045-004,2024-07-17,C0045,India,SKU-269,Phone Case,4,41.63
INV-0046-001,2025-06-09,C0046,India,SKU-678,Cotton T-Shirt,5,14.33
INV-0046-002,2025-04-18,C0046,India,SKU-977,Wireless Mouse,4,19.02
INV-0046-003,2025-10-18,C0046,USA,SKU-646,Water Bottle,1,115.89
INV-0046-004,2025-08-12,C0046,India,SKU-467,Yoga Mat,3,26.18
INV-0046-005,2025-09-17,C0046,Germany,SKU-611,Yoga Mat,5,27.54
INV-0046-006,2025-05-10,C0046,India,SKU-646,Coffee Beans 500g,1,140.24
INV-0046-007,2025-08-28,C0046,India,SKU-804,Desk Organizer,5,18.37
INV-0047-001,2025-10-13,C0047,India,SKU-955,Yoga Mat,2,13.17
INV-0047-002,2025-08-28,C0047,USA,SKU-276,Cotton T-Shirt,2,15.14
INV-0047-003,2025-10-29,C0047,India,SKU-354,Yoga Mat,4,5.98
INV-0047-004,2025-11-14,C0047,Germany,SKU-497,Wireless Mouse,5,8.6
INV-0048-001,2024-08-08,C0048,India,SKU-140,Yoga Mat,3,47.92
INV-0048-002,2024-10-01,C0048,India,SKU-748,Water Bottle,4,33.92
INV-0048-003,2024-12-28,C0048,USA,SKU-175,Backpack,3,90.28
INV-0048-004,2025-04-30,C0048,United Kingdom,SKU-901,Cotton T-Shirt,2,115.36
INV-0048-005,2024-07-26,C0048,India,SKU-140,Notebook Pack,3,59.16
INV-0048-006,2025-04-02,C0048,USA,SKU-122,Yoga Mat,3,87.75
INV-0048-007,2025-02-05,C0048,United Kingdom,SKU-348,Coffee Beans 500g,5,20.06
INV-0048-008,2025-03-20,C0048,Germany,SKU-669,Notebook Pack,3,80.26
INV-0049-001,2025-10-31,C0049,India,SKU-214,Wireless Mouse,2,33.39
INV-0050-001,2025-02-10,C0050,USA,SKU-785,Notebook Pack,5,13.96
INV-0051-001,2025-03-22,C0051,USA,SKU-903,Cotton T-Shirt,2,140.28
INV-0051-002,2025-01-08,C0051,India,SKU-324,Desk Organizer,4,51.21
INV-0051-003,2025-02-12,C0051,India,SKU-285,Coffee Beans 500g,5,54.98
INV-0051-004,2024-06-23,C0051,India,SKU-269,Yoga Mat,2,43.38
INV-0051-005,2024-10-07,C0051,United Kingdom,SKU-730,Wireless Mouse,3,84.74
INV-0051-006,2024-10-17,C0051,India,SKU-911,Wireless Mouse,5,64.34
INV-0051-007,2025-02-22,C0051,Germany,SKU-179,Coffee Beans 500g,5,46.49
INV-0051-008,2024-08-01,C0051,United Kingdom,SKU-864,Coffee Beans 500g,4,52.97
INV-0052-001,2025-11-18,C0052,India,SKU-355,Wireless Mouse,5,5.17
INV-0053-001,2025-09-01,C0053,India,SKU-954,LED Bulb,4,32.32
INV-0053-002,2025-10-06,C0053,United Kingdom,SKU-531,Backpack,5,27.12
INV-0054-001,2025-05-13,C0054,India,SKU-463,Notebook Pack,2,91.55
INV-0054-002,2025-06-13,C0054,India,SKU-251,Water Bottle,2,76.06
INV-0054-003,2025-03-09,C0054,India,SKU-639,Wireless Mouse,5,23.77
INV-0054-004,2025-10-29,C0054,India,SKU-629,Phone Case,2,34.02
INV-0054-005,2025-08-21,C0054,United Kingdom,SKU-958,LED Bulb,1,169.6
INV-0054-006,2025-07-08,C0054,United Kingdom,SKU-905,Cotton T-Shirt,4,43.55
INV-0054-007,2025-02-12,C0054,India,SKU-816,Backpack,2,62.15
INV-0054-008,2025-02-20,C0054,Germany,SKU-662,Coffee Beans 500g,2,80.36
INV-0054-009,2025-10-23,C0054,USA,SKU-599,Yoga Mat,3,28.21
INV-0054-010,2025-09-09,C0054,United Kingdom,SKU-778,Desk Organizer,5,11.52
INV-0054-011,2025-06-24,C0054,USA,SKU-172,LED Bulb,3,59.26
INV-0054-012,2025-09-01,C0054,India,SKU-453,Coffee Beans 500g,1,86.21
INV-0054-013,2025-07-31,C0054,India,SKU-581,Coffee Beans 500g,4,24.24
INV-0055-001,2025-10-13,C0055,India,SKU-129,Phone Case,3,42.01
INV-0055-002,2025-05-21,C0055,Germany,SKU-235,Wireless Mouse,2,79.63
INV-0055-003,2025-11-13,C0055,Germany,SKU-443,Water Bottle,5,61.38
INV-0055-004,2025-07-01,C0055,India,SKU-555,LED Bulb,5,27.73
INV-0055-005,2025-12-04,C0055,India,SKU-996,Coffee Beans 500g,3,85.46
INV-0055-006,2025-06-30,C0055,India,SKU-389,Cotton T-Shirt,4,57.47
INV-0055-007,2025-02-11,C0055,India,SKU-319,Yoga Mat,5,56.64
INV-0055-008,2025-02-14,C0055,India,SKU-360,Phone Case,1,190.86
INV-0055-009,2025-07-14,C0055,United Kingdom,SKU-354,Notebook Pack,2,97.39
INV-0055-010,2025-04-11,C0055,Germany,SKU-104,LED Bulb,3,56.1
INV-0055-011,2025-03-01,C0055,India,SKU-821,Wireless Mouse,5,37.23
INV-0055-012,2025-08-05,C0055,USA,SKU-433,LED Bulb,5,50.17
INV-0055-013,2025-12-12,C0055,India,SKU-181,Phone Case,1,184.39
INV-0055-014,2025-11-22,C0055,United Kingdom,SKU-872,Coffee Beans 500g,4,54.69
INV-0055-015,2025-10-19,C0055,India,SKU-935,Coffee Beans 500g,3,46.09
INV-0055-016,2025-11-04,C0055,India,SKU-373,LED Bulb,2,154.88
INV-0055-017,2025-10-09,C0055,United Kingdom,SKU-253,LED Bulb,4,55.33
INV-0055-018,2025-10-04,C0055,India,SKU-450,Desk Organizer,5,17.45
INV-0055-019,2025-02-22,C0055,India,SKU-746,LED Bulb,2,66.32
INV-0055-020,2025-11-17,C0055,India,SKU-551,Cotton T-Shirt,5,25.04
INV-0055-021,2025-04-09,C0055,India,SKU-536,Notebook Pack,5,17.18
INV-0055-022,2025-11-13,C0055,India,SKU-246,Desk Organizer,1,246.49
INV-0055-023,2025-05-02,C0055,India,SKU-246,Cotton T-Shirt,1,234.76
INV-0056-001,2025-05-11,C0056,USA,SKU-873,Desk Organizer,3,10.43
INV-0056-002,2025-01-10,C0056,India,SKU-898,Desk Organizer,3,11.54
INV-0056-003,2025-05-24,C0056,India,SKU-373,Desk Organizer,2,18.16
INV-0056-004,2025-05-14,C0056,India,SKU-654,Phone Case,4,6.78
INV-0056-005,2024-11-11,C0056,India,SKU-645,Backpack,1,35.83
INV-0056-006,2024-11-22,C0056,India,SKU-777,Wireless Mouse,5,7.54
INV-0057-001,2025-10-19,C0057,Germany,SKU-423,Backpack,4,30.81
INV-0058-001,2025-03-23,C0058,India,SKU-961,Notebook Pack,4,63.94
INV-0058-002,2025-06-16,C0058,United Kingdom,SKU-275,Cotton T-Shirt,4,49.08
INV-0058-003,2025-05-18,C0058,India,SKU-940,LED Bulb,3,82.73
INV-0058-004,2025-02-04,C0058,Germany,SKU-333,LED Bulb,3,99.08
INV-0058-005,2025-05-30,C0058,India,SKU-252,Yoga Mat,3,68.03
INV-0058-006,2025-05-16,C0058,India,SKU-761,Notebook Pack,2,67.98
INV-0058-007,2025-11-12,C0058,India,SKU-546,Coffee Beans 500g,5,28.75
INV-0058-008,2025-02-27,C0058,United Kingdom,SKU-320,Water Bottle,3,50.35
INV-0058-009,2025-08-18,C0058,United Kingdom,SKU-772,Notebook Pack,4,37.5
INV-0058-010,2025-04-17,C0058,USA,SKU-420,Water Bottle,4,71.16
INV-0058-011,2025-09-20,C0058,India,SKU-639,Cotton T-Shirt,3,90.14
INV-0058-012,2025-05-17,C0058,USA,SKU-777,Water Bottle,3,73.22
INV-0058-013,2025-05-10,C0058,United Kingdom,SKU-632,Wireless Mouse,5,48.92
INV-0058-014,2025-09-25,C0058,India,SKU-313,Water Bottle,1,111.83
INV-0058-015,2025-07-21,C0058,India,SKU-260,LED Bulb,4,57.09
INV-0058-016,2025-05-23,C0058,India,SKU-677,LED Bulb,4,37.87
INV-0058-017,2025-06-10,C0058,Germany,SKU-626,Wireless Mouse,1,216.15
INV-0058-018,2025-07-31,C0058,India,SKU-545,Yoga Mat,1,203.99
INV-0058-019,2025-08-14,C0058,India,SKU-272,Water Bottle,1,124.01
INV-0058-020,2025-03-27,C0058,India,SKU-957,Wireless Mouse,2,46.03
INV-0058-021,2025-10-03,C0058,USA,SKU-410,Water Bottle,1,189.34
INV-0059-001,2025-03-14,C0059,United Kingdom,SKU-960,Coffee Beans 500g,5,16.75
INV-0059-002,2025-03-15,C0059,India,SKU-347,Notebook Pack,4,21.67
INV-0060-001,2025-08-02,C0060,India,SKU-834,Water Bottle,3,30.7
INV-0060-002,2025-08-12,C0060,India,SKU-222,Wireless Mouse,2,121.07
INV-0060-003,2025-07-05,C0060,Germany,SKU-975,Coffee Beans 500g,2,67.95
INV-0060-004,2025-02-25,C0060,USA,SKU-782,Backpack,4,65.66
INV-0060-005,2025-03-25,C0060,India,SKU-641,Water Bottle,1,212.93
INV-0060-006,2025-10-07,C0060,India,SKU-579,LED Bulb,4,58.23
INV-0060-007,2025-03-11,C0060,India,SKU-219,Notebook Pack,5,22.22
INV-0060-008,2025-05-03,C0060,India,SKU-685,Backpack,5,33.43
INV-0060-009,2025-10-14,C0060,USA,SKU-994,Desk Organizer,1,238.69
INV-0061-001,2025-06-04,C0061,India,SKU-955,Backpack,1,121.39
INV-0061-002,2025-06-28,C0061,United Kingdom,SKU-657,Notebook Pack,3,19.62
INV-0061-003,2025-06-26,C0061,India,SKU-138,Desk Organizer,1,82.44
INV-0061-004,2025-10-16,C0061,USA,SKU-337,Coffee Beans 500g,2,24.93
INV-0061-005,2025-07-17,C0061,USA,SKU-118,LED Bulb,2,50.12
INV-0061-006,2025-07-03,C0061,USA,SKU-826,Wireless Mouse,1,103.68
INV-0061-007,2025-08-04,C0061,India,SKU-339,Cotton T-Shirt,1,135.37
INV-0061-008,2025-03-07,C0061,India,SKU-996,Water Bottle,4,13.57
INV-0061-009,2025-06-22,C0061,India,SKU-783,Water Bottle,1,120.68
INV-0061-010,2025-07-22,C0061,India,SKU-605,Desk Organizer,4,22.64
INV-0061-011,2025-09-24,C0061,United Kingdom,SKU-286,Backpack,5,28.21
INV-0062-001,2025-09-13,C0062,India,SKU-358,Cotton T-Shirt,5,22.71
INV-0062-002,2025-04-13,C0062,United Kingdom,SKU-581,Backpack,4,50.14
INV-0062-003,2025-02-26,C0062,India,SKU-706,Wireless Mouse,1,268.72
INV-0062-004,2025-06-27,C0062,Germany,SKU-230,Water Bottle,5,53.35
INV-0062-005,2025-09-26,C0062,India,SKU-121,Coffee Beans 500g,2,65.37
INV-0062-006,2025-10-23,C0062,India,SKU-915,Yoga Mat,5,36.63
INV-0062-007,2025-09-14,C0062,Germany,SKU-383,Desk Organizer,4,37.58
INV-0062-008,2025-11-03,C0062,United Kingdom,SKU-635,Phone Case,4,19.3
INV-0062-009,2025-08-25,C0062,India,SKU-680,Wireless Mouse,4,19.89
INV-0062-010,2025-01-18,C0062,India,SKU-563,Yoga Mat,5,31.78
INV-0063-001,2025-03-27,C0063,India,SKU-153,Notebook Pack,5,12.86
INV-0063-002,2025-04-24,C0063,Germany,SKU-467,Coffee Beans 500g,1,57.9
INV-0063-003,2025-01-01,C0063,USA,SKU-275,Wireless Mouse,4,7.03
INV-0063-004,2025-01-23,C0063,India,SKU-262,Backpack,4,10.65
INV-0063-005,2025-06-03,C0063,India,SKU-805,Phone Case,3,13.9
INV-0064-001,2025-03-30,C0064,India,SKU-896,LED Bulb,2,102.36
INV-0064-002,2025-05-22,C0064,United Kingdom,SKU-714,Wireless Mouse,5,36.46
INV-0064-003,2025-10-02,C0064,United Kingdom,SKU-138,Desk Organizer,3,58.11
INV-0064-004,2025-04-16,C0064,USA,SKU-465,Water Bottle,5,28.63
INV-0064-005,2025-10-04,C0064,USA,SKU-877,Yoga Mat,4,19.37
INV-0064-006,2025-05-26,C0064,India,SKU-419,LED Bulb,4,28.25
INV-0065-001,2025-02-14,C0065,Germany,SKU-223,Coffee Beans 500g,2,30.43
INV-0066-001,2025-02-14,C0066,USA,SKU-420,Coffee Beans 500g,3,52.55
INV-0066-002,2025-07-01,C0066,Germany,SKU-944,Phone Case,5,28.0
INV-0066-003,2025-01-17,C0066,India,SKU-369,LED Bulb,4,21.27
INV-0066-004,2025-05-02,C0066,India,SKU-353,Cotton T-Shirt,3,29.83
INV-0066-005,2025-10-15,C0066,India,SKU-843,Yoga Mat,5,27.6
INV-0066-006,2025-08-26,C0066,United Kingdom,SKU-442,Wireless Mouse,5,20.22
INV-0066-007,2025-03-05,C0066,USA,SKU-869,Phone Case,5,11.87
INV-0067-001,2025-04-19,C0067,India,SKU-295,Water Bottle,5,8.03
INV-0068-001,2025-09-17,C0068,United Kingdom,SKU-763,Cotton T-Shirt,2,63.42
INV-0068-002,2025-05-30,C0068,USA,SKU-207,Desk Organizer,3,33.36
INV-0068-003,2025-03-07,C0068,India,SKU-393,Backpack,2,69.57
INV-0068-004,2025-08-13,C0068,India,SKU-659,Water Bottle,2,44.56
INV-0068-005,2025-05-23,C0068,USA,SKU-913,Cotton T-Shirt,3,42.47
INV-0068-006,2025-06-01,C0068,United Kingdom,SKU-628,Water Bottle,1,130.85
INV-0068-007,2025-12-16,C0068,India,SKU-782,Yoga Mat,4,28.86
INV-0068-008,2025-04-25,C0068,Germany,SKU-298,Coffee Beans 500g,5,21.83
INV-0068-009,2025-07-31,C0068,India,SKU-777,LED Bulb,5,18.07
INV-0068-010,2025-09-03,C0068,United Kingdom,SKU-689,Cotton T-Shirt,4,34.65
INV-0068-011,2025-08-29,C0068,United Kingdom,SKU-454,Desk Organizer,5,13.57
INV-0069-001,2025-11-21,C0069,Germany,SKU-522,Cotton T-Shirt,5,43.57
INV-0069-002,2025-09-30,C0069,Germany,SKU-369,Wireless Mouse,1,91.73
INV-0069-003,2025-11-19,C0069,United Kingdom,SKU-275,Wireless Mouse,4,54.93
INV-0069-004,2025-07-21,C0069,India,SKU-956,Desk Organizer,1,177.54
INV-0069-005,2025-10-22,C0069,Germany,SKU-527,LED Bulb,1,209.63
INV-0069-006,2025-06-14,C0069,India,SKU-816,Backpack,3,41.24
INV-0069-007,2025-06-28,C0069,USA,SKU-408,Backpack,3,25.04
INV-0069-008,2025-06-29,C0069,Germany,SKU-910,Cotton T-Shirt,2,86.84
INV-0069-009,2025-04-19,C0069,United Kingdom,SKU-638,Cotton T-Shirt,5,28.31
INV-0069-010,2025-10-10,C0069,India,SKU-810,Desk Organizer,2,75.68
INV-0069-011,2025-08-30,C0069,India,SKU-973,Yoga Mat,1,189.82
INV-0069-012,2025-10-20,C0069,India,SKU-645,Cotton T-Shirt,1,192.81
INV-0069-013,2025-06-10,C0069,India,SKU-484,Yoga Mat,2,94.74
INV-0070-001,2025-06-09,C0070,India,SKU-414,Desk Organizer,1,123.89
INV-0070-002,2025-05-28,C0070,India,SKU-956,Coffee Beans 500g,4,34.53
INV-0070-003,2025-02-23,C0070,United Kingdom,SKU-991,Desk Organizer,2,44.36
INV-0070-004,2025-01-04,C0070,United Kingdom,SKU-333,Desk Organizer,5,25.15
INV-0070-005,2025-03-14,C0070,India,SKU-249,Coffee Beans 500g,3,27.59
INV-0070-006,2025-10-23,C0070,India,SKU-245,Coffee Beans 500g,5,28.34
INV-0071-001,2025-08-01,C0071,India,SKU-642,Yoga Mat,5,4.47
INV-0071-002,2025-02-12,C0071,United Kingdom,SKU-375,Wireless Mouse,5,4.03
INV-0071-003,2024-12-27,C0071,India,SKU-760,Phone Case,3,7.45
INV-0071-004,2025-03-08,C0071,USA,SKU-154,Water Bottle,3,6.91
INV-0071-005,2025-02-12,C0071,India,SKU-312,Phone Case,4,6.77
INV-0072-001,2025-07-19,C0072,Germany,SKU-843,Yoga Mat,2,47.61
INV-0072-002,2025-11-02,C0072,India,SKU-126,Wireless Mouse,5,11.67
INV-0072-003,2025-09-07,C0072,India,SKU-535,Cotton T-Shirt,3,17.04
INV-0072-004,2025-04-29,C0072,India,SKU-588,Cotton T-Shirt,4,36.46
INV-0072-005,2025-05-15,C0072,India,SKU-501,Coffee Beans 500g,2,55.04
INV-0072-006,2025-10-06,C0072,India,SKU-531,LED Bulb,1,89.71
INV-0072-007,2025-03-18,C0072,India,SKU-501,Water Bottle,5,29.52
INV-0072-008,2025-05-03,C0072,India,SKU-824,Phone Case,3,22.71
INV-0073-001,2025-01-09,C0073,United Kingdom,SKU-110,Wireless Mouse,4,4.73
INV-0073-002,2025-02-02,C0073,India,SKU-331,Cotton T-Shirt,3,12.73
INV-0073-003,2025-06-05,C0073,India,SKU-260,Phone Case,5,4.38
INV-0073-004,2025-04-20,C0073,Germany,SKU-692,Coffee Beans 500g,4,6.21
INV-0073-005,2025-04-20,C0073,India,SKU-203,Cotton T-Shirt,3,5.08
INV-0073-006,2025-09-08,C0073,USA,SKU-612,Water Bottle,2,17.19
INV-0074-001,2025-11-16,C0074,United Kingdom,SKU-982,Desk Organizer,2,19.91
INV-0075-001,2025-01-25,C0075,Germany,SKU-829,Coffee Beans 500g,5,2.87
INV-0075-002,2025-04-06,C0075,India,SKU-562,Water Bottle,1,18.55
INV-0076-001,2024-10-10,C0076,India,SKU-728,LED Bulb,1,154.45
INV-0076-002,2025-03-07,C0076,India,SKU-473,Water Bottle,3,63.85
INV-0076-003,2025-02-08,C0076,United Kingdom,SKU-595,Cotton T-Shirt,1,170.94
INV-0076-004,2024-12-12,C0076,India,SKU-905,Wireless Mouse,1,172.83
INV-0077-001,2025-07-27,C0077,Germany,SKU-863,Water Bottle,1,40.37
INV-0077-002,2025-02-22,C0077,USA,SKU-401,Yoga Mat,2,17.09
INV-0078-001,2025-05-15,C0078,United Kingdom,SKU-864,Water Bottle,2,125.3
INV-0078-002,2025-05-26,C0078,India,SKU-536,Coffee Beans 500g,2,74.75
INV-0078-003,2025-07-12,C0078,India,SKU-312,Water Bottle,3,57.39
INV-0078-004,2025-02-01,C0078,India,SKU-865,Phone Case,1,248.45
INV-0078-005,2025-08-12,C0078,India,SKU-350,Cotton T-Shirt,5,32.15
INV-0078-006,2025-10-18,C0078,India,SKU-974,Coffee Beans 500g,4,59.6
INV-0078-007,2025-02-18,C0078,India,SKU-500,Yoga Mat,5,40.05
INV-0078-008,2025-02-06,C0078,India,SKU-748,Coffee Beans 500g,2,109.31
INV-0079-001,2025-07-22,C0079,India,SKU-244,Notebook Pack,2,38.4
INV-0079-002,2025-01-30,C0079,India,SKU-322,Phone Case,4,47.52
INV-0079-003,2025-10-01,C0079,United Kingdom,SKU-597,Desk Organizer,3,37.59
INV-0079-004,2025-10-27,C0079,USA,SKU-110,LED Bulb,4,49.09
INV-0079-005,2025-10-28,C0079,India,SKU-109,Wireless Mouse,5,32.08
INV-0079-006,2025-09-03,C0079,United Kingdom,SKU-695,Wireless Mouse,3,71.79
INV-0079-007,2025-08-26,C0079,India,SKU-704,LED Bulb,2,73.69
INV-0079-008,2025-08-04,C0079,India,SKU-443,Backpack,1,133.82
INV-0079-009,2025-10-04,C0079,India,SKU-142,Backpack,5,27.22
INV-0079-010,2025-08-01,C0079,United Kingdom,SKU-418,Yoga Mat,5,39.72
INV-0079-011,2025-02-25,C0079,United Kingdom,SKU-852,LED Bulb,4,55.67
INV-0079-012,2025-06-16,C0079,India,SKU-343,Backpack,5,48.49
INV-0079-013,2025-07-17,C0079,India,SKU-748,Cotton T-Shirt,2,55.42
INV-0080-001,2025-10-19,C0080,India,SKU-732,Cotton T-Shirt,5,11.17
INV-0080-002,2025-07-11,C0080,India,SKU-616,Notebook Pack,3,56.03
INV-0080-003,2025-06-23,C0080,India,SKU-905,Phone Case,5,21.93
INV-0080-004,2025-05-06,C0080,United Kingdom,SKU-190,Water Bottle,4,22.06
INV-0080-005,2024-12-30,C0080,Germany,SKU-215,Wireless Mouse,1,137.39
INV-0080-006,2025-07-19,C0080,United Kingdom,SKU-565,Phone Case,1,120.34
INV-0081-001,2025-02-16,C0081,India,SKU-935,LED Bulb,1,25.73
INV-0081-002,2025-02-08,C0081,India,SKU-842,Water Bottle,5,1.72
INV-0081-003,2025-06-27,C0081,United Kingdom,SKU-402,Yoga Mat,2,8.41
INV-0081-004,2025-01-18,C0081,USA,SKU-230,Wireless Mouse,1,26.88
INV-0082-001,2025-08-19,C0082,United Kingdom,SKU-670,Cotton T-Shirt,3,64.66
INV-0082-002,2025-06-05,C0082,Germany,SKU-729,Coffee Beans 500g,2,185.85
INV-0082-003,2025-05-30,C0082,India,SKU-558,Wireless Mouse,4,34.99
INV-0082-004,2025-10-23,C0082,USA,SKU-254,Wireless Mouse,5,52.92
INV-0082-005,2025-09-29,C0082,United Kingdom,SKU-969,Backpack,4,74.63
INV-0082-006,2025-02-28,C0082,India,SKU-263,Yoga Mat,5,81.98
INV-0082-007,2025-09-15,C0082,India,SKU-304,Phone Case,5,47.86
INV-0082-008,2025-06-07,C0082,India,SKU-621,Coffee Beans 500g,4,51.16
INV-0082-009,2025-06-01,C0082,Germany,SKU-507,Desk Organizer,4,33.05
INV-0082-010,2025-02-24,C0082,India,SKU-998,Yoga Mat,1,372.02
INV-0082-011,2025-02-16,C0082,India,SKU-136,Phone Case,5,58.95
INV-0082-012,2025-06-08,C0082,USA,SKU-938,Coffee Beans 500g,3,81.35
INV-0082-013,2025-05-21,C0082,United Kingdom,SKU-926,Wireless Mouse,5,54.29
INV-0082-014,2025-03-27,C0082,United Kingdom,SKU-250,Backpack,2,135.91
INV-0082-015,2025-03-23,C0082,India,SKU-513,Backpack,1,447.31
INV-0082-016,2025-06-19,C0082,USA,SKU-186,Notebook Pack,1,296.6
INV-0082-017,2025-11-02,C0082,India,SKU-518,Wireless Mouse,5,88.6
INV-0082-018,2025-03-14,C0082,United Kingdom,SKU-153,Cotton T-Shirt,1,128.84
INV-0082-019,2025-10-10,C0082,USA,SKU-832,Coffee Beans 500g,3,61.13
INV-0083-001,2025-05-31,C0083,United Kingdom,SKU-191,Cotton T-Shirt,4,6.64
INV-0084-001,2025-09-12,C0084,United Kingdom,SKU-692,Yoga Mat,2,45.61
INV-0084-002,2025-07-25,C0084,USA,SKU-210,Yoga Mat,1,225.83
INV-0084-003,2025-05-14,C0084,India,SKU-283,Desk Organizer,5,21.32
INV-0084-004,2025-01-24,C0084,Germany,SKU-489,Yoga Mat,3,96.56
INV-0084-005,2025-11-11,C0084,India,SKU-374,Phone Case,3,81.77
INV-0084-006,2025-05-14,C0084,USA,SKU-562,Backpack,1,282.77
INV-0084-007,2025-11-21,C0084,India,SKU-640,Backpack,3,37.21
INV-0084-008,2025-09-21,C0084,India,SKU-810,Water Bottle,1,184.92
INV-0084-009,2025-04-12,C0084,United Kingdom,SKU-932,Desk Organizer,2,93.69
INV-0084-010,2025-01-29,C0084,India,SKU-387,Coffee Beans 500g,3,33.99
INV-0084-011,2025-04-28,C0084,India,SKU-727,Cotton T-Shirt,5,29.64
INV-0084-012,2025-02-23,C0084,USA,SKU-228,Water Bottle,3,29.51
INV-0084-013,2025-04-01,C0084,India,SKU-316,Phone Case,3,104.31
INV-0084-014,2025-05-03,C0084,India,SKU-486,LED Bulb,1,192.19
INV-0084-015,2025-05-08,C0084,India,SKU-708,LED Bulb,5,67.72
INV-0084-016,2025-05-04,C0084,United Kingdom,SKU-632,LED Bulb,5,38.95
INV-0084-017,2025-11-20,C0084,India,SKU-840,Notebook Pack,1,253.55
INV-0084-018,2025-06-22,C0084,Germany,SKU-618,LED Bulb,5,22.04
INV-0084-019,2025-12-03,C0084,USA,SKU-959,Cotton T-Shirt,1,136.54
INV-0084-020,2025-08-08,C0084,Germany,SKU-620,Notebook Pack,1,233.82
INV-0084-021,2025-03-28,C0084,United Kingdom,SKU-366,Coffee Beans 500g,3,98.01
INV-0084-022,2025-01-26,C0084,India,SKU-649,Cotton T-Shirt,3,70.24
INV-0084-023,2025-06-13,C0084,USA,SKU-787,Phone Case,4,32.01
INV-0084-024,2025-03-13,C0084,USA,SKU-610,LED Bulb,1,341.24
INV-0085-001,2025-11-03,C0085,Germany,SKU-831,Phone Case,4,4.48
INV-0086-001,2025-03-12,C0086,United Kingdom,SKU-277,LED Bulb,1,49.49
INV-0086-002,2025-07-21,C0086,United Kingdom,SKU-452,Wireless Mouse,2,16.46
INV-0087-001,2024-12-13,C0087,India,SKU-472,LED Bulb,5,6.06
INV-0087-002,2025-03-21,C0087,Germany,SKU-132,Phone Case,3,14.79
INV-0087-003,2025-06-01,C0087,USA,SKU-362,Notebook Pack,5,8.85
INV-0087-004,2025-07-30,C0087,USA,SKU-463,Desk Organizer,2,29.1
INV-0087-005,2025-04-27,C0087,India,SKU-167,Coffee Beans 500g,3,8.94
INV-0088-001,2025-09-09,C0088,USA,SKU-317,Notebook Pack,4,8.34
INV-0088-002,2025-01-31,C0088,United Kingdom,SKU-331,Backpack,2,14.24
INV-0089-001,2025-09-01,C0089,India,SKU-806,Backpack,1,59.97
INV-0089-002,2025-02-08,C0089,India,SKU-744,Yoga Mat,2,46.63
INV-0090-001,2025-06-18,C0090,India,SKU-954,Wireless Mouse,3,32.35
INV-0090-002,2025-08-09,C0090,India,SKU-712,Notebook Pack,1,163.48
INV-0090-003,2025-11-12,C0090,United Kingdom,SKU-891,Backpack,1,58.39
INV-0090-004,2025-02-26,C0090,USA,SKU-843,LED Bulb,2,70.87
INV-0090-005,2025-07-24,C0090,India,SKU-194,Phone Case,5,13.66
INV-0090-006,2025-06-16,C0090,Germany,SKU-752,Cotton T-Shirt,3,30.89
INV-0090-007,2025-09-24,C0090,USA,SKU-846,Notebook Pack,5,19.86
INV-0090-008,2025-11-22,C0090,India,SKU-918,Water Bottle,3,44.73
INV-0090-009,2025-12-07,C0090,USA,SKU-877,Phone Case,3,15.39
INV-0090-010,2025-02-10,C0090,United Kingdom,SKU-741,Yoga Mat,4,21.57
INV-0090-011,2025-06-06,C0090,India,SKU-489,Phone Case,5,18.34
INV-0091-001,2025-06-14,C0091,India,SKU-319,Coffee Beans 500g,5,25.53
INV-0092-001,2025-05-17,C0092,Germany,SKU-234,Coffee Beans 500g,1,144.4
INV-0092-002,2025-09-17,C0092,India,SKU-401,Phone Case,3,63.78
INV-0092-003,2025-06-11,C0092,United Kingdom,SKU-443,Water Bottle,5,12.92
INV-0092-004,2025-03-04,C0092,United Kingdom,SKU-244,Notebook Pack,3,36.94
INV-0092-005,2025-04-17,C0092,Germany,SKU-191,Yoga Mat,2,55.56
INV-0092-006,2025-04-15,C0092,USA,SKU-100,Water Bottle,1,118.03
INV-0092-007,2025-01-05,C0092,India,SKU-547,Cotton T-Shirt,2,97.54
INV-0092-008,2025-08-14,C0092,India,SKU-270,Phone Case,5,32.81
INV-0092-009,2025-06-08,C0092,India,SKU-319,Yoga Mat,3,82.97
INV-0092-010,2025-10-04,C0092,USA,SKU-101,Yoga Mat,4,51.85
INV-0093-001,2025-02-15,C0093,India,SKU-653,Notebook Pack,2,82.55
INV-0093-002,2025-03-20,C0093,India,SKU-721,LED Bulb,2,89.59
INV-0093-003,2025-03-15,C0093,Germany,SKU-498,Wireless Mouse,5,44.25
INV-0093-004,2025-06-01,C0093,United Kingdom,SKU-443,Backpack,2,46.99
INV-0093-005,2024-12-26,C0093,USA,SKU-840,Cotton T-Shirt,2,135.86
INV-0093-006,2025-07-31,C0093,India,SKU-737,Water Bottle,3,40.77
INV-0093-007,2025-01-05,C0093,USA,SKU-103,Coffee Beans 500g,2,163.75
INV-0093-008,2025-07-24,C0093,United Kingdom,SKU-753,Desk Organizer,3,81.97
INV-0094-001,2024-07-25,C0094,United Kingdom,SKU-776,Cotton T-Shirt,4,10.22
INV-0094-002,2024-09-27,C0094,Germany,SKU-415,Cotton T-Shirt,1,42.77
INV-0094-003,2024-09-11,C0094,India,SKU-432,Backpack,2,44.51
INV-0094-004,2024-05-25,C0094,India,SKU-482,Phone Case,1,137.89
INV-0094-005,2024-05-26,C0094,USA,SKU-471,Phone Case,4,9.92
INV-0094-006,2025-01-15,C0094,India,SKU-268,Yoga Mat,3,19.18
INV-0094-007,2025-02-15,C0094,India,SKU-184,Coffee Beans 500g,1,72.23
INV-0095-001,2025-06-08,C0095,Germany,SKU-779,Desk Organizer,3,31.63
INV-0095-002,2025-04-15,C0095,United Kingdom,SKU-872,Phone Case,3,15.14
INV-0095-003,2025-05-10,C0095,United Kingdom,SKU-142,Yoga Mat,4,13.96
INV-0095-004,2025-07-16,C0095,India,SKU-860,Coffee Beans 500g,2,43.1
INV-0095-005,2025-03-17,C0095,India,SKU-101,Water Bottle,1,75.05
INV-0095-006,2025-11-10,C0095,Germany,SKU-524,Desk Organizer,4,31.77
INV-0095-007,2025-07-18,C0095,USA,SKU-870,Desk Organizer,4,21.82
INV-0095-008,2025-06-01,C0095,United Kingdom,SKU-122,Desk Organizer,4,16.12
INV-0095-009,2025-07-27,C0095,India,SKU-300,LED Bulb,2,54.01
INV-0095-010,2025-03-19,C0095,United Kingdom,SKU-441,Phone Case,4,26.62
INV-0096-001,2025-03-04,C0096,India,SKU-354,Cotton T-Shirt,4,4.08
INV-0096-002,2025-03-11,C0096,United Kingdom,SKU-437,Phone Case,4,3.27
INV-0097-001,2025-01-01,C0097,India,SKU-743,Yoga Mat,2,46.86
INV-0097-002,2025-07-17,C0097,India,SKU-902,Yoga Mat,1,125.66
INV-0097-003,2025-10-12,C0097,USA,SKU-867,Cotton T-Shirt,2,21.54
INV-0097-004,2025-05-07,C0097,Germany,SKU-764,Coffee Beans 500g,3,47.65
INV-0097-005,2025-08-26,C0097,Germany,SKU-253,Water Bottle,5,27.19
INV-0097-006,2025-07-29,C0097,India,SKU-508,Notebook Pack,1,156.59
INV-0097-007,2025-07-29,C0097,India,SKU-746,Cotton T-Shirt,2,50.16
INV-0097-008,2025-04-12,C0097,India,SKU-911,Yoga Mat,5,23.9
INV-0097-009,2025-01-24,C0097,India,SKU-366,Backpack,5,13.66
INV-0097-010,2025-11-01,C0097,India,SKU-478,Backpack,3,25.11
INV-0097-011,2025-04-13,C0097,United Kingdom,SKU-684,Phone Case,3,48.84
INV-0097-012,2025-09-16,C0097,USA,SKU-188,Phone Case,5,16.91
INV-0097-013,2025-02-17,C0097,India,SKU-821,Yoga Mat,5,20.5
INV-0098-001,2025-02-14,C0098,India,SKU-748,Backpack,3,5.67
INV-0098-002,2025-01-17,C0098,United Kingdom,SKU-524,Wireless Mouse,4,8.01
INV-0098-003,2025-08-23,C0098,India,SKU-726,Desk Organizer,3,14.73
INV-0099-001,2024-11-29,C0099,Germany,SKU-451,Notebook Pack,1,137.11
INV-0099-002,2025-04-04,C0099,India,SKU-891,LED Bulb,5,11.31
INV-0099-003,2025-02-08,C0099,India,SKU-521,Wireless Mouse,2,32.45
INV-0099-004,2025-04-01,C0099,India,SKU-672,Yoga Mat,5,10.16
INV-0099-005,2025-06-13,C0099,India,SKU-444,Water Bottle,2,52.48
INV-0099-006,2025-01-12,C0099,India,SKU-956,Coffee Beans 500g,5,37.96
INV-0100-001,2025-03-24,C0100,India,SKU-169,Phone Case,3,7.42
INV-0100-002,2025-01-15,C0100,India,SKU-552,Notebook Pack,5,7.33
INV-0100-003,2024-12-11,C0100,India,SKU-945,Wireless Mouse,1,19.42
INV-0100-004,2025-08-26,C0100,Germany,SKU-526,Yoga Mat,5,7.22
INV-0100-005,2024-11-04,C0100,United Kingdom,SKU-689,Cotton T-Shirt,4,8.62
INV-0100-006,2025-06-19,C0100,United Kingdom,SKU-312,Wireless Mouse,1,25.64
INV-0101-001,2024-07-17,C0101,India,SKU-228,Wireless Mouse,2,77.34
INV-0101-002,2024-11-04,C0101,India,SKU-900,Coffee Beans 500g,4,38.55
INV-0101-003,2024-12-22,C0101,USA,SKU-512,Backpack,3,33.95
INV-0101-004,2025-01-07,C0101,USA,SKU-179,LED Bulb,5,14.63
INV-0102-001,2024-10-25,C0102,India,SKU-131,LED Bulb,4,45.45
INV-0102-002,2024-10-07,C0102,India,SKU-699,Backpack,1,113.82
INV-0102-003,2024-12-21,C0102,India,SKU-664,Coffee Beans 500g,2,97.91
INV-0102-004,2024-11-03,C0102,USA,SKU-163,Phone Case,3,23.96
INV-0102-005,2025-04-26,C0102,India,SKU-463,Phone Case,4,48.04
INV-0102-006,2025-03-05,C0102,USA,SKU-163,Desk Organizer,2,88.99
INV-0102-007,2024-10-30,C0102,United Kingdom,SKU-949,Notebook Pack,1,177.52
INV-0102-008,2025-03-27,C0102,USA,SKU-205,LED Bulb,3,46.92
INV-0103-001,2025-04-07,C0103,India,SKU-764,Yoga Mat,1,96.89
INV-0103-002,2024-08-23,C0103,India,SKU-758,LED Bulb,1,287.62
INV-0103-003,2025-03-21,C0103,USA,SKU-958,Water Bottle,5,18.21
INV-0103-004,2024-07-31,C0103,USA,SKU-174,Backpack,1,130.35
INV-0103-005,2025-02-23,C0103,India,SKU-422,Notebook Pack,3,36.77
INV-0104-001,2025-09-30,C0104,India,SKU-962,Coffee Beans 500g,5,5.32
INV-0105-001,2025-02-28,C0105,India,SKU-869,Cotton T-Shirt,2,29.76
INV-0105-002,2025-01-08,C0105,USA,SKU-437,Desk Organizer,5,5.68
INV-0105-003,2025-09-06,C0105,Germany,SKU-859,Desk Organizer,3,14.49
INV-0106-001,2025-01-25,C0106,India,SKU-422,Coffee Beans 500g,3,114.53
INV-0106-002,2025-03-23,C0106,India,SKU-752,Cotton T-Shirt,5,26.77
INV-0106-003,2025-10-28,C0106,Germany,SKU-115,Desk Organizer,2,166.95
INV-0106-004,2025-06-22,C0106,India,SKU-271,Water Bottle,2,61.43
INV-0106-005,2025-01-31,C0106,India,SKU-640,Desk Organizer,4,51.23
INV-0106-006,2025-07-08,C0106,India,SKU-408,Yoga Mat,5,53.22
INV-0106-007,2025-06-02,C0106,India,SKU-588,Cotton T-Shirt,1,282.85
INV-0106-008,2025-06-09,C0106,Germany,SKU-661,Cotton T-Shirt,1,281.55
INV-0106-009,2025-02-24,C0106,USA,SKU-956,Phone Case,3,121.55
INV-0106-010,2025-11-30,C0106,USA,SKU-273,Yoga Mat,4,27.97
INV-0106-011,2025-05-02,C0106,India,SKU-359,Cotton T-Shirt,3,44.33
INV-0106-012,2025-10-05,C0106,India,SKU-499,Coffee Beans 500g,1,366.21
INV-0106-013,2025-10-06,C0106,India,SKU-436,Wireless Mouse,4,48.68
INV-0106-014,2025-04-26,C0106,India,SKU-838,Coffee Beans 500g,5,79.02
INV-0106-015,2025-08-03,C0106,India,SKU-777,Phone Case,4,81.04
INV-0106-016,2025-02-13,C0106,India,SKU-862,Notebook Pack,1,168.49
INV-0106-017,2025-08-14,C0106,India,SKU-642,Wireless Mouse,3,71.07
INV-0106-018,2025-12-04,C0106,India,SKU-898,LED Bulb,2,127.2
INV-0106-019,2025-12-05,C0106,Germany,SKU-945,Notebook Pack,4,91.04
INV-0106-020,2025-11-13,C0106,India,SKU-100,Notebook Pack,5,71.82
INV-0106-021,2025-04-12,C0106,India,SKU-491,Coffee Beans 500g,1,357.25
INV-0106-022,2025-02-14,C0106,United Kingdom,SKU-363,Notebook Pack,5,70.34
INV-0107-001,2025-07-19,C0107,India,SKU-850,Desk Organizer,3,66.61
INV-0107-002,2025-03-21,C0107,India,SKU-573,Coffee Beans 500g,2,123.03
INV-0107-003,2025-05-26,C0107,Germany,SKU-495,Yoga Mat,1,246.79
INV-0107-004,2025-05-26,C0107,United Kingdom,SKU-572,Cotton T-Shirt,3,61.85
INV-0107-005,2025-09-25,C0107,India,SKU-753,Phone Case,1,135.08
INV-0107-006,2025-01-09,C0107,USA,SKU-887,Water Bottle,2,88.33
INV-0107-007,2025-02-09,C0107,India,SKU-487,Desk Organizer,3,38.71
INV-0107-008,2025-02-27,C0107,India,SKU-468,LED Bulb,1,221.13
INV-0107-009,2025-04-10,C0107,USA,SKU-472,Phone Case,3,20.86
INV-0108-001,2025-03-16,C0108,Germany,SKU-369,Yoga Mat,4,40.87
INV-0108-002,2025-05-10,C0108,United Kingdom,SKU-697,Cotton T-Shirt,1,147.94
INV-0108-003,2024-08-08,C0108,United Kingdom,SKU-714,Coffee Beans 500g,4,27.33
INV-0108-004,2024-11-18,C0108,India,SKU-121,Backpack,1,112.59
INV-0108-005,2025-01-02,C0108,India,SKU-670,Backpack,4,14.31
INV-0108-006,2024-10-07,C0108,India,SKU-647,Notebook Pack,3,42.1
INV-0109-001,2024-12-26,C0109,Germany,SKU-530,Phone Case,2,81.64
INV-0109-002,2025-08-19,C0109,India,SKU-977,Yoga Mat,2,81.41
INV-0109-003,2025-02-02,C0109,India,SKU-741,Desk Organizer,4,31.55
INV-0109-004,2025-08-20,C0109,United Kingdom,SKU-841,Backpack,5,28.8
INV-0109-005,2025-01-11,C0109,United Kingdom,SKU-558,Cotton T-Shirt,2,114.32
INV-0109-006,2025-05-02,C0109,India,SKU-782,Desk Organizer,5,48.06
INV-0110-001,2025-04-28,C0110,USA,SKU-868,Phone Case,3,47.39
INV-0110-002,2025-08-20,C0110,Germany,SKU-583,Notebook Pack,1,98.29
INV-0110-003,2025-07-30,C0110,United Kingdom,SKU-606,Phone Case,2,88.09
INV-0110-004,2025-04-10,C0110,India,SKU-508,Backpack,5,26.88
INV-0110-005,2025-05-02,C0110,USA,SKU-830,Yoga Mat,2,129.26
INV-0110-006,2025-05-18,C0110,India,SKU-641,Phone Case,1,74.47
INV-0110-007,2025-02-14,C0110,India,SKU-753,Wireless Mouse,4,36.72
INV-0110-008,2025-03-24,C0110,USA,SKU-471,Coffee Beans 500g,3,24.41
INV-0110-009,2025-01-26,C0110,United Kingdom,SKU-715,Water Bottle,3,75.9
INV-0110-010,2025-05-06,C0110,India,SKU-500,Water Bottle,5,20.5
INV-0110-011,2025-11-21,C0110,India,SKU-235,Backpack,4,63.33
INV-0110-012,2025-11-11,C0110,India,SKU-214,Notebook Pack,5,24.33
INV-0110-013,2025-09-30,C0110,India,SKU-722,Water Bottle,3,40.61
INV-0111-001,2025-03-23,C0111,India,SKU-322,Water Bottle,5,14.56
INV-0111-002,2025-03-02,C0111,India,SKU-635,LED Bulb,2,37.93
INV-0111-003,2025-08-26,C0111,Germany,SKU-732,Wireless Mouse,4,12.08
INV-0111-004,2025-10-26,C0111,India,SKU-242,Desk Organizer,5,24.78
INV-0111-005,2025-05-18,C0111,United Kingdom,SKU-218,Desk Organizer,3,39.39
INV-0111-006,2025-01-10,C0111,United Kingdom,SKU-493,Phone Case,4,15.7
INV-0111-007,2025-01-09,C0111,India,SKU-921,Yoga Mat,5,28.09
INV-0111-008,2025-08-19,C0111,India,SKU-813,Yoga Mat,4,30.94
INV-0111-009,2025-07-27,C0111,India,SKU-566,Cotton T-Shirt,1,145.57
INV-0111-010,2025-08-05,C0111,India,SKU-730,LED Bulb,4,21.27
INV-0111-011,2025-05-11,C0111,United Kingdom,SKU-469,Notebook Pack,2,32.51
INV-0111-012,2025-10-08,C0111,India,SKU-238,Desk Organizer,1,66.19
INV-0111-013,2025-04-28,C0111,India,SKU-663,Water Bottle,3,49.31
INV-0112-001,2024-11-05,C0112,United Kingdom,SKU-747,Coffee Beans 500g,1,141.15
INV-0112-002,2025-03-03,C0112,United Kingdom,SKU-232,Desk Organizer,2,96.59
INV-0112-003,2025-02-22,C0112,India,SKU-121,LED Bulb,4,54.87
INV-0112-004,2024-10-20,C0112,United Kingdom,SKU-516,LED Bulb,1,67.71
INV-0113-001,2025-10-22,C0113,United Kingdom,SKU-592,Backpack,4,16.72
INV-0113-002,2025-05-15,C0113,India,SKU-579,Wireless Mouse,3,27.93
INV-0113-003,2025-02-04,C0113,USA,SKU-212,Backpack,5,23.38
INV-0113-004,2025-09-13,C0113,India,SKU-386,LED Bulb,1,107.08
INV-0113-005,2025-04-16,C0113,India,SKU-115,Water Bottle,4,25.01
INV-0113-006,2025-08-02,C0113,India,SKU-422,Notebook Pack,3,40.49
INV-0114-001,2024-12-16,C0114,USA,SKU-327,Phone Case,3,2.88
INV-0114-002,2025-07-31,C0114,India,SKU-917,Notebook Pack,2,4.26
INV-0115-001,2024-10-24,C0115,USA,SKU-304,Coffee Beans 500g,5,7.85
INV-0115-002,2024-12-28,C0115,USA,SKU-912,Desk Organizer,4,11.48
INV-0115-003,2025-05-20,C0115,United Kingdom,SKU-473,Cotton T-Shirt,1,24.61
INV-0115-004,2024-11-29,C0115,USA,SKU-988,Yoga Mat,3,12.06
INV-0115-005,2024-12-05,C0115,United Kingdom,SKU-536,Water Bottle,4,4.85
INV-0116-001,2024-10-07,C0116,USA,SKU-624,Phone Case,4,44.9
INV-0116-002,2024-12-15,C0116,India,SKU-211,Wireless Mouse,3,65.18
INV-0116-003,2024-11-23,C0116,United Kingdom,SKU-474,Wireless Mouse,3,47.79
INV-0116-004,2024-06-24,C0116,United Kingdom,SKU-753,Coffee Beans 500g,3,48.14
INV-0117-001,2025-02-09,C0117,India,SKU-393,Yoga Mat,4,5.45
INV-0117-002,2025-04-21,C0117,USA,SKU-249,Cotton T-Shirt,1,15.84
INV-0118-001,2025-06-16,C0118,USA,SKU-242,Coffee Beans 500g,1,7.03
INV-0118-002,2025-04-16,C0118,Germany,SKU-601,Water Bottle,3,7.2
INV-0118-003,2025-02-26,C0118,India,SKU-588,Notebook Pack,3,2.89
INV-0119-001,2025-04-11,C0119,India,SKU-837,Wireless Mouse,3,5.97
INV-0119-002,2025-08-27,C0119,United Kingdom,SKU-973,Cotton T-Shirt,5,5.13
INV-0119-003,2025-01-01,C0119,India,SKU-534,Wireless Mouse,3,7.85
INV-0119-004,2025-02-22,C0119,United Kingdom,SKU-312,Water Bottle,4,6.7
INV-0119-005,2025-04-12,C0119,India,SKU-251,Notebook Pack,5,6.94
INV-0120-001,2025-07-10,C0120,India,SKU-995,Notebook Pack,4,15.0
INV-0120-002,2024-11-15,C0120,USA,SKU-975,Cotton T-Shirt,1,31.69
INV-0121-001,2025-09-06,C0121,United Kingdom,SKU-608,Yoga Mat,5,21.31
INV-0121-002,2025-02-09,C0121,Germany,SKU-941,Phone Case,1,105.74
INV-0122-001,2025-09-28,C0122,India,SKU-730,Phone Case,4,71.2
INV-0122-002,2025-11-11,C0122,India,SKU-546,Desk Organizer,4,75.63
INV-0122-003,2025-08-13,C0122,India,SKU-768,Cotton T-Shirt,1,176.4
INV-0122-004,2025-06-30,C0122,India,SKU-754,Backpack,1,171.29
INV-0122-005,2025-11-03,C0122,India,SKU-203,Notebook Pack,5,58.34
INV-0122-006,2025-04-17,C0122,USA,SKU-839,LED Bulb,3,53.84
INV-0122-007,2025-10-25,C0122,United Kingdom,SKU-138,Water Bottle,1,102.4
INV-0122-008,2025-03-08,C0122,United Kingdom,SKU-696,Desk Organizer,4,35.27
INV-0122-009,2025-03-13,C0122,United Kingdom,SKU-412,Coffee Beans 500g,4,46.27
INV-0122-010,2025-04-11,C0122,Germany,SKU-340,Backpack,1,268.96
INV-0122-011,2025-11-10,C0122,India,SKU-332,Backpack,4,61.03
INV-0122-012,2025-06-26,C0122,United Kingdom,SKU-427,Water Bottle,3,86.19
INV-0122-013,2025-09-15,C0122,Germany,SKU-465,Cotton T-Shirt,4,39.02
INV-0122-014,2025-03-12,C0122,India,SKU-960,Water Bottle,2,84.42
INV-0122-015,2025-03-31,C0122,India,SKU-197,Notebook Pack,3,98.05
INV-0122-016,2025-07-23,C0122,India,SKU-296,Cotton T-Shirt,4,35.38
INV-0122-017,2025-04-19,C0122,India,SKU-720,LED Bulb,2,113.85
INV-0122-018,2025-02-17,C0122,United Kingdom,SKU-660,Phone Case,4,65.88
INV-0122-019,2025-11-22,C0122,USA,SKU-323,Notebook Pack,5,20.66
INV-0122-020,2025-04-20,C0122,India,SKU-244,Water Bottle,5,46.94
INV-0122-021,2025-12-17,C0122,United Kingdom,SKU-660,Cotton T-Shirt,1,278.94
INV-0123-001,2025-03-12,C0123,India,SKU-594,Coffee Beans 500g,5,5.02
INV-0124-001,2025-01-17,C0124,India,SKU-918,Notebook Pack,4,11.09
INV-0124-002,2025-11-16,C0124,India,SKU-724,Coffee Beans 500g,2,24.18
INV-0125-001,2025-10-17,C0125,Germany,SKU-652,Cotton T-Shirt,3,39.23
INV-0125-002,2025-05-19,C0125,United Kingdom,SKU-764,Wireless Mouse,3,20.41
INV-0125-003,2025-02-11,C0125,United Kingdom,SKU-721,Cotton T-Shirt,3,23.8
INV-0125-004,2025-08-20,C0125,India,SKU-208,Water Bottle,4,14.15
INV-0125-005,2025-10-22,C0125,India,SKU-191,Phone Case,1,65.69
INV-0125-006,2025-05-20,C0125,United Kingdom,SKU-717,Phone Case,3,31.57
INV-0126-001,2025-02-12,C0126,United Kingdom,SKU-150,Desk Organizer,3,40.83
INV-0126-002,2025-07-28,C0126,Germany,SKU-197,Water Bottle,3,29.09
INV-0126-003,2025-06-15,C0126,India,SKU-471,Backpack,5,19.25
INV-0126-004,2025-06-16,C0126,India,SKU-863,Desk Organizer,5,13.76
INV-0126-005,2025-06-09,C0126,India,SKU-191,Wireless Mouse,2,50.25
INV-0126-006,2025-04-26,C0126,India,SKU-966,Water Bottle,4,31.62
INV-0126-007,2025-10-30,C0126,India,SKU-355,Desk Organizer,3,76.93
INV-0126-008,2025-08-14,C0126,India,SKU-958,Desk Organizer,3,78.31
INV-0127-001,2025-07-09,C0127,India,SKU-596,Cotton T-Shirt,3,43.64
INV-0127-002,2025-02-20,C0127,India,SKU-662,Wireless Mouse,3,30.0
INV-0127-003,2025-06-16,C0127,United Kingdom,SKU-804,Phone Case,4,34.4
INV-0127-004,2025-04-22,C0127,Germany,SKU-116,Coffee Beans 500g,3,42.61
INV-0127-005,2025-02-25,C0127,United Kingdom,SKU-844,Wireless Mouse,4,30.4
INV-0127-006,2025-11-14,C0127,India,SKU-266,Phone Case,4,23.85
INV-0127-007,2025-11-13,C0127,India,SKU-587,Coffee Beans 500g,5,25.3
INV-0127-008,2025-02-15,C0127,India,SKU-216,Desk Organizer,4,38.75
INV-0127-009,2025-07-20,C0127,India,SKU-339,Desk Organizer,2,30.35
INV-0127-010,2025-08-03,C0127,India,SKU-977,Notebook Pack,3,22.38
INV-0127-011,2025-05-18,C0127,United Kingdom,SKU-742,Coffee Beans 500g,5,15.54
INV-0128-001,2025-09-07,C0128,United Kingdom,SKU-801,Water Bottle,2,48.91
INV-0128-002,2025-05-03,C0128,India,SKU-140,LED Bulb,4,27.08
INV-0128-003,2025-05-20,C0128,USA,SKU-407,Coffee Beans 500g,3,51.1
INV-0128-004,2025-07-14,C0128,India,SKU-187,Phone Case,2,25.46
INV-0128-005,2025-10-25,C0128,India,SKU-756,Notebook Pack,5,20.79
INV-0128-006,2025-04-25,C0128,India,SKU-722,Desk Organizer,1,131.69
INV-0128-007,2025-09-14,C0128,India,SKU-814,Phone Case,4,37.5
INV-0128-008,2025-10-12,C0128,India,SKU-735,Phone Case,4,11.96
INV-0128-009,2025-02-25,C0128,USA,SKU-213,Yoga Mat,3,40.09
INV-0128-010,2025-06-04,C0128,India,SKU-205,Cotton T-Shirt,5,36.52
INV-0128-011,2025-06-26,C0128,United Kingdom,SKU-280,Wireless Mouse,5,35.65
INV-0129-001,2025-02-26,C0129,Germany,SKU-596,Cotton T-Shirt,5,34.22
INV-0129-002,2025-05-02,C0129,USA,SKU-601,Coffee Beans 500g,5,41.32
INV-0129-003,2025-05-26,C0129,United Kingdom,SKU-771,Wireless Mouse,1,137.01
INV-0129-004,2025-07-23,C0129,United Kingdom,SKU-750,Notebook Pack,4,26.35
INV-0129-005,2025-06-05,C0129,Germany,SKU-168,Desk Organizer,5,31.32
INV-0129-006,2025-04-10,C0129,India,SKU-848,LED Bulb,2,143.22
INV-0129-007,2025-05-15,C0129,India,SKU-509,Cotton T-Shirt,3,90.24
INV-0129-008,2025-05-20,C0129,United Kingdom,SKU-576,Water Bottle,5,31.23
INV-0129-009,2025-07-05,C0129,India,SKU-966,Backpack,1,151.23
INV-0129-010,2025-11-16,C0129,India,SKU-552,Phone Case,5,59.9
INV-0129-011,2025-04-20,C0129,India,SKU-258,Cotton T-Shirt,5,58.93
INV-0129-012,2025-04-03,C0129,India,SKU-460,Coffee Beans 500g,3,87.39
INV-0129-013,2025-08-26,C0129,India,SKU-891,LED Bulb,5,32.62
INV-0129-014,2025-10-01,C0129,Germany,SKU-297,Water Bottle,5,44.02
INV-0129-015,2025-10-23,C0129,India,SKU-165,Desk Organizer,2,80.12
INV-0129-016,2025-12-06,C0129,India,SKU-389,Cotton T-Shirt,4,65.48
INV-0129-017,2025-10-17,C0129,India,SKU-259,Wireless Mouse,2,96.94
INV-0129-018,2025-03-02,C0129,United Kingdom,SKU-406,Cotton T-Shirt,5,41.34
INV-0129-019,2025-11-08,C0129,India,SKU-732,Cotton T-Shirt,5,57.84
INV-0129-020,2025-05-06,C0129,USA,SKU-555,Phone Case,4,54.87
INV-0129-021,2025-08-08,C0129,India,SKU-493,Yoga Mat,5,50.76
INV-0129-022,2025-08-17,C0129,India,SKU-978,Phone Case,2,92.24
INV-0129-023,2025-08-13,C0129,India,SKU-905,Desk Organizer,4,35.01
INV-0129-024,2025-06-07,C0129,United Kingdom,SKU-651,Desk Organizer,2,56.38
INV-0129-025,2025-02-14,C0129,United Kingdom,SKU-488,Coffee Beans 500g,5,52.04
INV-0129-026,2025-08-08,C0129,India,SKU-385,Phone Case,1,207.19
INV-0129-027,2025-02-24,C0129,India,SKU-382,Wireless Mouse,3,43.98
INV-0130-001,2025-04-24,C0130,USA,SKU-577,Cotton T-Shirt,4,52.39
INV-0130-002,2024-09-15,C0130,United Kingdom,SKU-505,Cotton T-Shirt,5,30.03
INV-0130-003,2024-11-23,C0130,India,SKU-613,Phone Case,2,131.49
INV-0130-004,2025-05-04,C0130,Germany,SKU-447,LED Bulb,1,88.76
INV-0131-001,2025-06-23,C0131,India,SKU-820,Phone Case,4,6.1
INV-0132-001,2025-01-04,C0132,United Kingdom,SKU-718,Notebook Pack,1,130.79
INV-0132-002,2025-01-25,C0132,India,SKU-971,Desk Organizer,5,27.39
INV-0132-003,2025-06-29,C0132,USA,SKU-519,Wireless Mouse,4,25.73
INV-0132-004,2025-06-17,C0132,India,SKU-527,Wireless Mouse,2,101.06
INV-0132-005,2025-09-09,C0132,India,SKU-199,Yoga Mat,1,174.24
INV-0132-006,2025-10-04,C0132,Germany,SKU-397,Water Bottle,4,43.44
INV-0132-007,2025-09-20,C0132,India,SKU-473,Water Bottle,1,198.83
INV-0132-008,2025-09-02,C0132,United Kingdom,SKU-308,LED Bulb,3,27.18
INV-0132-009,2025-01-25,C0132,United Kingdom,SKU-975,Desk Organizer,5,23.84
INV-0132-010,2025-02-17,C0132,India,SKU-401,Water Bottle,3,36.14
INV-0132-011,2025-04-07,C0132,Germany,SKU-339,LED Bulb,4,40.86
INV-0132-012,2025-10-21,C0132,India,SKU-131,Phone Case,4,44.33
INV-0133-001,2025-02-09,C0133,USA,SKU-344,Backpack,1,17.3
INV-0133-002,2024-12-09,C0133,USA,SKU-400,Phone Case,4,8.9
INV-0134-001,2025-01-15,C0134,USA,SKU-857,Wireless Mouse,3,78.21
INV-0134-002,2025-06-27,C0134,India,SKU-534,Coffee Beans 500g,3,53.53
INV-0134-003,2025-03-02,C0134,United Kingdom,SKU-246,Backpack,3,71.85
INV-0134-004,2025-03-08,C0134,India,SKU-521,Wireless Mouse,4,55.49
INV-0134-005,2025-11-26,C0134,India,SKU-586,Water Bottle,3,75.63
INV-0134-006,2025-11-17,C0134,India,SKU-631,LED Bulb,4,33.94
INV-0135-001,2025-09-04,C0135,Germany,SKU-621,Wireless Mouse,1,64.35
INV-0136-001,2024-08-11,C0136,USA,SKU-309,Water Bottle,2,76.53
INV-0136-002,2024-11-01,C0136,India,SKU-545,Coffee Beans 500g,2,109.26
INV-0136-003,2025-02-14,C0136,India,SKU-381,Notebook Pack,4,50.42
INV-0136-004,2025-04-22,C0136,India,SKU-320,Desk Organizer,1,133.32
INV-0136-005,2025-03-13,C0136,USA,SKU-464,Cotton T-Shirt,1,102.51
INV-0136-006,2024-09-04,C0136,United Kingdom,SKU-622,Water Bottle,1,121.46
INV-0136-007,2024-10-30,C0136,USA,SKU-789,Yoga Mat,1,112.17
INV-0137-001,2025-10-11,C0137,USA,SKU-465,Desk Organizer,5,13.3
INV-0138-001,2025-01-30,C0138,United Kingdom,SKU-336,Backpack,3,41.34
INV-0138-002,2025-10-30,C0138,United Kingdom,SKU-143,Phone Case,3,31.36
INV-0138-003,2025-04-29,C0138,India,SKU-679,Notebook Pack,3,83.89
INV-0138-004,2025-08-08,C0138,India,SKU-382,Notebook Pack,5,37.86
INV-0138-005,2025-07-23,C0138,USA,SKU-109,Cotton T-Shirt,4,32.94
INV-0138-006,2025-11-04,C0138,USA,SKU-437,Wireless Mouse,1,107.07
INV-0138-007,2025-09-25,C0138,India,SKU-704,Backpack,4,56.61
INV-0138-008,2025-06-14,C0138,Germany,SKU-995,Water Bottle,4,26.64
INV-0138-009,2025-06-29,C0138,United Kingdom,SKU-125,Water Bottle,1,219.17
INV-0138-010,2025-03-17,C0138,USA,SKU-398,Yoga Mat,3,71.21
INV-0139-001,2025-04-10,C0139,India,SKU-437,Water Bottle,5,104.38
INV-0139-002,2025-06-28,C0139,India,SKU-814,Water Bottle,1,523.72
INV-0139-003,2025-11-28,C0139,USA,SKU-272,Notebook Pack,3,119.54
INV-0139-004,2025-08-12,C0139,India,SKU-868,Notebook Pack,3,186.08
INV-0139-005,2025-08-25,C0139,India,SKU-260,Phone Case,5,115.05
INV-0139-006,2025-02-04,C0139,United Kingdom,SKU-639,Notebook Pack,2,310.47
INV-0139-007,2025-03-27,C0139,United Kingdom,SKU-482,LED Bulb,5,98.8
INV-0139-008,2025-05-25,C0139,United Kingdom,SKU-502,Phone Case,3,68.28
INV-0139-009,2025-08-06,C0139,United Kingdom,SKU-539,Yoga Mat,3,198.77
INV-0139-010,2025-12-12,C0139,United Kingdom,SKU-146,Desk Organizer,4,90.81
INV-0139-011,2025-11-04,C0139,India,SKU-180,Wireless Mouse,2,229.09
INV-0139-012,2025-07-25,C0139,India,SKU-540,LED Bulb,5,71.09
INV-0140-001,2024-07-02,C0140,India,SKU-967,Cotton T-Shirt,5,7.4
INV-0140-002,2025-03-31,C0140,India,SKU-690,Desk Organizer,2,63.12
INV-0140-003,2024-07-02,C0140,India,SKU-641,Water Bottle,3,19.83
INV-0140-004,2024-12-15,C0140,India,SKU-813,Desk Organizer,4,18.91
INV-0140-005,2024-06-14,C0140,India,SKU-290,Wireless Mouse,2,25.53
INV-0140-006,2024-08-29,C0140,India,SKU-740,Desk Organizer,5,14.51
INV-0140-007,2024-07-09,C0140,India,SKU-145,Cotton T-Shirt,3,31.6
INV-0141-001,2025-03-06,C0141,India,SKU-922,Desk Organizer,3,29.57
INV-0142-001,2025-05-31,C0142,India,SKU-408,Wireless Mouse,3,53.03
INV-0142-002,2025-02-24,C0142,India,SKU-149,Wireless Mouse,3,108.27
INV-0142-003,2024-11-17,C0142,USA,SKU-729,LED Bulb,1,253.19
INV-0142-004,2025-06-04,C0142,USA,SKU-925,Notebook Pack,4,74.48
INV-0142-005,2025-04-05,C0142,India,SKU-408,LED Bulb,3,85.59
INV-0142-006,2024-12-12,C0142,India,SKU-248,Yoga Mat,4,21.59
INV-0142-007,2025-05-23,C0142,India,SKU-907,Water Bottle,1,217.84
INV-0142-008,2025-04-17,C0142,USA,SKU-149,Cotton T-Shirt,3,46.37
INV-0142-009,2024-09-30,C0142,United Kingdom,SKU-121,Water Bottle,5,67.62
INV-0143-001,2025-07-02,C0143,India,SKU-506,Wireless Mouse,1,9.79
INV-0143-002,2025-02-10,C0143,USA,SKU-783,Wireless Mouse,3,4.63
INV-0144-001,2025-05-26,C0144,India,SKU-359,Desk Organizer,2,31.41
INV-0144-002,2025-04-20,C0144,India,SKU-420,Cotton T-Shirt,3,27.92
INV-0145-001,2025-06-23,C0145,India,SKU-382,Water Bottle,2,20.99
INV-0145-002,2024-12-25,C0145,India,SKU-827,Coffee Beans 500g,3,14.67
INV-0145-003,2025-10-09,C0145,India,SKU-204,Yoga Mat,2,19.59
INV-0145-004,2025-03-25,C0145,USA,SKU-191,Water Bottle,5,3.23
INV-0146-001,2025-03-25,C0146,United Kingdom,SKU-651,Desk Organizer,5,14.46
INV-0146-002,2025-10-12,C0146,India,SKU-117,Phone Case,1,58.15
INV-0147-001,2025-04-22,C0147,United Kingdom,SKU-815,Notebook Pack,2,27.75
INV-0147-002,2025-08-27,C0147,India,SKU-444,Cotton T-Shirt,5,17.94
INV-0148-001,2025-04-06,C0148,United Kingdom,SKU-459,Cotton T-Shirt,2,23.09
INV-0149-001,2025-02-02,C0149,USA,SKU-385,Phone Case,1,55.97
INV-0150-001,2025-02-20,C0150,USA,SKU-578,Cotton T-Shirt,3,4.19
INV-0150-002,2025-03-12,C0150,United Kingdom,SKU-722,Desk Organizer,5,4.24
INV-0150-003,2024-12-07,C0150,Germany,SKU-234,Water Bottle,5,4.78
INV-0150-004,2025-05-14,C0150,India,SKU-338,Backpack,2,5.02
INV-0151-001,2025-08-30,C0151,United Kingdom,SKU-411,Backpack,4,5.8
INV-0151-002,2025-08-08,C0151,United Kingdom,SKU-284,Desk Organizer,3,7.96
INV-0152-001,2025-03-12,C0152,India,SKU-433,Water Bottle,5,20.3
INV-0153-001,2025-07-03,C0153,India,SKU-533,Phone Case,3,30.7
INV-0154-001,2025-07-08,C0154,India,SKU-671,Wireless Mouse,3,8.95
INV-0154-002,2025-03-27,C0154,Germany,SKU-305,Notebook Pack,4,8.56
INV-0154-003,2025-06-08,C0154,India,SKU-771,Coffee Beans 500g,1,30.51
INV-0154-004,2025-11-16,C0154,India,SKU-626,Yoga Mat,4,7.57
INV-0154-005,2025-03-31,C0154,India,SKU-947,Backpack,2,9.45
INV-0154-006,2025-02-22,C0154,India,SKU-961,LED Bulb,2,13.33
INV-0155-001,2025-02-18,C0155,India,SKU-548,Backpack,4,37.34
INV-0155-002,2025-09-10,C0155,India,SKU-827,Desk Organizer,2,65.09
INV-0155-003,2025-07-17,C0155,India,SKU-305,Cotton T-Shirt,3,59.48
INV-0155-004,2025-02-15,C0155,India,SKU-714,Backpack,5,19.41
INV-0155-005,2025-02-20,C0155,India,SKU-259,Wireless Mouse,4,49.22
INV-0155-006,2025-10-13,C0155,United Kingdom,SKU-714,Coffee Beans 500g,3,31.14
INV-0155-007,2025-03-11,C0155,India,SKU-966,Coffee Beans 500g,1,130.19
INV-0155-008,2025-05-25,C0155,India,SKU-397,Desk Organizer,2,51.64
INV-0155-009,2025-07-10,C0155,India,SKU-280,Wireless Mouse,3,49.98
INV-0155-010,2025-10-02,C0155,USA,SKU-621,Wireless Mouse,5,17.97
INV-0155-011,2025-09-29,C0155,India,SKU-852,Notebook Pack,4,37.81
INV-0155-012,2025-02-08,C0155,United Kingdom,SKU-514,Backpack,5,33.47
INV-0155-013,2025-02-26,C0155,Germany,SKU-170,Backpack,1,174.8
INV-0156-001,2025-03-01,C0156,India,SKU-286,Notebook Pack,4,22.36
INV-0156-002,2025-04-21,C0156,India,SKU-415,Notebook Pack,2,31.33
INV-0156-003,2025-05-21,C0156,United Kingdom,SKU-580,Yoga Mat,3,25.94
INV-0156-004,2025-04-03,C0156,India,SKU-568,Cotton T-Shirt,1,108.6
INV-0156-005,2025-06-27,C0156,India,SKU-939,Coffee Beans 500g,1,104.55
INV-0156-006,2025-08-31,C0156,United Kingdom,SKU-945,Coffee Beans 500g,5,16.88
INV-0156-007,2025-03-21,C0156,India,SKU-483,Water Bottle,2,29.38
INV-0156-008,2025-06-16,C0156,India,SKU-685,LED Bulb,1,38.79
INV-0156-009,2025-08-26,C0156,India,SKU-474,Water Bottle,2,24.58
INV-0156-010,2025-07-17,C0156,United Kingdom,SKU-710,Water Bottle,4,22.44
INV-0156-011,2025-05-26,C0156,India,SKU-482,Backpack,2,51.58
INV-0157-001,2024-12-22,C0157,India,SKU-745,Desk Organizer,3,61.61
INV-0157-002,2024-09-18,C0157,India,SKU-606,LED Bulb,1,208.31
INV-0157-003,2025-02-07,C0157,India,SKU-793,Desk Organizer,5,36.06
INV-0157-004,2025-04-19,C0157,USA,SKU-197,Backpack,3,21.81
INV-0157-005,2024-11-18,C0157,USA,SKU-709,Notebook Pack,4,54.77
INV-0157-006,2025-01-27,C0157,India,SKU-600,Wireless Mouse,2,70.49
INV-0158-001,2025-08-13,C0158,United Kingdom,SKU-951,Desk Organizer,1,189.55
INV-0158-002,2025-02-26,C0158,United Kingdom,SKU-806,Coffee Beans 500g,4,49.53
INV-0158-003,2025-09-28,C0158,India,SKU-472,Cotton T-Shirt,5,93.35
INV-0158-004,2025-08-06,C0158,United Kingdom,SKU-440,Cotton T-Shirt,1,189.17
INV-0158-005,2025-02-16,C0158,USA,SKU-194,Cotton T-Shirt,1,273.17
INV-0158-006,2025-12-03,C0158,India,SKU-298,Cotton T-Shirt,1,151.72
INV-0158-007,2025-09-19,C0158,India,SKU-245,Cotton T-Shirt,4,122.34
INV-0158-008,2025-04-17,C0158,USA,SKU-820,Desk Organizer,1,139.96
INV-0158-009,2025-09-27,C0158,India,SKU-967,Cotton T-Shirt,2,100.71
INV-0158-010,2025-06-02,C0158,India,SKU-656,Coffee Beans 500g,4,92.12
INV-0158-011,2025-10-14,C0158,India,SKU-957,LED Bulb,5,64.42
INV-0158-012,2025-07-17,C0158,USA,SKU-969,Water Bottle,5,49.14
INV-0158-013,2025-12-12,C0158,India,SKU-596,Cotton T-Shirt,2,233.36
INV-0158-014,2025-08-16,C0158,India,SKU-768,LED Bulb,4,47.06
INV-0158-015,2025-05-12,C0158,USA,SKU-481,Wireless Mouse,3,51.06
INV-0158-016,2025-06-24,C0158,USA,SKU-891,Phone Case,1,356.01
INV-0158-017,2025-02-19,C0158,India,SKU-567,Desk Organizer,3,157.51
INV-0158-018,2025-06-28,C0158,USA,SKU-421,Cotton T-Shirt,4,116.99
INV-0158-019,2025-12-17,C0158,USA,SKU-868,Wireless Mouse,4,88.62
INV-0158-020,2025-07-17,C0158,USA,SKU-165,Water Bottle,5,83.65
INV-0158-021,2025-12-14,C0158,United Kingdom,SKU-362,LED Bulb,1,419.91
INV-0158-022,2025-05-10,C0158,United Kingdom,SKU-149,Coffee Beans 500g,2,110.8
INV-0159-001,2025-01-20,C0159,India,SKU-159,Cotton T-Shirt,1,15.26
INV-0159-002,2025-03-15,C0159,USA,SKU-611,LED Bulb,3,10.87
INV-0159-003,2025-07-03,C0159,USA,SKU-465,Notebook Pack,3,5.91
INV-0159-004,2025-03-29,C0159,India,SKU-525,LED Bulb,4,8.36
INV-0159-005,2025-06-24,C0159,India,SKU-362,Phone Case,5,6.35
INV-0160-001,2025-05-04,C0160,India,SKU-522,Phone Case,2,49.91
INV-0160-002,2025-07-30,C0160,India,SKU-706,Water Bottle,2,35.26
INV-0160-003,2025-02-27,C0160,United Kingdom,SKU-140,Cotton T-Shirt,2,70.04
INV-0160-004,2025-03-13,C0160,India,SKU-765,Cotton T-Shirt,5,35.38
INV-0160-005,2025-02-02,C0160,India,SKU-348,Phone Case,1,237.89
INV-0160-006,2025-10-21,C0160,United Kingdom,SKU-495,Desk Organizer,3,23.97
INV-0160-007,2025-10-25,C0160,India,SKU-171,Coffee Beans 500g,5,18.69
INV-0160-008,2025-06-14,C0160,United Kingdom,SKU-639,Coffee Beans 500g,2,128.47
INV-0160-009,2025-07-12,C0160,India,SKU-230,Wireless Mouse,2,86.12
INV-0160-010,2025-09-08,C0160,India,SKU-563,Desk Organizer,4,50.42
INV-0160-011,2025-11-20,C0160,India,SKU-347,Yoga Mat,3,65.01
INV-0161-001,2024-09-10,C0161,United Kingdom,SKU-464,Coffee Beans 500g,3,67.04
INV-0161-002,2025-04-28,C0161,India,SKU-726,LED Bulb,1,120.57
INV-0161-003,2024-12-08,C0161,USA,SKU-693,Backpack,4,27.85
INV-0161-004,2024-10-26,C0161,India,SKU-991,Water Bottle,3,45.61
INV-0161-005,2025-04-12,C0161,United Kingdom,SKU-580,Notebook Pack,1,163.33
INV-0161-006,2025-02-13,C0161,India,SKU-179,Cotton T-Shirt,1,167.74
INV-0161-007,2024-10-08,C0161,United Kingdom,SKU-301,Notebook Pack,5,27.85
INV-0161-008,2024-09-17,C0161,India,SKU-114,Wireless Mouse,1,62.46
INV-0161-009,2025-05-18,C0161,India,SKU-549,Water Bottle,5,19.25
INV-0162-001,2025-03-31,C0162,USA,SKU-867,Notebook Pack,1,28.3
INV-0162-002,2025-05-28,C0162,India,SKU-724,Yoga Mat,5,5.92
INV-0162-003,2025-06-17,C0162,India,SKU-127,Notebook Pack,1,18.02
INV-0162-004,2024-11-29,C0162,USA,SKU-358,Cotton T-Shirt,2,14.04
INV-0162-005,2025-07-13,C0162,India,SKU-648,Notebook Pack,3,8.32
INV-0162-006,2025-01-26,C0162,Germany,SKU-756,Phone Case,1,23.98
INV-0163-001,2025-08-25,C0163,India,SKU-369,Cotton T-Shirt,4,13.9
INV-0164-001,2025-06-23,C0164,USA,SKU-294,Cotton T-Shirt,4,14.59
INV-0164-002,2025-05-10,C0164,United Kingdom,SKU-864,Cotton T-Shirt,4,36.43
INV-0164-003,2025-04-24,C0164,USA,SKU-610,Cotton T-Shirt,4,44.66
INV-0164-004,2025-07-14,C0164,India,SKU-768,Yoga Mat,2,79.74
INV-0164-005,2025-11-02,C0164,India,SKU-695,Phone Case,5,17.54
INV-0164-006,2025-03-15,C0164,India,SKU-425,Desk Organizer,2,59.8
INV-0165-001,2025-02-19,C0165,India,SKU-604,Cotton T-Shirt,1,177.56
INV-0165-002,2025-08-26,C0165,Germany,SKU-857,Wireless Mouse,4,25.42
INV-0165-003,2025-05-28,C0165,United Kingdom,SKU-975,Desk Organizer,3,25.51
INV-0165-004,2025-10-10,C0165,USA,SKU-679,Backpack,2,57.85
INV-0165-005,2025-03-05,C0165,United Kingdom,SKU-125,Notebook Pack,2,26.12
INV-0165-006,2025-03-13,C0165,India,SKU-655,Phone Case,4,37.12
INV-0165-007,2025-10-04,C0165,India,SKU-274,Backpack,1,142.72
INV-0165-008,2025-04-01,C0165,United Kingdom,SKU-313,Desk Organizer,2,66.74
INV-0165-009,2025-07-09,C0165,India,SKU-141,LED Bulb,3,31.73
INV-0165-010,2025-06-07,C0165,Germany,SKU-894,Notebook Pack,4,33.71
INV-0165-011,2025-09-09,C0165,India,SKU-970,Coffee Beans 500g,1,52.9
INV-0165-012,2025-07-28,C0165,India,SKU-900,Backpack,1,172.14
INV-0166-001,2025-02-26,C0166,United Kingdom,SKU-917,Backpack,2,67.68
INV-0166-002,2024-09-12,C0166,USA,SKU-939,LED Bulb,4,37.91
INV-0166-003,2024-08-28,C0166,India,SKU-650,Phone Case,3,79.55
INV-0166-004,2025-02-02,C0166,India,SKU-749,Desk Organizer,4,37.56
INV-0166-005,2025-02-25,C0166,Germany,SKU-855,Water Bottle,5,32.72
INV-0166-006,2025-03-28,C0166,United Kingdom,SKU-116,Backpack,3,43.81
INV-0166-007,2025-05-07,C0166,India,SKU-821,Desk Organizer,3,35.72
INV-0166-008,2024-11-18,C0166,India,SKU-619,Desk Organizer,3,55.35
INV-0166-009,2024-11-08,C0166,India,SKU-428,Desk Organizer,2,79.23
INV-0167-001,2024-09-08,C0167,Germany,SKU-890,Yoga Mat,3,76.46
INV-0167-002,2024-07-20,C0167,India,SKU-825,Backpack,4,57.41
INV-0167-003,2024-11-27,C0167,India,SKU-871,Phone Case,1,134.92
INV-0167-004,2025-02-03,C0167,Germany,SKU-972,LED Bulb,4,31.86
INV-0168-001,2025-07-31,C0168,United Kingdom,SKU-262,Cotton T-Shirt,5,10.01
INV-0168-002,2025-01-04,C0168,India,SKU-166,Desk Organizer,1,14.37
INV-0168-003,2025-08-07,C0168,USA,SKU-825,Notebook Pack,3,13.4
INV-0168-004,2025-06-28,C0168,United Kingdom,SKU-500,Water Bottle,5,9.62
INV-0169-001,2025-04-15,C0169,Germany,SKU-818,Wireless Mouse,3,9.55
INV-0169-002,2025-08-14,C0169,USA,SKU-912,Coffee Beans 500g,2,22.38
INV-0169-003,2025-03-10,C0169,India,SKU-104,Backpack,4,3.03
INV-0169-004,2025-02-27,C0169,India,SKU-998,Desk Organizer,4,11.22
INV-0169-005,2025-04-22,C0169,USA,SKU-993,Coffee Beans 500g,4,3.31
INV-0169-006,2024-12-16,C0169,Germany,SKU-622,Water Bottle,5,4.43
INV-0170-001,2025-02-12,C0170,India,SKU-679,Coffee Beans 500g,3,9.96
INV-0170-002,2025-02-07,C0170,USA,SKU-992,Yoga Mat,3,9.33
INV-0171-001,2025-06-02,C0171,India,SKU-313,Cotton T-Shirt,1,88.58
INV-0172-001,2025-03-10,C0172,United Kingdom,SKU-368,Wireless Mouse,5,49.27
INV-0172-002,2024-09-09,C0172,India,SKU-292,Phone Case,1,114.81
INV-0172-003,2024-10-06,C0172,India,SKU-955,Wireless Mouse,2,53.12
INV-0172-004,2025-07-07,C0172,India,SKU-744,Phone Case,1,73.23
INV-0172-005,2025-05-03,C0172,India,SKU-117,LED Bulb,4,41.23
INV-0172-006,2025-03-28,C0172,India,SKU-660,Backpack,4,57.26
INV-0172-007,2024-12-11,C0172,United Kingdom,SKU-750,Coffee Beans 500g,1,284.39
INV-0173-001,2025-07-06,C0173,Germany,SKU-754,Notebook Pack,5,40.67
INV-0173-002,2025-06-04,C0173,India,SKU-870,Notebook Pack,2,91.44
INV-0173-003,2025-04-19,C0173,USA,SKU-416,Wireless Mouse,2,62.74
INV-0173-004,2025-10-24,C0173,United Kingdom,SKU-108,Notebook Pack,1,57.05
INV-0173-005,2025-04-09,C0173,India,SKU-697,Yoga Mat,3,45.12
INV-0173-006,2025-05-06,C0173,United Kingdom,SKU-927,Coffee Beans 500g,1,172.26
INV-0173-007,2025-08-17,C0173,India,SKU-848,Yoga Mat,4,23.29
INV-0173-008,2025-10-27,C0173,India,SKU-574,Wireless Mouse,1,171.06
INV-0173-009,2025-07-13,C0173,India,SKU-580,Coffee Beans 500g,2,46.69
INV-0173-010,2025-09-07,C0173,Germany,SKU-730,Backpack,4,50.53
INV-0173-011,2025-04-24,C0173,India,SKU-125,Water Bottle,4,43.46
INV-0173-012,2025-09-08,C0173,USA,SKU-976,Backpack,2,90.41
INV-0173-013,2025-07-14,C0173,India,SKU-648,Yoga Mat,1,98.94
INV-0174-001,2025-11-18,C0174,USA,SKU-151,Backpack,3,38.37
INV-0174-002,2025-07-24,C0174,India,SKU-132,Desk Organizer,4,26.31
INV-0175-001,2024-12-23,C0175,United Kingdom,SKU-902,Phone Case,2,33.55
INV-0175-002,2025-06-20,C0175,USA,SKU-326,Wireless Mouse,2,74.41
INV-0175-003,2024-11-30,C0175,United Kingdom,SKU-136,Water Bottle,5,9.46
INV-0175-004,2024-08-19,C0175,United Kingdom,SKU-526,Backpack,2,83.89
INV-0176-001,2025-06-09,C0176,India,SKU-685,Wireless Mouse,3,65.57
INV-0176-002,2025-07-07,C0176,India,SKU-752,Desk Organizer,3,57.07
INV-0176-003,2025-10-14,C0176,India,SKU-174,Coffee Beans 500g,4,45.04
INV-0176-004,2025-05-20,C0176,USA,SKU-397,Coffee Beans 500g,4,29.46
INV-0176-005,2025-06-17,C0176,India,SKU-126,Cotton T-Shirt,4,21.03
INV-0176-006,2025-06-15,C0176,India,SKU-167,Cotton T-Shirt,3,59.03
INV-0176-007,2025-10-19,C0176,United Kingdom,SKU-290,Yoga Mat,5,11.59
INV-0177-001,2025-02-16,C0177,United Kingdom,SKU-802,Cotton T-Shirt,5,2.27
INV-0177-002,2025-02-19,C0177,Germany,SKU-311,Notebook Pack,2,13.18
INV-0177-003,2024-11-27,C0177,United Kingdom,SKU-416,Water Bottle,3,8.86
INV-0177-004,2025-08-06,C0177,India,SKU-544,Phone Case,2,6.1
INV-0178-001,2025-05-24,C0178,India,SKU-421,Wireless Mouse,1,19.74
INV-0178-002,2025-02-20,C0178,USA,SKU-482,Cotton T-Shirt,5,4.3
INV-0178-003,2025-06-20,C0178,India,SKU-661,Backpack,2,9.41
INV-0179-001,2025-02-11,C0179,India,SKU-937,Cotton T-Shirt,5,10.13
INV-0179-002,2025-09-16,C0179,India,SKU-134,Water Bottle,2,31.11
INV-0180-001,2025-05-05,C0180,United Kingdom,SKU-667,Phone Case,4,5.21
INV-0181-001,2025-08-25,C0181,India,SKU-751,Desk Organizer,4,18.44
INV-0181-002,2025-11-24,C0181,India,SKU-265,Backpack,2,40.34
INV-0181-003,2025-07-30,C0181,United Kingdom,SKU-361,Wireless Mouse,4,25.83
INV-0181-004,2025-09-19,C0181,United Kingdom,SKU-763,LED Bulb,3,29.35
INV-0181-005,2025-10-22,C0181,United Kingdom,SKU-746,Wireless Mouse,3,27.34
INV-0181-006,2025-09-27,C0181,India,SKU-823,Wireless Mouse,3,22.62
INV-0181-007,2025-06-30,C0181,India,SKU-374,Water Bottle,5,19.9
INV-0181-008,2025-09-15,C0181,Germany,SKU-555,LED Bulb,5,18.85
INV-0181-009,2025-10-20,C0181,India,SKU-113,Phone Case,1,41.87
INV-0181-010,2025-10-29,C0181,India,SKU-286,Notebook Pack,1,31.23
INV-0182-001,2025-08-09,C0182,USA,SKU-822,Cotton T-Shirt,3,36.53
INV-0182-002,2025-05-30,C0182,USA,SKU-452,Cotton T-Shirt,3,38.34
INV-0182-003,2025-06-04,C0182,India,SKU-368,LED Bulb,5,15.72
INV-0182-004,2025-11-17,C0182,United Kingdom,SKU-640,LED Bulb,3,64.36
INV-0182-005,2025-04-20,C0182,India,SKU-913,Phone Case,5,14.77
INV-0182-006,2025-02-19,C0182,India,SKU-217,Cotton T-Shirt,4,46.93
INV-0182-007,2025-05-31,C0182,India,SKU-466,Cotton T-Shirt,4,44.57
INV-0182-008,2025-06-09,C0182,India,SKU-661,Yoga Mat,1,69.36
INV-0182-009,2025-07-22,C0182,India,SKU-138,Yoga Mat,2,93.48
INV-0182-010,2025-09-18,C0182,India,SKU-397,LED Bulb,2,35.74
INV-0182-011,2025-04-16,C0182,India,SKU-210,Desk Organizer,4,38.06
INV-0183-001,2025-08-12,C0183,USA,SKU-981,Yoga Mat,3,7.94
INV-0183-002,2025-01-21,C0183,India,SKU-446,Wireless Mouse,2,11.45
INV-0183-003,2025-06-19,C0183,United Kingdom,SKU-319,Cotton T-Shirt,1,27.3
INV-0183-004,2025-06-12,C0183,United Kingdom,SKU-668,Coffee Beans 500g,2,12.76
INV-0183-005,2025-07-13,C0183,India,SKU-202,Desk Organizer,5,3.84
INV-0183-006,2025-10-14,C0183,India,SKU-388,LED Bulb,4,3.13
INV-0184-001,2024-08-04,C0184,United Kingdom,SKU-898,Wireless Mouse,4,58.45
INV-0184-002,2024-09-09,C0184,India,SKU-851,Yoga Mat,2,124.74
INV-0184-003,2024-09-24,C0184,USA,SKU-990,LED Bulb,1,244.27
INV-0184-004,2024-11-07,C0184,USA,SKU-865,Cotton T-Shirt,1,250.89
INV-0184-005,2024-12-09,C0184,India,SKU-851,Phone Case,4,51.59
INV-0184-006,2024-10-08,C0184,United Kingdom,SKU-165,Wireless Mouse,3,75.94
INV-0184-007,2024-12-31,C0184,India,SKU-857,LED Bulb,2,122.8
INV-0184-008,2024-07-19,C0184,Germany,SKU-490,Phone Case,4,42.17
INV-0185-001,2025-08-28,C0185,United Kingdom,SKU-631,Backpack,3,22.79
INV-0185-002,2025-05-28,C0185,India,SKU-744,Desk Organizer,2,24.96
INV-0186-001,2024-09-18,C0186,USA,SKU-262,Backpack,3,78.76
INV-0186-002,2024-12-18,C0186,India,SKU-937,Water Bottle,1,217.79
INV-0186-003,2025-03-04,C0186,India,SKU-311,Cotton T-Shirt,3,59.83
INV-0186-004,2024-11-27,C0186,United Kingdom,SKU-486,Wireless Mouse,3,28.51
INV-0186-005,2024-09-26,C0186,India,SKU-655,Cotton T-Shirt,1,109.21
INV-0186-006,2025-01-24,C0186,India,SKU-620,Notebook Pack,4,33.74
INV-0186-007,2024-11-12,C0186,USA,SKU-603,Yoga Mat,4,25.09
INV-0187-001,2025-05-08,C0187,United Kingdom,SKU-702,LED Bulb,5,49.31
INV-0187-002,2025-01-24,C0187,USA,SKU-322,LED Bulb,2,224.22
INV-0187-003,2025-03-11,C0187,United Kingdom,SKU-673,Coffee Beans 500g,5,41.81
INV-0187-004,2025-06-09,C0187,USA,SKU-331,Cotton T-Shirt,5,67.97
INV-0187-005,2025-07-21,C0187,India,SKU-111,Wireless Mouse,2,207.46
INV-0187-006,2025-06-14,C0187,United Kingdom,SKU-179,Water Bottle,4,41.95
INV-0187-007,2025-07-21,C0187,India,SKU-412,Cotton T-Shirt,3,105.2
INV-0187-008,2025-06-27,C0187,India,SKU-501,Water Bottle,1,429.19
INV-0187-009,2025-09-22,C0187,India,SKU-321,Water Bottle,2,235.31
INV-0187-010,2025-08-24,C0187,Germany,SKU-773,Coffee Beans 500g,5,56.86
INV-0187-011,2025-08-28,C0187,India,SKU-934,Wireless Mouse,1,493.75
INV-0187-012,2025-10-03,C0187,USA,SKU-126,Wireless Mouse,2,250.65
INV-0187-013,2025-02-27,C0187,USA,SKU-476,Cotton T-Shirt,2,164.58
INV-0187-014,2025-04-08,C0187,India,SKU-990,Desk Organizer,1,403.81
INV-0187-015,2025-04-03,C0187,India,SKU-244,Yoga Mat,4,94.64
INV-0187-016,2025-07-08,C0187,United Kingdom,SKU-263,Phone Case,3,145.93
INV-0187-017,2025-09-18,C0187,India,SKU-543,Phone Case,3,95.67
INV-0187-018,2025-03-07,C0187,United Kingdom,SKU-145,LED Bulb,5,69.73
INV-0187-019,2025-08-31,C0187,India,SKU-462,Wireless Mouse,3,93.42
INV-0187-020,2025-03-09,C0187,United Kingdom,SKU-337,Phone Case,5,46.24
INV-0187-021,2025-11-14,C0187,Germany,SKU-395,Notebook Pack,1,139.57
INV-0188-001,2025-04-30,C0188,India,SKU-630,Phone Case,4,25.73
INV-0188-002,2025-05-09,C0188,India,SKU-165,Phone Case,4,10.55
INV-0188-003,2025-08-26,C0188,India,SKU-817,Coffee Beans 500g,4,27.75
INV-0188-004,2025-03-17,C0188,India,SKU-380,Notebook Pack,4,9.45
INV-0188-005,2025-11-21,C0188,India,SKU-635,Water Bottle,1,68.4
INV-0188-006,2025-07-29,C0188,United Kingdom,SKU-409,Backpack,1,86.66
INV-0188-007,2025-07-31,C0188,India,SKU-110,Wireless Mouse,3,32.08
INV-0188-008,2025-07-19,C0188,India,SKU-592,Cotton T-Shirt,3,28.29
INV-0188-009,2025-08-04,C0188,India,SKU-792,Yoga Mat,1,72.76
INV-0188-010,2025-04-23,C0188,Germany,SKU-715,Wireless Mouse,4,26.81
INV-0188-011,2025-04-24,C0188,USA,SKU-805,Cotton T-Shirt,2,24.26
INV-0188-012,2025-02-09,C0188,India,SKU-420,Wireless Mouse,3,10.87
INV-0189-001,2025-07-16,C0189,India,SKU-205,Cotton T-Shirt,5,24.11
INV-0189-002,2025-05-15,C0189,India,SKU-210,Coffee Beans 500g,1,110.36
INV-0190-001,2025-06-29,C0190,Germany,SKU-491,LED Bulb,3,57.45
INV-0190-002,2025-05-14,C0190,United Kingdom,SKU-879,Phone Case,2,191.62
INV-0190-003,2025-12-14,C0190,USA,SKU-150,Wireless Mouse,4,57.44
INV-0190-004,2025-04-07,C0190,USA,SKU-534,Yoga Mat,2,141.69
INV-0190-005,2025-11-07,C0190,Germany,SKU-393,Cotton T-Shirt,5,38.98
INV-0190-006,2025-02-19,C0190,India,SKU-892,Wireless Mouse,1,262.57
INV-0190-007,2025-03-10,C0190,Germany,SKU-734,Backpack,4,60.78
INV-0190-008,2025-12-16,C0190,India,SKU-557,Backpack,5,55.75
INV-0190-009,2025-04-13,C0190,United Kingdom,SKU-475,LED Bulb,2,116.83
INV-0190-010,2025-02-22,C0190,India,SKU-435,Wireless Mouse,1,172.22
INV-0190-011,2025-05-13,C0190,USA,SKU-791,Coffee Beans 500g,2,210.3
INV-0190-012,2025-06-11,C0190,United Kingdom,SKU-147,Desk Organizer,1,437.02
INV-0190-013,2025-11-19,C0190,India,SKU-554,LED Bulb,5,84.48
INV-0190-014,2025-08-14,C0190,India,SKU-869,LED Bulb,4,98.18
INV-0190-015,2025-10-04,C0190,United Kingdom,SKU-811,Coffee Beans 500g,2,120.5
INV-0190-016,2025-08-25,C0190,USA,SKU-483,Yoga Mat,4,68.15
INV-0190-017,2025-10-19,C0190,USA,SKU-920,Notebook Pack,3,111.66
INV-0190-018,2025-12-19,C0190,India,SKU-168,Phone Case,4,103.12
INV-0190-019,2025-10-04,C0190,USA,SKU-958,Cotton T-Shirt,1,235.83
INV-0191-001,2025-05-11,C0191,United Kingdom,SKU-596,Desk Organizer,1,405.05
INV-0191-002,2025-06-23,C0191,India,SKU-586,Water Bottle,5,96.08
INV-0191-003,2025-04-25,C0191,Germany,SKU-398,Cotton T-Shirt,3,191.03
INV-0191-004,2025-08-05,C0191,India,SKU-265,Phone Case,2,217.35
INV-0191-005,2025-05-27,C0191,India,SKU-655,Cotton T-Shirt,5,75.7
INV-0191-006,2025-11-29,C0191,Germany,SKU-781,Wireless Mouse,4,139.16
INV-0191-007,2025-08-22,C0191,Germany,SKU-532,Coffee Beans 500g,1,583.2
INV-0191-008,2025-08-25,C0191,India,SKU-547,Yoga Mat,1,406.55
INV-0191-009,2025-03-13,C0191,India,SKU-404,Cotton T-Shirt,2,250.98
INV-0191-010,2025-06-21,C0191,United Kingdom,SKU-314,Wireless Mouse,2,77.77
INV-0191-011,2025-08-22,C0191,India,SKU-794,Desk Organizer,1,496.33
INV-0191-012,2025-11-12,C0191,Germany,SKU-222,Notebook Pack,2,287.55
INV-0191-013,2025-09-02,C0191,Germany,SKU-396,Water Bottle,4,125.05
INV-0192-001,2025-05-31,C0192,India,SKU-912,Coffee Beans 500g,3,72.0
INV-0192-002,2024-12-05,C0192,India,SKU-910,Desk Organizer,1,105.21
INV-0192-003,2025-05-27,C0192,USA,SKU-198,Coffee Beans 500g,4,59.54
INV-0192-004,2024-11-19,C0192,India,SKU-248,Phone Case,4,24.36
INV-0192-005,2025-05-02,C0192,India,SKU-247,Cotton T-Shirt,5,21.46
INV-0192-006,2025-03-27,C0192,India,SKU-838,Phone Case,3,55.87
INV-0192-007,2025-01-22,C0192,USA,SKU-197,Backpack,3,81.29
INV-0192-008,2025-01-08,C0192,Germany,SKU-887,Desk Organizer,1,170.01
INV-0192-009,2025-06-17,C0192,USA,SKU-263,Water Bottle,2,97.21
INV-0193-001,2025-02-13,C0193,India,SKU-158,Phone Case,1,208.0
INV-0193-002,2025-06-13,C0193,United Kingdom,SKU-518,Desk Organizer,4,55.01
INV-0193-003,2025-07-01,C0193,India,SKU-243,LED Bulb,4,51.83
INV-0193-004,2025-10-19,C0193,India,SKU-871,Backpack,4,55.5
INV-0193-005,2025-03-25,C0193,Germany,SKU-677,Wireless Mouse,4,29.4
INV-0193-006,2025-10-19,C0193,United Kingdom,SKU-472,Water Bottle,5,30.4
INV-0193-007,2025-08-24,C0193,India,SKU-292,Yoga Mat,5,43.35
INV-0193-008,2025-07-14,C0193,India,SKU-302,Water Bottle,4,29.97
INV-0193-009,2025-01-25,C0193,USA,SKU-847,Phone Case,3,32.71
INV-0193-010,2025-03-11,C0193,USA,SKU-620,Phone Case,5,17.57
INV-0193-011,2025-09-26,C0193,United Kingdom,SKU-371,Notebook Pack,2,61.94
INV-0193-012,2025-04-23,C0193,United Kingdom,SKU-112,Notebook Pack,4,36.92
INV-0193-013,2025-04-17,C0193,India,SKU-513,Cotton T-Shirt,2,88.82
INV-0194-001,2025-07-21,C0194,India,SKU-193,Wireless Mouse,5,6.26
INV-0194-002,2025-08-28,C0194,United Kingdom,SKU-944,Water Bottle,3,24.43
INV-0195-001,2025-03-10,C0195,India,SKU-348,Cotton T-Shirt,2,69.22
INV-0195-002,2024-12-18,C0195,USA,SKU-827,Yoga Mat,2,66.4
INV-0195-003,2025-05-27,C0195,India,SKU-862,Wireless Mouse,1,200.67
INV-0195-004,2025-09-13,C0195,India,SKU-206,Notebook Pack,4,32.83
INV-0195-005,2024-12-08,C0195,United Kingdom,SKU-196,Wireless Mouse,3,56.63
INV-0195-006,2025-08-14,C0195,USA,SKU-529,Yoga Mat,1,138.72
INV-0196-001,2025-06-13,C0196,India,SKU-273,Phone Case,5,35.15
INV-0196-002,2025-12-01,C0196,India,SKU-348,Yoga Mat,2,43.88
INV-0196-003,2025-06-08,C0196,United Kingdom,SKU-948,Phone Case,3,33.84
INV-0196-004,2025-04-25,C0196,India,SKU-336,Desk Organizer,4,16.79
INV-0196-005,2025-06-16,C0196,United Kingdom,SKU-406,Phone Case,5,9.45
INV-0196-006,2025-05-03,C0196,United Kingdom,SKU-902,Phone Case,4,15.01
INV-0196-007,2025-11-24,C0196,India,SKU-285,Notebook Pack,2,24.51
INV-0196-008,2025-08-19,C0196,India,SKU-890,Notebook Pack,5,29.06
INV-0197-001,2025-03-06,C0197,India,SKU-746,Coffee Beans 500g,2,44.39
INV-0197-002,2025-02-22,C0197,Germany,SKU-578,Yoga Mat,1,183.75
INV-0197-003,2025-06-10,C0197,India,SKU-875,Coffee Beans 500g,1,203.39
INV-0197-004,2025-08-18,C0197,India,SKU-597,Yoga Mat,4,13.48
INV-0197-005,2025-05-04,C0197,India,SKU-243,Backpack,1,128.84
INV-0197-006,2025-06-30,C0197,India,SKU-887,Phone Case,2,50.95
INV-0197-007,2025-05-01,C0197,United Kingdom,SKU-294,Water Bottle,3,64.59
INV-0197-008,2025-05-11,C0197,Germany,SKU-355,Wireless Mouse,2,88.31
INV-0197-009,2025-08-05,C0197,United Kingdom,SKU-547,Desk Organizer,3,49.56
INV-0197-010,2025-10-06,C0197,Germany,SKU-570,Water Bottle,5,17.39
INV-0197-011,2025-06-24,C0197,United Kingdom,SKU-199,Wireless Mouse,2,29.26
INV-0198-001,2024-08-31,C0198,Germany,SKU-213,Phone Case,2,136.94
INV-0198-002,2024-10-17,C0198,India,SKU-677,Notebook Pack,1,118.87
INV-0198-003,2024-12-14,C0198,India,SKU-475,Coffee Beans 500g,2,106.5
INV-0198-004,2025-02-05,C0198,United Kingdom,SKU-490,Yoga Mat,3,85.5
INV-0198-005,2024-11-28,C0198,United Kingdom,SKU-323,Backpack,2,92.46
INV-0198-006,2024-09-21,C0198,India,SKU-223,Desk Organizer,4,40.44
INV-0198-007,2025-05-14,C0198,India,SKU-873,Wireless Mouse,5,52.11
INV-0199-001,2025-10-26,C0199,USA,SKU-462,Notebook Pack,2,86.59
INV-0199-002,2025-10-11,C0199,United Kingdom,SKU-147,Phone Case,1,215.05
INV-0199-003,2025-08-30,C0199,India,SKU-422,Water Bottle,4,77.92
INV-0199-004,2025-04-14,C0199,India,SKU-443,Notebook Pack,1,328.0
INV-0199-005,2025-11-03,C0199,India,SKU-740,LED Bulb,3,94.25
INV-0199-006,2025-01-29,C0199,India,SKU-453,Notebook Pack,3,112.77
INV-0199-007,2025-11-11,C0199,India,SKU-320,Notebook Pack,3,108.55
INV-0199-008,2025-07-20,C0199,United Kingdom,SKU-778,Water Bottle,5,27.15
INV-0199-009,2025-05-11,C0199,India,SKU-937,Yoga Mat,2,118.25
INV-0199-010,2025-02-02,C0199,India,SKU-276,Notebook Pack,5,44.57
INV-0199-011,2025-03-08,C0199,USA,SKU-573,Notebook Pack,1,119.4
INV-0199-012,2025-10-13,C0199,Germany,SKU-325,Wireless Mouse,1,146.88
INV-0199-013,2025-01-30,C0199,United Kingdom,SKU-252,Notebook Pack,4,85.51
INV-0200-001,2025-11-26,C0200,India,SKU-628,LED Bulb,5,11.75
INV-0200-002,2025-05-27,C0200,USA,SKU-135,Phone Case,4,19.74
INV-0201-001,2025-05-28,C0201,India,SKU-743,Water Bottle,3,45.4
INV-0201-002,2025-03-16,C0201,India,SKU-775,Yoga Mat,3,53.07
INV-0201-003,2025-06-23,C0201,India,SKU-359,Water Bottle,3,35.83
INV-0201-004,2025-03-22,C0201,USA,SKU-616,LED Bulb,1,63.51
INV-0201-005,2025-05-20,C0201,India,SKU-203,Water Bottle,5,37.08
INV-0201-006,2025-07-23,C0201,United Kingdom,SKU-885,Backpack,1,176.88
INV-0201-007,2025-06-12,C0201,Germany,SKU-860,Notebook Pack,3,45.67
INV-0201-008,2025-04-05,C0201,Germany,SKU-591,LED Bulb,2,84.18
INV-0201-009,2025-06-02,C0201,United Kingdom,SKU-969,Water Bottle,3,21.05
INV-0201-010,2025-04-21,C0201,India,SKU-418,Notebook Pack,1,88.64
INV-0201-011,2025-10-16,C0201,India,SKU-284,Wireless Mouse,3,21.94
INV-0201-012,2025-11-11,C0201,United Kingdom,SKU-928,Water Bottle,5,28.67
INV-0201-013,2025-04-21,C0201,India,SKU-891,Phone Case,1,184.83
INV-0202-001,2025-06-25,C0202,Germany,SKU-325,Coffee Beans 500g,2,137.38
INV-0202-002,2025-07-17,C0202,India,SKU-696,Water Bottle,2,60.75
INV-0202-003,2025-11-23,C0202,USA,SKU-214,Water Bottle,3,50.91
INV-0202-004,2025-07-11,C0202,India,SKU-671,Water Bottle,5,27.89
INV-0202-005,2025-03-07,C0202,Germany,SKU-592,Wireless Mouse,1,245.96
INV-0202-006,2025-06-14,C0202,United Kingdom,SKU-151,Water Bottle,4,113.37
INV-0202-007,2025-04-05,C0202,United Kingdom,SKU-895,Wireless Mouse,4,100.72
INV-0202-008,2025-10-22,C0202,India,SKU-269,Notebook Pack,2,206.21
INV-0202-009,2025-11-19,C0202,USA,SKU-111,Backpack,3,89.06
INV-0202-010,2025-10-04,C0202,USA,SKU-718,Wireless Mouse,1,124.25
INV-0202-011,2025-04-20,C0202,India,SKU-578,LED Bulb,2,120.66
INV-0202-012,2025-11-14,C0202,United Kingdom,SKU-752,Wireless Mouse,2,166.25
INV-0202-013,2025-05-20,C0202,USA,SKU-239,Wireless Mouse,2,67.98
INV-0202-014,2025-10-25,C0202,India,SKU-500,Backpack,5,83.48
INV-0202-015,2025-09-12,C0202,India,SKU-633,Yoga Mat,2,112.39
INV-0202-016,2025-10-15,C0202,USA,SKU-447,Desk Organizer,3,154.59
INV-0202-017,2025-11-17,C0202,India,SKU-311,Coffee Beans 500g,3,67.02
INV-0202-018,2025-04-04,C0202,USA,SKU-548,Backpack,3,56.0
INV-0203-001,2025-11-14,C0203,United Kingdom,SKU-270,LED Bulb,3,50.83
INV-0203-002,2025-11-16,C0203,USA,SKU-217,Backpack,1,79.12
INV-0203-003,2025-03-11,C0203,India,SKU-236,Phone Case,3,24.91
INV-0203-004,2025-06-17,C0203,USA,SKU-854,Backpack,4,22.83
INV-0203-005,2025-02-10,C0203,India,SKU-369,Coffee Beans 500g,5,36.53
INV-0203-006,2025-03-18,C0203,Germany,SKU-734,Cotton T-Shirt,4,27.62
INV-0203-007,2025-03-26,C0203,India,SKU-893,Notebook Pack,2,67.64
INV-0204-001,2024-11-12,C0204,United Kingdom,SKU-359,Desk Organizer,1,188.2
INV-0204-002,2025-01-20,C0204,India,SKU-742,Yoga Mat,4,29.6
INV-0204-003,2024-08-26,C0204,Germany,SKU-423,Notebook Pack,2,111.26
INV-0204-004,2025-03-31,C0204,USA,SKU-754,Wireless Mouse,1,184.38
INV-0205-001,2025-03-20,C0205,India,SKU-655,Desk Organizer,3,16.23
INV-0205-002,2025-08-08,C0205,United Kingdom,SKU-818,Water Bottle,2,36.35
INV-0205-003,2025-03-23,C0205,India,SKU-969,Water Bottle,3,32.12
INV-0205-004,2025-05-05,C0205,India,SKU-796,Cotton T-Shirt,1,44.97
INV-0206-001,2025-05-27,C0206,India,SKU-363,Desk Organizer,2,44.29
INV-0207-001,2025-03-11,C0207,United Kingdom,SKU-893,Wireless Mouse,5,14.53
INV-0207-002,2025-03-22,C0207,United Kingdom,SKU-861,Notebook Pack,3,41.71
INV-0207-003,2025-01-18,C0207,India,SKU-207,Wireless Mouse,4,32.1
INV-0207-004,2025-01-24,C0207,India,SKU-326,LED Bulb,3,29.22
INV-0207-005,2025-04-11,C0207,India,SKU-676,Coffee Beans 500g,3,24.49
INV-0207-006,2024-09-08,C0207,India,SKU-353,Wireless Mouse,1,143.51
INV-0207-007,2024-08-25,C0207,USA,SKU-196,Desk Organizer,4,22.54
INV-0208-001,2025-01-20,C0208,India,SKU-240,Phone Case,2,15.27
INV-0208-002,2025-10-11,C0208,India,SKU-677,Desk Organizer,3,4.69
INV-0208-003,2025-09-21,C0208,United Kingdom,SKU-373,Phone Case,4,9.72
INV-0209-001,2025-06-10,C0209,India,SKU-417,Yoga Mat,4,12.71
INV-0209-002,2025-06-02,C0209,India,SKU-924,Coffee Beans 500g,2,74.93
INV-0209-003,2025-08-05,C0209,India,SKU-226,Wireless Mouse,4,34.7
INV-0209-004,2025-08-11,C0209,India,SKU-474,Water Bottle,3,27.09
INV-0209-005,2025-11-13,C0209,United Kingdom,SKU-129,Desk Organizer,2,20.57
INV-0209-006,2025-01-31,C0209,USA,SKU-957,Cotton T-Shirt,3,44.6
INV-0209-007,2025-08-29,C0209,USA,SKU-742,Desk Organizer,5,20.93
INV-0209-008,2025-07-23,C0209,India,SKU-768,LED Bulb,5,27.91
INV-0209-009,2025-09-12,C0209,India,SKU-450,Wireless Mouse,3,34.66
INV-0209-010,2025-07-30,C0209,United Kingdom,SKU-457,Desk Organizer,2,49.76
INV-0209-011,2025-05-23,C0209,United Kingdom,SKU-364,Water Bottle,1,137.78
INV-0209-012,2025-06-21,C0209,United Kingdom,SKU-115,Phone Case,5,27.91
INV-0209-013,2025-03-20,C0209,Germany,SKU-371,LED Bulb,4,17.39
INV-0210-001,2025-10-02,C0210,India,SKU-488,Backpack,4,7.87
INV-0210-002,2025-05-28,C0210,India,SKU-166,Phone Case,4,10.93
INV-0211-001,2024-12-11,C0211,India,SKU-646,Phone Case,2,4.22
INV-0211-002,2025-06-13,C0211,India,SKU-994,Coffee Beans 500g,4,5.95
INV-0212-001,2025-05-05,C0212,India,SKU-539,LED Bulb,1,56.3
INV-0212-002,2025-06-12,C0212,United Kingdom,SKU-864,Water Bottle,5,5.94
INV-0213-001,2025-03-25,C0213,USA,SKU-638,Water Bottle,4,8.03
INV-0214-001,2025-02-20,C0214,India,SKU-978,Cotton T-Shirt,5,8.34
INV-0214-002,2025-07-23,C0214,USA,SKU-282,Water Bottle,2,14.78
INV-0214-003,2025-06-13,C0214,United Kingdom,SKU-821,Desk Organizer,3,19.19
INV-0214-004,2025-07-04,C0214,USA,SKU-840,Desk Organizer,5,11.48
INV-0215-001,2025-05-08,C0215,USA,SKU-826,Coffee Beans 500g,5,36.73
INV-0215-002,2025-01-29,C0215,USA,SKU-160,Desk Organizer,3,62.61
INV-0215-003,2025-03-27,C0215,India,SKU-445,Desk Organizer,1,211.98
INV-0215-004,2025-11-07,C0215,India,SKU-940,LED Bulb,3,75.09
INV-0215-005,2025-03-11,C0215,India,SKU-945,Notebook Pack,2,66.72
INV-0215-006,2025-09-11,C0215,USA,SKU-136,Water Bottle,5,36.68
INV-0216-001,2025-04-22,C0216,India,SKU-497,Wireless Mouse,2,31.82
INV-0216-002,2024-11-28,C0216,India,SKU-186,Phone Case,3,24.51
INV-0216-003,2025-08-06,C0216,USA,SKU-707,Water Bottle,1,58.3
INV-0216-004,2025-04-29,C0216,India,SKU-521,Phone Case,2,58.18
INV-0216-005,2025-05-20,C0216,India,SKU-388,Notebook Pack,1,115.91
INV-0217-001,2025-09-01,C0217,India,SKU-975,Notebook Pack,4,2.8
INV-0217-002,2025-02-11,C0217,United Kingdom,SKU-962,Water Bottle,4,7.5
INV-0217-003,2025-05-04,C0217,United Kingdom,SKU-185,Yoga Mat,3,4.07
INV-0217-004,2025-04-11,C0217,India,SKU-347,Notebook Pack,1,17.58
INV-0217-005,2025-06-24,C0217,India,SKU-769,Cotton T-Shirt,3,8.18
INV-0218-001,2025-05-05,C0218,India,SKU-251,Cotton T-Shirt,4,26.43
INV-0218-002,2024-12-08,C0218,USA,SKU-144,Wireless Mouse,5,26.8
INV-0218-003,2024-11-26,C0218,India,SKU-897,Notebook Pack,1,90.33
INV-0218-004,2025-01-01,C0218,United Kingdom,SKU-639,Wireless Mouse,4,35.6
INV-0218-005,2024-11-02,C0218,India,SKU-212,Cotton T-Shirt,1,63.41
INV-0218-006,2025-02-07,C0218,India,SKU-851,Backpack,1,68.58
INV-0218-007,2025-02-22,C0218,United Kingdom,SKU-806,Phone Case,3,44.72
INV-0219-001,2025-02-05,C0219,USA,SKU-444,Notebook Pack,3,22.52
INV-0219-002,2024-10-07,C0219,India,SKU-672,Backpack,1,161.02
INV-0219-003,2025-01-26,C0219,India,SKU-213,Desk Organizer,4,40.24
INV-0219-004,2024-12-06,C0219,United Kingdom,SKU-872,Coffee Beans 500g,1,99.01
INV-0219-005,2024-08-14,C0219,Germany,SKU-497,Phone Case,4,33.12
INV-0219-006,2024-07-23,C0219,India,SKU-373,Coffee Beans 500g,2,90.56
INV-0219-007,2024-08-25,C0219,India,SKU-914,Yoga Mat,3,38.79
INV-0219-008,2024-08-06,C0219,India,SKU-318,Cotton T-Shirt,5,23.34
INV-0219-009,2024-08-04,C0219,India,SKU-561,Desk Organizer,3,29.69
INV-0220-001,2025-11-23,C0220,United Kingdom,SKU-103,Coffee Beans 500g,1,75.07
INV-0221-001,2025-06-14,C0221,India,SKU-444,Notebook Pack,2,31.5
INV-0221-002,2024-11-14,C0221,USA,SKU-215,Coffee Beans 500g,4,15.13
INV-0222-001,2025-06-16,C0222,India,SKU-549,Yoga Mat,5,25.33
INV-0222-002,2025-07-15,C0222,United Kingdom,SKU-333,Coffee Beans 500g,2,56.59
INV-0222-003,2025-10-19,C0222,India,SKU-964,Desk Organizer,4,65.46
INV-0222-004,2025-04-19,C0222,Germany,SKU-862,Wireless Mouse,4,45.13
INV-0222-005,2025-05-12,C0222,India,SKU-355,LED Bulb,5,37.17
INV-0222-006,2025-01-29,C0222,USA,SKU-797,Wireless Mouse,4,17.59
INV-0223-001,2025-10-04,C0223,India,SKU-347,Desk Organizer,4,44.42
INV-0223-002,2025-04-08,C0223,India,SKU-923,Water Bottle,3,37.94
INV-0223-003,2025-05-06,C0223,United Kingdom,SKU-113,Coffee Beans 500g,2,101.89
INV-0223-004,2025-06-05,C0223,India,SKU-681,Coffee Beans 500g,1,84.98
INV-0223-005,2025-05-23,C0223,India,SKU-947,Notebook Pack,2,109.05
INV-0223-006,2025-07-16,C0223,India,SKU-605,Wireless Mouse,1,143.48
INV-0223-007,2025-06-14,C0223,USA,SKU-150,Yoga Mat,5,33.6
INV-0223-008,2025-04-11,C0223,India,SKU-315,Wireless Mouse,1,183.77
INV-0223-009,2025-06-18,C0223,United Kingdom,SKU-703,Yoga Mat,1,219.38
INV-0223-010,2025-03-26,C0223,United Kingdom,SKU-854,Cotton T-Shirt,4,21.98
INV-0224-001,2025-06-17,C0224,United Kingdom,SKU-516,Backpack,4,57.44
INV-0224-002,2025-04-29,C0224,India,SKU-347,Cotton T-Shirt,2,109.16
INV-0224-003,2025-10-04,C0224,United Kingdom,SKU-728,Coffee Beans 500g,5,44.34
INV-0224-004,2025-06-25,C0224,India,SKU-657,Notebook Pack,5,41.26
INV-0224-005,2025-07-13,C0224,India,SKU-321,Notebook Pack,3,54.45
INV-0224-006,2025-07-05,C0224,United Kingdom,SKU-377,Desk Organizer,1,133.4
INV-0224-007,2025-09-25,C0224,India,SKU-494,LED Bulb,2,158.26
INV-0224-008,2025-07-14,C0224,India,SKU-962,Desk Organizer,4,52.26
INV-0224-009,2025-09-01,C0224,India,SKU-193,Phone Case,3,39.1
INV-0224-010,2025-02-16,C0224,India,SKU-104,Desk Organizer,2,56.71
INV-0224-011,2025-07-08,C0224,India,SKU-945,Wireless Mouse,4,66.38
INV-0224-012,2025-04-15,C0224,India,SKU-161,LED Bulb,2,129.9
INV-0224-013,2025-10-18,C0224,India,SKU-480,Wireless Mouse,4,51.97
INV-0224-014,2025-08-24,C0224,India,SKU-903,Cotton T-Shirt,4,35.53
INV-0224-015,2025-07-20,C0224,India,SKU-738,Notebook Pack,4,79.12
INV-0224-016,2025-02-20,C0224,India,SKU-326,Backpack,3,59.13
INV-0225-001,2025-09-19,C0225,United Kingdom,SKU-875,Notebook Pack,2,4.98
INV-0225-002,2025-01-29,C0225,Germany,SKU-605,Coffee Beans 500g,3,7.83
INV-0226-001,2025-11-25,C0226,United Kingdom,SKU-157,Phone Case,4,11.34
INV-0226-002,2025-04-25,C0226,United Kingdom,SKU-349,Backpack,2,64.23
INV-0227-001,2025-05-06,C0227,USA,SKU-666,Desk Organizer,2,232.87
INV-0227-002,2025-07-04,C0227,India,SKU-582,Wireless Mouse,5,87.1
INV-0227-003,2025-01-27,C0227,United Kingdom,SKU-299,Wireless Mouse,4,73.78
INV-0227-004,2025-08-05,C0227,USA,SKU-914,Yoga Mat,5,87.64
INV-0227-005,2025-05-04,C0227,USA,SKU-918,LED Bulb,1,325.33
INV-0227-006,2025-03-08,C0227,United Kingdom,SKU-413,Wireless Mouse,3,88.32
INV-0227-007,2025-06-24,C0227,India,SKU-466,Notebook Pack,1,296.15
INV-0227-008,2025-11-16,C0227,India,SKU-419,Phone Case,4,121.49
INV-0227-009,2025-06-12,C0227,India,SKU-388,Yoga Mat,5,99.18
INV-0227-010,2025-11-30,C0227,Germany,SKU-455,Notebook Pack,1,438.08
INV-0227-011,2025-10-30,C0227,India,SKU-994,Notebook Pack,2,86.82
INV-0227-012,2025-02-28,C0227,USA,SKU-378,Water Bottle,3,109.22
INV-0227-013,2025-04-17,C0227,United Kingdom,SKU-732,Yoga Mat,3,140.13
INV-0227-014,2025-03-02,C0227,India,SKU-108,Yoga Mat,4,111.73
INV-0227-015,2025-09-04,C0227,Germany,SKU-718,Desk Organizer,2,196.5
INV-0227-016,2025-10-17,C0227,United Kingdom,SKU-796,Wireless Mouse,5,88.07
INV-0227-017,2025-05-01,C0227,United Kingdom,SKU-272,Desk Organizer,1,477.22
INV-0228-001,2025-04-07,C0228,USA,SKU-612,Notebook Pack,2,143.03
INV-0228-002,2025-09-02,C0228,India,SKU-556,Yoga Mat,3,55.83
INV-0228-003,2025-07-30,C0228,United Kingdom,SKU-179,Water Bottle,2,189.29
INV-0228-004,2025-03-15,C0228,India,SKU-264,Wireless Mouse,2,254.57
INV-0228-005,2025-10-17,C0228,India,SKU-810,Yoga Mat,1,515.97
INV-0228-006,2025-10-31,C0228,India,SKU-496,Coffee Beans 500g,5,97.03
INV-0228-007,2025-04-01,C0228,India,SKU-893,Phone Case,1,290.61
INV-0228-008,2025-05-17,C0228,India,SKU-705,Notebook Pack,4,116.63
INV-0228-009,2025-05-14,C0228,USA,SKU-952,Backpack,4,126.98
INV-0228-010,2025-12-15,C0228,Germany,SKU-990,LED Bulb,4,135.34
INV-0228-011,2025-08-26,C0228,USA,SKU-505,LED Bulb,4,66.54
INV-0228-012,2025-07-01,C0228,India,SKU-695,Wireless Mouse,5,45.19
INV-0228-013,2025-10-13,C0228,USA,SKU-530,Phone Case,5,94.88
INV-0228-014,2025-08-14,C0228,India,SKU-233,Coffee Beans 500g,1,540.33
INV-0228-015,2025-06-16,C0228,India,SKU-509,Phone Case,5,44.71
INV-0228-016,2025-09-21,C0228,Germany,SKU-614,Coffee Beans 500g,3,168.41
INV-0228-017,2025-12-06,C0228,India,SKU-394,Water Bottle,2,166.16
INV-0228-018,2025-06-17,C0228,India,SKU-571,Wireless Mouse,1,204.77
INV-0228-019,2025-03-03,C0228,USA,SKU-467,Water Bottle,1,351.79
INV-0228-020,2025-08-03,C0228,United Kingdom,SKU-591,Notebook Pack,1,197.91
INV-0228-021,2025-09-06,C0228,USA,SKU-322,Cotton T-Shirt,3,145.15
INV-0228-022,2025-03-01,C0228,United Kingdom,SKU-874,Wireless Mouse,1,232.59
INV-0228-023,2025-07-16,C0228,India,SKU-101,Backpack,2,132.41
INV-0228-024,2025-08-14,C0228,USA,SKU-766,Coffee Beans 500g,5,76.81
INV-0228-025,2025-02-15,C0228,India,SKU-668,LED Bulb,5,83.93
INV-0229-001,2024-10-19,C0229,USA,SKU-590,Phone Case,2,157.8
INV-0229-002,2024-12-16,C0229,India,SKU-265,Wireless Mouse,4,28.25
INV-0229-003,2025-01-21,C0229,India,SKU-514,Water Bottle,1,174.21
INV-0229-004,2025-06-29,C0229,India,SKU-444,Backpack,5,17.03
INV-0230-001,2025-05-10,C0230,India,SKU-764,Water Bottle,3,46.79
INV-0230-002,2025-09-28,C0230,India,SKU-153,Water Bottle,2,235.96
INV-0230-003,2025-03-02,C0230,USA,SKU-239,Water Bottle,4,75.89
INV-0230-004,2025-07-07,C0230,USA,SKU-847,LED Bulb,5,31.16
INV-0230-005,2025-03-05,C0230,India,SKU-942,Yoga Mat,4,120.03
INV-0230-006,2025-04-04,C0230,India,SKU-447,Coffee Beans 500g,2,178.42
INV-0230-007,2025-07-19,C0230,India,SKU-829,Wireless Mouse,4,66.84
INV-0230-008,2025-06-01,C0230,India,SKU-637,Wireless Mouse,1,358.87
INV-0230-009,2025-02-21,C0230,India,SKU-650,Cotton T-Shirt,2,133.08
INV-0230-010,2025-08-20,C0230,USA,SKU-551,Coffee Beans 500g,1,366.7
INV-0230-011,2025-09-15,C0230,Germany,SKU-687,Desk Organizer,2,234.88
INV-0230-012,2025-08-29,C0230,India,SKU-610,Coffee Beans 500g,2,251.4
INV-0230-013,2025-04-06,C0230,Germany,SKU-440,Desk Organizer,3,73.65
INV-0230-014,2025-08-22,C0230,India,SKU-793,Backpack,5,50.58
INV-0230-015,2025-06-23,C0230,India,SKU-643,Cotton T-Shirt,3,143.04
INV-0230-016,2025-08-18,C0230,Germany,SKU-291,Coffee Beans 500g,4,56.82
INV-0230-017,2025-09-30,C0230,India,SKU-206,Cotton T-Shirt,2,207.11
INV-0230-018,2025-02-13,C0230,India,SKU-405,LED Bulb,2,189.84
INV-0230-019,2025-08-23,C0230,India,SKU-419,Notebook Pack,5,35.81
INV-0230-020,2025-07-06,C0230,Germany,SKU-520,Backpack,3,124.58
INV-0230-021,2025-11-16,C0230,India,SKU-838,LED Bulb,2,102.89
INV-0230-022,2025-07-03,C0230,India,SKU-787,Wireless Mouse,2,218.84
INV-0230-023,2025-04-02,C0230,Germany,SKU-728,Yoga Mat,4,71.99
INV-0230-024,2025-07-14,C0230,India,SKU-572,LED Bulb,3,57.78
INV-0230-025,2025-05-04,C0230,Germany,SKU-211,Yoga Mat,5,87.22
INV-0231-001,2024-10-20,C0231,India,SKU-437,LED Bulb,2,41.73
INV-0231-002,2024-10-06,C0231,India,SKU-211,LED Bulb,1,127.56
INV-0231-003,2024-12-29,C0231,USA,SKU-295,Desk Organizer,2,75.47
INV-0231-004,2024-12-20,C0231,Germany,SKU-287,Desk Organizer,2,81.88
INV-0232-001,2025-02-28,C0232,Germany,SKU-953,LED Bulb,5,16.27
INV-0232-002,2025-10-14,C0232,India,SKU-724,Coffee Beans 500g,4,45.35
INV-0232-003,2025-10-24,C0232,India,SKU-477,Backpack,1,136.88
INV-0232-004,2025-03-18,C0232,India,SKU-168,Yoga Mat,3,58.16
INV-0232-005,2025-05-12,C0232,India,SKU-780,Backpack,1,72.47
INV-0232-006,2025-07-10,C0232,India,SKU-615,Notebook Pack,3,54.42
INV-0232-007,2025-03-08,C0232,India,SKU-229,Water Bottle,5,29.94
INV-0232-008,2025-08-11,C0232,India,SKU-524,Water Bottle,1,157.81
INV-0232-009,2025-06-27,C0232,USA,SKU-826,Backpack,5,19.64
INV-0232-010,2025-11-04,C0232,United Kingdom,SKU-449,Wireless Mouse,4,45.99
INV-0233-001,2025-07-22,C0233,India,SKU-308,Phone Case,3,22.08
INV-0233-002,2025-01-24,C0233,United Kingdom,SKU-296,Backpack,1,51.82
INV-0233-003,2025-04-18,C0233,Germany,SKU-988,LED Bulb,3,46.98
INV-0233-004,2025-04-30,C0233,India,SKU-486,Cotton T-Shirt,3,33.95
INV-0233-005,2025-12-08,C0233,India,SKU-713,Cotton T-Shirt,2,37.04
INV-0233-006,2025-07-08,C0233,United Kingdom,SKU-501,Notebook Pack,4,19.7
INV-0233-007,2025-02-14,C0233,United Kingdom,SKU-274,Coffee Beans 500g,3,28.23
INV-0234-001,2025-01-02,C0234,India,SKU-767,Water Bottle,2,25.67
INV-0234-002,2025-04-05,C0234,Germany,SKU-633,Coffee Beans 500g,2,25.16
INV-0234-003,2025-08-07,C0234,United Kingdom,SKU-629,Coffee Beans 500g,1,49.77
INV-0234-004,2025-01-23,C0234,Germany,SKU-774,Notebook Pack,3,18.89
INV-0234-005,2025-07-13,C0234,India,SKU-196,Cotton T-Shirt,4,9.08
INV-0235-001,2025-09-28,C0235,USA,SKU-567,Wireless Mouse,2,77.31
INV-0235-002,2025-03-02,C0235,United Kingdom,SKU-755,Cotton T-Shirt,3,33.94
INV-0235-003,2025-04-11,C0235,United Kingdom,SKU-555,Cotton T-Shirt,3,51.58
INV-0235-004,2025-09-04,C0235,India,SKU-800,Yoga Mat,5,25.91
INV-0235-005,2025-11-19,C0235,United Kingdom,SKU-885,LED Bulb,5,34.25
INV-0235-006,2025-02-08,C0235,India,SKU-239,Phone Case,4,36.76
INV-0235-007,2025-05-03,C0235,India,SKU-663,Phone Case,4,33.69
INV-0235-008,2025-04-27,C0235,United Kingdom,SKU-664,Notebook Pack,4,37.79
INV-0235-009,2025-06-08,C0235,India,SKU-508,Coffee Beans 500g,1,177.4
INV-0235-010,2025-03-10,C0235,India,SKU-754,Cotton T-Shirt,5,23.61
INV-0235-011,2025-03-25,C0235,India,SKU-328,Coffee Beans 500g,2,56.62
INV-0235-012,2025-11-04,C0235,India,SKU-376,Backpack,5,30.09
INV-0236-001,2025-05-23,C0236,United Kingdom,SKU-742,Yoga Mat,1,27.1
INV-0236-002,2025-11-26,C0236,India,SKU-329,LED Bulb,3,5.61
INV-0236-003,2025-11-11,C0236,India,SKU-541,Yoga Mat,2,9.71
INV-0237-001,2025-12-16,C0237,India,SKU-257,LED Bulb,4,16.01
INV-0237-002,2025-08-01,C0237,United Kingdom,SKU-933,Wireless Mouse,4,6.55
INV-0238-001,2025-09-04,C0238,United Kingdom,SKU-700,Notebook Pack,2,11.09
INV-0238-002,2025-06-27,C0238,India,SKU-730,Backpack,2,6.25
INV-0239-001,2025-05-23,C0239,USA,SKU-769,Cotton T-Shirt,2,64.31
INV-0239-002,2025-04-04,C0239,India,SKU-879,Phone Case,5,23.13
INV-0240-001,2025-04-24,C0240,India,SKU-748,Coffee Beans 500g,2,129.13
INV-0240-002,2025-06-17,C0240,India,SKU-631,Yoga Mat,1,318.08
INV-0240-003,2025-08-18,C0240,Germany,SKU-302,Coffee Beans 500g,2,107.14
INV-0240-004,2025-11-28,C0240,India,SKU-293,Coffee Beans 500g,2,104.37
INV-0240-005,2025-03-23,C0240,United Kingdom,SKU-838,Cotton T-Shirt,5,26.08
INV-0240-006,2025-10-27,C0240,United Kingdom,SKU-416,Notebook Pack,1,323.84
INV-0240-007,2025-11-12,C0240,USA,SKU-213,Yoga Mat,2,114.13
INV-0240-008,2025-02-04,C0240,India,SKU-680,LED Bulb,5,37.73
INV-0240-009,2025-10-24,C0240,India,SKU-484,Phone Case,5,57.26
INV-0240-010,2025-08-01,C0240,Germany,SKU-980,Yoga Mat,5,68.16
INV-0240-011,2025-03-19,C0240,India,SKU-248,Cotton T-Shirt,1,162.48
INV-0240-012,2025-03-26,C0240,India,SKU-785,Coffee Beans 500g,4,52.53
INV-0240-013,2025-06-30,C0240,India,SKU-975,Yoga Mat,5,67.01
INV-0240-014,2025-03-21,C0240,India,SKU-451,Cotton T-Shirt,5,67.0
INV-0240-015,2025-09-09,C0240,India,SKU-149,Wireless Mouse,4,29.52
INV-0240-016,2025-11-15,C0240,India,SKU-149,Cotton T-Shirt,2,98.44
INV-0240-017,2025-09-28,C0240,India,SKU-581,Yoga Mat,4,98.41
INV-0240-018,2025-08-04,C0240,India,SKU-152,Water Bottle,1,296.59
INV-0241-001,2025-05-26,C0241,India,SKU-685,LED Bulb,4,80.01
INV-0241-002,2025-08-31,C0241,India,SKU-680,Backpack,5,78.74
INV-0241-003,2025-11-03,C0241,India,SKU-495,Coffee Beans 500g,4,94.37
INV-0241-004,2025-06-05,C0241,India,SKU-434,LED Bulb,3,125.3
INV-0241-005,2025-06-28,C0241,India,SKU-747,Backpack,1,466.77
INV-0241-006,2025-03-28,C0241,India,SKU-351,Notebook Pack,4,111.62
INV-0241-007,2025-06-05,C0241,United Kingdom,SKU-711,Notebook Pack,5,94.49
INV-0241-008,2025-04-17,C0241,USA,SKU-274,Phone Case,3,139.91
INV-0241-009,2025-04-29,C0241,USA,SKU-319,Water Bottle,4,98.71
INV-0241-010,2025-07-16,C0241,United Kingdom,SKU-119,LED Bulb,3,148.67
INV-0241-011,2025-11-14,C0241,India,SKU-207,Cotton T-Shirt,2,223.95
INV-0241-012,2025-10-06,C0241,India,SKU-131,LED Bulb,2,221.44
INV-0241-013,2025-03-12,C0241,USA,SKU-142,Cotton T-Shirt,5,84.61
INV-0241-014,2025-08-28,C0241,USA,SKU-360,Yoga Mat,1,232.77
INV-0241-015,2025-12-18,C0241,United Kingdom,SKU-145,Water Bottle,2,251.66
INV-0241-016,2025-10-08,C0241,India,SKU-343,Wireless Mouse,1,471.39
INV-0241-017,2025-12-15,C0241,United Kingdom,SKU-757,Cotton T-Shirt,1,364.06
INV-0241-018,2025-08-06,C0241,India,SKU-912,Backpack,2,147.22
INV-0242-001,2025-11-16,C0242,USA,SKU-187,Wireless Mouse,4,6.2
INV-0242-002,2025-09-01,C0242,USA,SKU-896,Coffee Beans 500g,3,17.55
INV-0242-003,2025-03-23,C0242,USA,SKU-613,Wireless Mouse,4,14.22
INV-0242-004,2025-07-12,C0242,India,SKU-177,Water Bottle,1,25.29
INV-0242-005,2025-07-10,C0242,India,SKU-609,Wireless Mouse,1,60.43
INV-0243-001,2024-12-18,C0243,USA,SKU-791,Wireless Mouse,5,12.11
INV-0243-002,2025-03-09,C0243,USA,SKU-704,LED Bulb,4,24.31
INV-0243-003,2025-02-28,C0243,India,SKU-124,Desk Organizer,1,45.41
INV-0243-004,2025-04-05,C0243,India,SKU-429,Notebook Pack,5,13.52
INV-0243-005,2024-12-07,C0243,India,SKU-955,Desk Organizer,4,13.62
INV-0244-001,2024-08-22,C0244,USA,SKU-677,Desk Organizer,5,26.48
INV-0244-002,2024-09-14,C0244,Germany,SKU-434,Cotton T-Shirt,4,48.39
INV-0244-003,2025-04-06,C0244,India,SKU-555,Water Bottle,3,29.03
INV-0244-004,2024-11-26,C0244,India,SKU-205,Yoga Mat,5,34.58
INV-0244-005,2025-04-30,C0244,USA,SKU-142,Desk Organizer,5,42.15
INV-0244-006,2024-09-06,C0244,India,SKU-182,Notebook Pack,2,39.44
INV-0244-007,2024-10-11,C0244,USA,SKU-773,Yoga Mat,1,170.44
INV-0245-001,2025-03-12,C0245,Germany,SKU-217,Cotton T-Shirt,5,129.2
INV-0245-002,2025-12-13,C0245,India,SKU-879,Phone Case,4,67.53
INV-0245-003,2025-06-26,C0245,India,SKU-508,Backpack,5,76.86
INV-0245-004,2025-06-04,C0245,USA,SKU-115,Wireless Mouse,2,273.77
INV-0245-005,2025-12-26,C0245,United Kingdom,SKU-744,Yoga Mat,3,76.73
INV-0245-006,2025-06-14,C0245,India,SKU-274,Desk Organizer,2,251.15
INV-0245-007,2025-03-20,C0245,India,SKU-701,Yoga Mat,4,145.07
INV-0245-008,2025-08-06,C0245,India,SKU-705,Phone Case,2,198.02
INV-0245-009,2025-11-24,C0245,India,SKU-610,Backpack,2,310.42
INV-0245-010,2025-07-23,C0245,India,SKU-977,Backpack,2,230.66
INV-0245-011,2025-03-21,C0245,India,SKU-723,Yoga Mat,3,98.44
INV-0245-012,2025-06-08,C0245,India,SKU-556,Backpack,5,108.89
INV-0245-013,2025-11-15,C0245,India,SKU-801,LED Bulb,3,91.51
INV-0245-014,2025-04-15,C0245,India,SKU-221,Phone Case,5,102.15
INV-0245-015,2025-11-23,C0245,India,SKU-238,Backpack,1,620.46
INV-0245-016,2025-02-16,C0245,United Kingdom,SKU-618,Water Bottle,2,227.18
INV-0245-017,2025-07-20,C0245,India,SKU-626,Coffee Beans 500g,4,103.62
INV-0245-018,2025-04-01,C0245,United Kingdom,SKU-975,Yoga Mat,4,90.71
INV-0245-019,2025-08-25,C0245,India,SKU-919,Notebook Pack,2,88.61
INV-0245-020,2025-05-12,C0245,India,SKU-980,Coffee Beans 500g,1,378.23
INV-0245-021,2025-03-11,C0245,Germany,SKU-463,Yoga Mat,2,93.78
INV-0245-022,2025-12-16,C0245,United Kingdom,SKU-491,Desk Organizer,1,444.72
INV-0246-001,2025-06-15,C0246,India,SKU-787,Wireless Mouse,1,84.38
INV-0246-002,2025-09-27,C0246,United Kingdom,SKU-869,Coffee Beans 500g,5,26.36
INV-0247-001,2025-09-06,C0247,Germany,SKU-504,Coffee Beans 500g,2,210.21
INV-0247-002,2025-10-16,C0247,India,SKU-311,Cotton T-Shirt,5,65.07
INV-0247-003,2025-11-15,C0247,United Kingdom,SKU-432,Yoga Mat,1,421.04
INV-0247-004,2025-04-06,C0247,United Kingdom,SKU-274,Notebook Pack,2,211.14
INV-0247-005,2025-12-10,C0247,Germany,SKU-520,Water Bottle,1,389.84
INV-0247-006,2025-08-15,C0247,United Kingdom,SKU-796,Notebook Pack,5,37.83
INV-0247-007,2025-11-27,C0247,United Kingdom,SKU-300,Yoga Mat,2,130.58
INV-0247-008,2025-11-08,C0247,India,SKU-672,Phone Case,3,134.47
INV-0247-009,2025-03-21,C0247,India,SKU-108,Backpack,1,150.91
INV-0247-010,2025-10-19,C0247,India,SKU-527,Yoga Mat,5,96.12
INV-0247-011,2025-07-30,C0247,India,SKU-127,Notebook Pack,5,30.77
INV-0247-012,2025-10-02,C0247,Germany,SKU-949,Wireless Mouse,5,71.19
INV-0247-013,2025-08-06,C0247,India,SKU-281,Backpack,2,173.13
INV-0247-014,2025-03-06,C0247,India,SKU-282,Yoga Mat,4,91.81
INV-0247-015,2025-03-06,C0247,United Kingdom,SKU-239,LED Bulb,5,88.68
INV-0247-016,2025-11-22,C0247,USA,SKU-793,Coffee Beans 500g,3,48.22
INV-0247-017,2025-05-01,C0247,United Kingdom,SKU-987,Desk Organizer,2,243.86
INV-0247-018,2025-07-21,C0247,India,SKU-326,Desk Organizer,2,225.9
INV-0247-019,2025-02-09,C0247,India,SKU-527,Coffee Beans 500g,1,301.71
INV-0247-020,2025-02-20,C0247,India,SKU-606,Coffee Beans 500g,3,152.86
INV-0247-021,2025-07-19,C0247,United Kingdom,SKU-639,LED Bulb,5,86.4
INV-0248-001,2025-02-13,C0248,United Kingdom,SKU-936,Wireless Mouse,3,185.15
INV-0248-002,2025-04-07,C0248,Germany,SKU-588,Backpack,1,217.43
INV-0248-003,2025-05-06,C0248,Germany,SKU-798,Desk Organizer,1,332.06
INV-0248-004,2025-11-24,C0248,India,SKU-666,Notebook Pack,4,63.52
INV-0248-005,2025-03-25,C0248,USA,SKU-561,Phone Case,4,149.27
INV-0248-006,2025-07-12,C0248,India,SKU-943,Phone Case,2,284.47
INV-0248-007,2025-07-18,C0248,India,SKU-425,Notebook Pack,2,241.79
INV-0248-008,2025-06-13,C0248,India,SKU-291,Notebook Pack,4,119.15
INV-0248-009,2025-06-17,C0248,India,SKU-305,Desk Organizer,2,133.99
INV-0248-010,2025-10-10,C0248,United Kingdom,SKU-947,Backpack,2,222.22
INV-0248-011,2025-08-03,C0248,Germany,SKU-211,Phone Case,3,181.88
INV-0248-012,2025-07-01,C0248,United Kingdom,SKU-681,Notebook Pack,1,289.72
INV-0248-013,2025-11-02,C0248,India,SKU-655,Cotton T-Shirt,1,223.45
INV-0248-014,2025-03-25,C0248,India,SKU-622,Backpack,5,32.14
INV-0248-015,2025-05-21,C0248,USA,SKU-109,Phone Case,5,118.94
INV-0249-001,2025-10-22,C0249,India,SKU-421,Coffee Beans 500g,1,358.24
INV-0249-002,2025-06-16,C0249,India,SKU-263,LED Bulb,4,46.41
INV-0249-003,2025-06-17,C0249,India,SKU-191,Notebook Pack,2,202.36
INV-0249-004,2025-06-22,C0249,USA,SKU-224,Water Bottle,5,26.74
INV-0249-005,2025-04-04,C0249,India,SKU-273,Backpack,1,288.8
INV-0249-006,2025-11-22,C0249,Germany,SKU-484,Coffee Beans 500g,5,44.05
INV-0249-007,2025-02-19,C0249,India,SKU-957,Notebook Pack,4,46.5
INV-0249-008,2025-12-09,C0249,India,SKU-122,Backpack,3,56.83
INV-0249-009,2025-07-12,C0249,India,SKU-116,Water Bottle,5,48.3
INV-0249-010,2025-05-30,C0249,India,SKU-251,Backpack,3,81.07
INV-0249-011,2025-08-18,C0249,USA,SKU-993,LED Bulb,3,71.15
INV-0249-012,2025-04-16,C0249,Germany,SKU-636,Water Bottle,5,41.01
INV-0249-013,2025-06-01,C0249,India,SKU-665,Desk Organizer,4,105.89
INV-0249-014,2025-10-16,C0249,United Kingdom,SKU-257,Backpack,3,120.21
INV-0249-015,2025-08-27,C0249,India,SKU-692,Yoga Mat,3,97.29
INV-0250-001,2025-06-30,C0250,United Kingdom,SKU-539,LED Bulb,3,13.07
INV-0250-002,2025-08-24,C0250,USA,SKU-111,Phone Case,1,54.24
INV-0251-001,2025-08-31,C0251,United Kingdom,SKU-404,Desk Organizer,4,14.42
INV-0251-002,2025-03-12,C0251,India,SKU-498,Backpack,4,7.11
INV-0251-003,2025-09-19,C0251,USA,SKU-305,Yoga Mat,5,13.48
INV-0252-001,2025-06-11,C0252,India,SKU-546,LED Bulb,3,2.63
INV-0252-002,2025-01-20,C0252,USA,SKU-173,Phone Case,5,1.48
INV-0252-003,2025-09-22,C0252,United Kingdom,SKU-716,Phone Case,5,4.11
INV-0252-004,2024-11-17,C0252,United Kingdom,SKU-627,Notebook Pack,2,8.89
INV-0253-001,2024-10-05,C0253,USA,SKU-210,Water Bottle,2,24.98
INV-0253-002,2025-06-06,C0253,India,SKU-604,Desk Organizer,1,99.53
INV-0253-003,2024-10-01,C0253,United Kingdom,SKU-463,Coffee Beans 500g,3,25.79
INV-0253-004,2025-01-01,C0253,India,SKU-634,Backpack,1,80.66
INV-0253-005,2025-01-24,C0253,India,SKU-782,Notebook Pack,2,17.09
INV-0253-006,2025-04-07,C0253,United Kingdom,SKU-808,Notebook Pack,4,25.07
INV-0253-007,2024-08-02,C0253,India,SKU-126,Backpack,5,7.35
INV-0254-001,2024-10-03,C0254,Germany,SKU-224,Water Bottle,3,72.97
INV-0254-002,2024-08-28,C0254,India,SKU-720,Wireless Mouse,1,247.65
INV-0254-003,2025-02-14,C0254,India,SKU-631,Water Bottle,3,66.49
INV-0254-004,2025-02-14,C0254,India,SKU-449,LED Bulb,2,48.88
INV-0254-005,2024-06-25,C0254,India,SKU-926,Desk Organizer,2,132.33
INV-0254-006,2024-05-23,C0254,United Kingdom,SKU-244,Wireless Mouse,5,49.3
INV-0254-007,2024-07-09,C0254,Germany,SKU-716,Wireless Mouse,1,175.66
INV-0255-001,2025-04-21,C0255,India,SKU-840,Desk Organizer,1,22.93
INV-0255-002,2025-08-03,C0255,India,SKU-213,Water Bottle,5,13.13
INV-0255-003,2025-08-20,C0255,India,SKU-136,Water Bottle,5,7.81
INV-0255-004,2025-01-21,C0255,United Kingdom,SKU-918,Phone Case,5,13.55
INV-0255-005,2025-04-24,C0255,USA,SKU-375,Coffee Beans 500g,5,4.33
INV-0256-001,2024-08-24,C0256,India,SKU-776,Cotton T-Shirt,2,31.52
INV-0256-002,2024-08-29,C0256,India,SKU-176,Wireless Mouse,1,109.2
INV-0256-003,2025-01-31,C0256,India,SKU-895,Phone Case,2,53.19
INV-0256-004,2024-10-29,C0256,India,SKU-460,Coffee Beans 500g,4,32.58
INV-0256-005,2025-03-09,C0256,United Kingdom,SKU-506,Yoga Mat,2,61.26
INV-0256-006,2024-08-21,C0256,Germany,SKU-214,Cotton T-Shirt,3,27.06
INV-0256-007,2025-01-20,C0256,India,SKU-337,Cotton T-Shirt,2,66.46
INV-0256-008,2025-05-20,C0256,Germany,SKU-323,LED Bulb,2,58.86
INV-0256-009,2024-09-20,C0256,United Kingdom,SKU-804,Desk Organizer,5,10.3
INV-0257-001,2025-06-13,C0257,India,SKU-707,Cotton T-Shirt,4,45.04
INV-0257-002,2025-03-24,C0257,India,SKU-298,Desk Organizer,5,33.25
INV-0257-003,2025-02-11,C0257,India,SKU-264,Desk Organizer,5,15.36
INV-0257-004,2025-03-04,C0257,India,SKU-130,Yoga Mat,1,200.55
INV-0257-005,2025-08-14,C0257,India,SKU-109,Coffee Beans 500g,4,19.34
INV-0257-006,2025-02-25,C0257,Germany,SKU-636,Yoga Mat,3,23.72
INV-0257-007,2025-07-18,C0257,India,SKU-374,Water Bottle,2,34.55
INV-0257-008,2025-04-04,C0257,United Kingdom,SKU-683,Phone Case,5,26.61
INV-0258-001,2024-12-26,C0258,India,SKU-976,Water Bottle,5,3.37
INV-0258-002,2025-02-17,C0258,India,SKU-480,Coffee Beans 500g,3,3.77
INV-0258-003,2025-05-27,C0258,United Kingdom,SKU-902,Phone Case,1,38.97
INV-0258-004,2025-03-17,C0258,India,SKU-820,Notebook Pack,5,3.68
INV-0258-005,2024-12-10,C0258,United Kingdom,SKU-751,Notebook Pack,2,6.94
INV-0258-006,2025-02-25,C0258,United Kingdom,SKU-890,Backpack,2,13.74
INV-0259-001,2025-11-02,C0259,USA,SKU-614,Water Bottle,3,6.23
INV-0259-002,2025-06-01,C0259,India,SKU-808,LED Bulb,3,10.03
INV-0259-003,2025-10-26,C0259,India,SKU-661,Cotton T-Shirt,4,4.94
INV-0259-004,2025-08-17,C0259,United Kingdom,SKU-929,Notebook Pack,1,16.92
INV-0260-001,2025-01-13,C0260,United Kingdom,SKU-569,Notebook Pack,2,7.67
INV-0260-002,2025-05-17,C0260,India,SKU-323,Desk Organizer,5,7.39
INV-0261-001,2025-02-24,C0261,United Kingdom,SKU-430,Yoga Mat,5,6.29
INV-0261-002,2025-01-24,C0261,India,SKU-496,Notebook Pack,5,12.57
INV-0261-003,2025-01-13,C0261,India,SKU-245,Cotton T-Shirt,3,21.57
INV-0261-004,2025-01-21,C0261,Germany,SKU-334,Phone Case,3,18.8
INV-0261-005,2025-02-25,C0261,India,SKU-966,Coffee Beans 500g,4,7.81
INV-0262-001,2025-01-20,C0262,USA,SKU-530,Backpack,3,27.17
INV-0262-002,2025-08-19,C0262,USA,SKU-188,Phone Case,4,23.22
INV-0263-001,2024-06-03,C0263,India,SKU-577,Notebook Pack,3,28.34
INV-0263-002,2025-03-24,C0263,Germany,SKU-977,Backpack,2,122.5
INV-0263-003,2025-01-11,C0263,India,SKU-601,Phone Case,2,92.8
INV-0263-004,2024-11-26,C0263,India,SKU-164,Coffee Beans 500g,2,86.6
INV-0264-001,2025-03-27,C0264,India,SKU-338,Notebook Pack,2,119.03
INV-0264-002,2025-02-21,C0264,USA,SKU-253,Water Bottle,1,328.69
INV-0264-003,2025-05-27,C0264,USA,SKU-778,Notebook Pack,2,111.37
INV-0264-004,2024-12-13,C0264,USA,SKU-853,Cotton T-Shirt,1,186.08
INV-0264-005,2025-05-23,C0264,India,SKU-153,Notebook Pack,1,230.05
INV-0265-001,2024-07-30,C0265,India,SKU-874,Yoga Mat,4,20.75
INV-0265-002,2025-01-18,C0265,India,SKU-866,Water Bottle,4,25.44
INV-0265-003,2025-05-06,C0265,India,SKU-224,Coffee Beans 500g,4,19.99
INV-0265-004,2025-05-14,C0265,United Kingdom,SKU-813,Backpack,4,15.4
INV-0265-005,2024-07-18,C0265,Germany,SKU-315,Desk Organizer,3,12.47
INV-0265-006,2025-02-21,C0265,India,SKU-486,Phone Case,1,83.64
INV-0265-007,2024-09-19,C0265,India,SKU-666,LED Bulb,3,38.98
INV-0265-008,2024-10-19,C0265,India,SKU-460,Coffee Beans 500g,4,33.08
INV-0265-009,2024-11-09,C0265,USA,SKU-155,Notebook Pack,5,25.88
INV-0266-001,2025-08-26,C0266,India,SKU-228,Yoga Mat,5,4.22
INV-0266-002,2025-04-01,C0266,India,SKU-960,Notebook Pack,5,6.15
INV-0266-003,2025-06-22,C0266,USA,SKU-331,Desk Organizer,4,7.08
INV-0266-004,2025-08-13,C0266,India,SKU-133,LED Bulb,2,9.62
INV-0266-005,2025-08-06,C0266,United Kingdom,SKU-464,Coffee Beans 500g,3,7.76
INV-0266-006,2025-03-09,C0266,India,SKU-373,Cotton T-Shirt,5,1.97
INV-0267-001,2024-06-14,C0267,India,SKU-947,Phone Case,3,57.6
INV-0267-002,2025-02-25,C0267,USA,SKU-623,Yoga Mat,2,39.27
INV-0267-003,2025-03-09,C0267,India,SKU-121,Desk Organizer,5,37.66
INV-0267-004,2025-01-07,C0267,India,SKU-689,LED Bulb,5,25.34
INV-0267-005,2024-10-20,C0267,USA,SKU-353,Backpack,3,72.51
INV-0267-006,2024-10-07,C0267,India,SKU-146,Desk Organizer,2,120.03
INV-0267-007,2024-08-03,C0267,India,SKU-888,LED Bulb,5,28.8
INV-0268-001,2025-10-18,C0268,United Kingdom,SKU-698,Desk Organizer,5,23.47
INV-0268-002,2025-02-18,C0268,India,SKU-319,Yoga Mat,1,131.12
INV-0268-003,2025-05-24,C0268,India,SKU-635,Desk Organizer,3,20.59
INV-0268-004,2025-07-14,C0268,India,SKU-997,Water Bottle,4,27.1
INV-0268-005,2025-09-21,C0268,India,SKU-590,LED Bulb,4,28.04
INV-0268-006,2025-09-09,C0268,India,SKU-755,Desk Organizer,4,16.88
INV-0268-007,2025-05-08,C0268,USA,SKU-570,Water Bottle,4,17.04
INV-0268-008,2025-01-29,C0268,India,SKU-576,Backpack,4,11.59
INV-0268-009,2025-09-19,C0268,India,SKU-429,Coffee Beans 500g,2,18.57
INV-0268-010,2025-01-26,C0268,India,SKU-428,Yoga Mat,4,32.04
INV-0269-001,2025-10-26,C0269,India,SKU-492,Backpack,4,9.03
INV-0270-001,2024-08-03,C0270,United Kingdom,SKU-527,Notebook Pack,4,18.96
INV-0270-002,2024-12-12,C0270,United Kingdom,SKU-117,Yoga Mat,2,50.0
INV-0270-003,2025-05-01,C0270,Germany,SKU-163,Coffee Beans 500g,2,52.19
INV-0270-004,2024-11-13,C0270,India,SKU-376,Notebook Pack,2,129.53
INV-0270-005,2024-11-06,C0270,United Kingdom,SKU-867,Coffee Beans 500g,1,239.18
INV-0270-006,2025-01-09,C0270,India,SKU-508,Water Bottle,4,20.84
INV-0270-007,2025-03-21,C0270,United Kingdom,SKU-855,LED Bulb,5,47.11
INV-0271-001,2025-07-15,C0271,India,SKU-306,Desk Organizer,4,107.1
INV-0271-002,2025-10-04,C0271,India,SKU-889,Wireless Mouse,5,67.98
INV-0271-003,2025-02-05,C0271,India,SKU-698,Yoga Mat,3,142.41
INV-0271-004,2025-04-26,C0271,United Kingdom,SKU-629,Notebook Pack,5,44.37
INV-0271-005,2025-11-04,C0271,India,SKU-457,LED Bulb,2,182.91
INV-0271-006,2025-04-01,C0271,India,SKU-375,Backpack,4,76.46
INV-0271-007,2025-11-30,C0271,USA,SKU-256,Backpack,5,49.89
INV-0271-008,2025-02-03,C0271,India,SKU-497,Phone Case,2,167.71
INV-0271-009,2025-06-22,C0271,United Kingdom,SKU-658,Cotton T-Shirt,2,101.81
INV-0271-010,2025-06-04,C0271,United Kingdom,SKU-478,Water Bottle,2,245.36
INV-0271-011,2025-08-06,C0271,India,SKU-594,Phone Case,2,183.6
INV-0271-012,2025-10-02,C0271,India,SKU-593,Desk Organizer,4,73.21
INV-0271-013,2025-11-04,C0271,India,SKU-666,Water Bottle,1,145.57
INV-0271-014,2025-12-07,C0271,India,SKU-414,Notebook Pack,5,39.34
INV-0271-015,2025-02-13,C0271,Germany,SKU-883,Cotton T-Shirt,3,87.66
INV-0271-016,2025-05-06,C0271,India,SKU-112,Coffee Beans 500g,3,75.72
INV-0271-017,2025-12-17,C0271,United Kingdom,SKU-923,LED Bulb,1,506.34
INV-0271-018,2025-02-16,C0271,Germany,SKU-648,Notebook Pack,3,67.1
INV-0271-019,2025-10-29,C0271,United Kingdom,SKU-853,Phone Case,4,126.79
INV-0271-020,2025-05-28,C0271,India,SKU-953,LED Bulb,2,78.63
INV-0271-021,2025-09-26,C0271,India,SKU-936,Cotton T-Shirt,5,89.53
INV-0271-022,2025-10-04,C0271,India,SKU-583,Desk Organizer,2,244.21
INV-0271-023,2025-02-12,C0271,India,SKU-759,Backpack,5,109.28
INV-0271-024,2025-09-27,C0271,India,SKU-333,Wireless Mouse,2,239.06
INV-0271-025,2025-04-29,C0271,Germany,SKU-876,Notebook Pack,5,64.74
INV-0271-026,2025-04-29,C0271,USA,SKU-683,Wireless Mouse,2,184.47
INV-0272-001,2025-02-19,C0272,India,SKU-949,LED Bulb,1,16.24
INV-0272-002,2025-11-04,C0272,India,SKU-258,Water Bottle,3,7.12
INV-0273-001,2025-08-15,C0273,USA,SKU-709,Phone Case,2,15.57
INV-0273-002,2025-10-03,C0273,India,SKU-246,Backpack,5,7.17
INV-0273-003,2025-06-07,C0273,United Kingdom,SKU-794,Backpack,5,5.54
INV-0273-004,2025-09-27,C0273,India,SKU-426,Backpack,3,16.04
INV-0273-005,2025-04-08,C0273,India,SKU-377,Yoga Mat,4,4.65
INV-0273-006,2024-12-22,C0273,India,SKU-890,Cotton T-Shirt,2,6.96
INV-0274-001,2025-08-29,C0274,India,SKU-477,Water Bottle,3,55.58
INV-0274-002,2025-02-02,C0274,India,SKU-522,Water Bottle,5,39.46
INV-0274-003,2025-07-14,C0274,Germany,SKU-183,Coffee Beans 500g,4,31.55
INV-0274-004,2025-03-02,C0274,India,SKU-820,Water Bottle,3,28.14
INV-0274-005,2025-04-28,C0274,India,SKU-599,Backpack,4,40.41
INV-0274-006,2025-10-14,C0274,India,SKU-894,Coffee Beans 500g,3,34.02
INV-0275-001,2025-07-10,C0275,India,SKU-574,Backpack,2,9.77
INV-0275-002,2025-09-16,C0275,United Kingdom,SKU-483,Backpack,5,7.5
INV-0275-003,2025-02-16,C0275,Germany,SKU-893,Water Bottle,2,7.87
INV-0275-004,2025-02-10,C0275,India,SKU-325,Phone Case,2,8.48
INV-0275-005,2025-03-11,C0275,India,SKU-409,Cotton T-Shirt,5,4.28
INV-0276-001,2025-03-16,C0276,United Kingdom,SKU-148,Wireless Mouse,2,13.37
INV-0276-002,2025-05-03,C0276,Germany,SKU-883,Water Bottle,3,8.16
INV-0277-001,2025-01-04,C0277,India,SKU-429,LED Bulb,1,100.35
INV-0277-002,2024-11-15,C0277,USA,SKU-648,Phone Case,5,11.54
INV-0277-003,2024-11-13,C0277,India,SKU-184,Desk Organizer,1,58.51
INV-0277-004,2025-02-01,C0277,United Kingdom,SKU-720,Phone Case,2,56.26
INV-0277-005,2025-02-08,C0277,India,SKU-974,Yoga Mat,1,164.39
INV-0278-001,2025-05-08,C0278,India,SKU-258,Yoga Mat,5,5.88
INV-0278-002,2025-01-23,C0278,United Kingdom,SKU-527,Backpack,5,12.72
INV-0279-001,2025-03-22,C0279,United Kingdom,SKU-415,Notebook Pack,2,75.38
INV-0279-002,2025-04-26,C0279,United Kingdom,SKU-980,Cotton T-Shirt,5,37.75
INV-0279-003,2025-01-18,C0279,United Kingdom,SKU-829,Coffee Beans 500g,5,55.56
INV-0279-004,2024-09-29,C0279,India,SKU-406,Notebook Pack,3,30.15
INV-0279-005,2024-12-05,C0279,United Kingdom,SKU-614,Yoga Mat,2,135.11
INV-0279-006,2024-11-03,C0279,Germany,SKU-721,Desk Organizer,4,36.25
INV-0279-007,2024-08-17,C0279,United Kingdom,SKU-576,LED Bulb,2,105.34
INV-0279-008,2024-08-24,C0279,India,SKU-473,Water Bottle,2,96.08
INV-0280-001,2025-06-19,C0280,India,SKU-982,LED Bulb,5,6.24
INV-0280-002,2025-06-02,C0280,Germany,SKU-634,Phone Case,4,19.78
INV-0281-001,2025-10-01,C0281,Germany,SKU-132,LED Bulb,3,11.69
INV-0281-002,2025-10-23,C0281,India,SKU-309,Notebook Pack,4,9.52
INV-0281-003,2025-01-14,C0281,USA,SKU-715,Wireless Mouse,1,47.93
INV-0281-004,2025-01-13,C0281,India,SKU-370,Notebook Pack,3,18.37
INV-0282-001,2025-10-06,C0282,India,SKU-117,Cotton T-Shirt,2,216.23
INV-0282-002,2025-12-11,C0282,United Kingdom,SKU-352,Phone Case,4,50.45
INV-0282-003,2025-11-04,C0282,USA,SKU-573,Coffee Beans 500g,2,79.94
INV-0282-004,2025-12-05,C0282,United Kingdom,SKU-491,Desk Organizer,5,63.24
INV-0282-005,2025-04-18,C0282,India,SKU-835,Water Bottle,5,42.32
INV-0282-006,2025-07-26,C0282,USA,SKU-952,Backpack,1,355.51
INV-0282-007,2025-07-02,C0282,United Kingdom,SKU-497,LED Bulb,5,29.8
INV-0282-008,2025-10-11,C0282,Germany,SKU-321,LED Bulb,2,186.66
INV-0282-009,2025-10-02,C0282,India,SKU-799,LED Bulb,3,134.49
INV-0282-010,2025-04-18,C0282,India,SKU-252,Phone Case,3,116.28
INV-0282-011,2025-06-05,C0282,Germany,SKU-930,Notebook Pack,1,352.83
INV-0282-012,2025-02-10,C0282,United Kingdom,SKU-924,Backpack,4,97.62
INV-0282-013,2025-11-15,C0282,India,SKU-511,Cotton T-Shirt,5,89.0
INV-0282-014,2025-05-08,C0282,India,SKU-796,Water Bottle,3,105.45
INV-0282-015,2025-03-19,C0282,United Kingdom,SKU-966,Notebook Pack,5,71.33
INV-0282-016,2025-07-12,C0282,India,SKU-503,Backpack,5,56.86
INV-0282-017,2025-05-09,C0282,United Kingdom,SKU-628,Desk Organizer,5,48.81
INV-0282-018,2025-10-14,C0282,India,SKU-414,Desk Organizer,5,65.08
INV-0282-019,2025-08-21,C0282,United Kingdom,SKU-247,Wireless Mouse,5,28.49
INV-0283-001,2025-10-26,C0283,USA,SKU-946,Desk Organizer,5,31.07
INV-0283-002,2025-07-11,C0283,India,SKU-375,Desk Organizer,2,69.21
INV-0283-003,2025-03-04,C0283,India,SKU-295,LED Bulb,3,35.23
INV-0283-004,2025-04-24,C0283,Germany,SKU-164,Water Bottle,3,32.99
INV-0283-005,2025-10-01,C0283,India,SKU-267,Backpack,2,71.98
INV-0283-006,2025-05-04,C0283,India,SKU-940,Cotton T-Shirt,4,43.65
INV-0284-001,2025-06-03,C0284,India,SKU-785,Phone Case,3,5.88
INV-0284-002,2025-06-09,C0284,Germany,SKU-268,Phone Case,2,7.19
INV-0284-003,2025-10-04,C0284,USA,SKU-184,Desk Organizer,5,1.71
INV-0285-001,2025-04-11,C0285,India,SKU-900,Phone Case,5,29.25
INV-0285-002,2025-10-25,C0285,India,SKU-995,Desk Organizer,1,44.16
INV-0285-003,2025-04-02,C0285,India,SKU-420,Wireless Mouse,4,41.8
INV-0285-004,2025-09-16,C0285,United Kingdom,SKU-276,Phone Case,4,17.59
INV-0285-005,2025-03-16,C0285,India,SKU-476,Cotton T-Shirt,2,41.18
INV-0285-006,2025-04-10,C0285,United Kingdom,SKU-402,Desk Organizer,4,23.71
INV-0285-007,2025-08-19,C0285,Germany,SKU-328,Phone Case,2,42.64
INV-0286-001,2025-05-14,C0286,India,SKU-611,Desk Organizer,3,56.6
INV-0286-002,2025-10-22,C0286,Germany,SKU-233,Coffee Beans 500g,3,77.47
INV-0286-003,2025-09-05,C0286,India,SKU-539,Yoga Mat,3,121.65
INV-0286-004,2025-07-23,C0286,Germany,SKU-202,Notebook Pack,3,71.76
INV-0286-005,2025-05-25,C0286,United Kingdom,SKU-887,Desk Organizer,3,102.87
INV-0286-006,2025-04-06,C0286,India,SKU-350,Desk Organizer,4,80.77
INV-0286-007,2025-07-15,C0286,Germany,SKU-384,Coffee Beans 500g,1,328.48
INV-0286-008,2025-10-12,C0286,India,SKU-839,LED Bulb,2,200.19
INV-0286-009,2025-10-29,C0286,India,SKU-989,Yoga Mat,3,93.95
INV-0286-010,2025-04-22,C0286,United Kingdom,SKU-859,Backpack,3,85.5
INV-0286-011,2025-08-25,C0286,India,SKU-995,Cotton T-Shirt,5,24.74
INV-0286-012,2025-07-28,C0286,USA,SKU-337,LED Bulb,5,36.46
INV-0286-013,2025-05-27,C0286,India,SKU-473,Phone Case,4,78.85
INV-0286-014,2025-06-22,C0286,India,SKU-337,Water Bottle,1,177.68
INV-0286-015,2025-03-11,C0286,India,SKU-169,Coffee Beans 500g,2,73.11
INV-0286-016,2025-10-02,C0286,United Kingdom,SKU-769,Desk Organizer,1,324.28
INV-0286-017,2025-05-31,C0286,United Kingdom,SKU-985,Desk Organizer,5,24.37
INV-0286-018,2025-09-23,C0286,India,SKU-651,Notebook Pack,4,51.82
INV-0287-001,2025-03-07,C0287,India,SKU-478,Backpack,5,37.0
INV-0287-002,2024-11-06,C0287,Germany,SKU-346,Notebook Pack,3,16.41
INV-0287-003,2025-01-26,C0287,United Kingdom,SKU-486,Coffee Beans 500g,1,72.17
INV-0287-004,2024-10-04,C0287,Germany,SKU-711,Backpack,4,40.6
INV-0287-005,2025-03-04,C0287,USA,SKU-423,Coffee Beans 500g,1,124.32
INV-0287-006,2025-04-06,C0287,Germany,SKU-992,Notebook Pack,5,29.82
INV-0288-001,2025-05-17,C0288,India,SKU-508,LED Bulb,5,12.2
INV-0288-002,2025-04-09,C0288,United Kingdom,SKU-351,Notebook Pack,5,19.26
INV-0288-003,2025-04-15,C0288,United Kingdom,SKU-506,Water Bottle,1,130.14
INV-0288-004,2025-02-16,C0288,United Kingdom,SKU-230,Phone Case,1,47.49
INV-0288-005,2025-01-12,C0288,USA,SKU-867,Phone Case,4,17.33
INV-0288-006,2025-05-21,C0288,India,SKU-587,Notebook Pack,4,16.01
INV-0288-007,2025-10-12,C0288,India,SKU-986,Phone Case,3,30.81
INV-0288-008,2025-06-08,C0288,India,SKU-634,Desk Organizer,3,25.03
INV-0288-009,2025-01-22,C0288,India,SKU-180,Wireless Mouse,1,45.39
INV-0289-001,2025-03-23,C0289,Germany,SKU-437,Notebook Pack,2,6.75
INV-0289-002,2025-04-13,C0289,India,SKU-504,Coffee Beans 500g,2,17.95
INV-0290-001,2025-04-02,C0290,India,SKU-409,Phone Case,1,30.64
INV-0290-002,2025-01-29,C0290,India,SKU-770,Wireless Mouse,1,19.31
INV-0290-003,2025-07-05,C0290,India,SKU-422,Cotton T-Shirt,3,8.19
INV-0290-004,2025-10-07,C0290,United Kingdom,SKU-101,Coffee Beans 500g,4,5.31
INV-0290-005,2025-05-27,C0290,India,SKU-401,Desk Organizer,3,6.82
INV-0291-001,2025-02-27,C0291,India,SKU-734,Cotton T-Shirt,2,195.94
INV-0291-002,2025-04-08,C0291,USA,SKU-677,Backpack,1,395.22
INV-0291-003,2025-07-16,C0291,Germany,SKU-998,Notebook Pack,5,82.98
INV-0291-004,2025-09-23,C0291,USA,SKU-904,Cotton T-Shirt,4,32.24
INV-0291-005,2025-05-19,C0291,United Kingdom,SKU-253,Yoga Mat,4,56.69
INV-0291-006,2025-02-21,C0291,India,SKU-357,Desk Organizer,3,147.08
INV-0291-007,2025-10-09,C0291,India,SKU-308,Notebook Pack,5,60.82
INV-0291-008,2025-07-20,C0291,India,SKU-904,Cotton T-Shirt,4,59.5
INV-0291-009,2025-11-28,C0291,Germany,SKU-341,LED Bulb,3,70.95
INV-0291-010,2025-05-08,C0291,USA,SKU-808,Cotton T-Shirt,5,70.71
INV-0291-011,2025-09-12,C0291,India,SKU-276,Wireless Mouse,4,38.82
INV-0291-012,2025-06-03,C0291,India,SKU-408,Water Bottle,4,84.54
INV-0291-013,2025-05-12,C0291,United Kingdom,SKU-789,Desk Organizer,5,78.24
INV-0291-014,2025-08-17,C0291,India,SKU-627,Backpack,2,135.71
INV-0291-015,2025-04-22,C0291,India,SKU-766,Phone Case,3,81.74
INV-0292-001,2025-08-12,C0292,USA,SKU-528,Cotton T-Shirt,4,45.63
INV-0292-002,2025-05-04,C0292,Germany,SKU-192,Notebook Pack,3,56.8
INV-0292-003,2025-07-21,C0292,Germany,SKU-198,Coffee Beans 500g,2,35.18
INV-0292-004,2025-06-25,C0292,Germany,SKU-327,Desk Organizer,1,220.57
INV-0292-005,2025-01-08,C0292,India,SKU-954,Cotton T-Shirt,2,74.2
INV-0292-006,2025-10-12,C0292,India,SKU-912,LED Bulb,3,70.37
INV-0293-001,2025-10-31,C0293,India,SKU-584,Cotton T-Shirt,1,61.12
INV-0293-002,2025-04-01,C0293,India,SKU-412,Yoga Mat,3,13.15
INV-0293-003,2025-07-26,C0293,Germany,SKU-968,Coffee Beans 500g,4,21.01
INV-0293-004,2025-04-24,C0293,India,SKU-490,Coffee Beans 500g,4,22.76
INV-0293-005,2025-08-10,C0293,India,SKU-195,Backpack,2,58.4
INV-0293-006,2025-07-27,C0293,India,SKU-476,Backpack,2,47.75
INV-0293-007,2025-09-05,C0293,United Kingdom,SKU-511,Coffee Beans 500g,1,81.91
INV-0293-008,2025-05-07,C0293,Germany,SKU-667,Water Bottle,3,14.08
INV-0293-009,2025-08-09,C0293,India,SKU-155,Backpack,1,124.58
INV-0293-010,2025-03-23,C0293,USA,SKU-669,Coffee Beans 500g,1,81.17
INV-0293-011,2025-08-14,C0293,India,SKU-122,Cotton T-Shirt,5,23.46
INV-0293-012,2025-07-29,C0293,India,SKU-741,Phone Case,4,27.03
INV-0294-001,2025-12-03,C0294,United Kingdom,SKU-893,Cotton T-Shirt,3,36.45
INV-0295-001,2025-07-18,C0295,India,SKU-657,Water Bottle,2,18.18
INV-0295-002,2025-06-10,C0295,India,SKU-538,Water Bottle,4,8.26
INV-0295-003,2025-08-02,C0295,India,SKU-311,Cotton T-Shirt,2,24.09
INV-0295-004,2025-08-14,C0295,India,SKU-334,Phone Case,2,15.69
INV-0296-001,2025-03-24,C0296,India,SKU-824,Phone Case,1,89.16
INV-0296-002,2025-09-09,C0296,United Kingdom,SKU-171,Notebook Pack,4,44.53
INV-0296-003,2025-11-03,C0296,India,SKU-493,Phone Case,1,59.66
INV-0296-004,2025-03-22,C0296,India,SKU-623,Water Bottle,1,108.22
INV-0296-005,2025-10-23,C0296,USA,SKU-602,Water Bottle,2,80.29
INV-0296-006,2025-06-21,C0296,India,SKU-193,Phone Case,5,31.14
INV-0296-007,2025-09-16,C0296,India,SKU-911,Wireless Mouse,3,49.58
INV-0296-008,2025-01-23,C0296,USA,SKU-789,Yoga Mat,1,119.23
INV-0296-009,2025-10-23,C0296,United Kingdom,SKU-508,Water Bottle,2,102.14
INV-0296-010,2025-02-08,C0296,Germany,SKU-452,Phone Case,5,30.78
INV-0297-001,2025-09-13,C0297,United Kingdom,SKU-834,Wireless Mouse,4,7.85
INV-0297-002,2025-01-14,C0297,India,SKU-398,Yoga Mat,3,18.95
INV-0297-003,2025-07-09,C0297,Germany,SKU-696,Coffee Beans 500g,4,16.46
INV-0297-004,2025-11-12,C0297,India,SKU-936,Wireless Mouse,2,14.49
INV-0297-005,2025-10-14,C0297,United Kingdom,SKU-728,Desk Organizer,3,21.1
INV-0297-006,2025-04-25,C0297,India,SKU-872,Wireless Mouse,2,15.06
INV-0298-001,2025-01-23,C0298,India,SKU-165,Coffee Beans 500g,5,4.04
INV-0298-002,2025-08-21,C0298,United Kingdom,SKU-372,Phone Case,1,27.62
INV-0298-003,2025-04-12,C0298,United Kingdom,SKU-950,Desk Organizer,5,4.52
INV-0298-004,2025-04-22,C0298,India,SKU-950,Notebook Pack,4,9.72
INV-0299-001,2025-04-28,C0299,India,SKU-601,Notebook Pack,4,35.69
INV-0299-002,2025-07-09,C0299,India,SKU-873,Yoga Mat,2,25.49
INV-0299-003,2025-08-17,C0299,Germany,SKU-640,LED Bulb,2,33.71
INV-0299-004,2025-08-23,C0299,Germany,SKU-791,Backpack,2,20.74
INV-0299-005,2025-09-07,C0299,United Kingdom,SKU-326,Phone Case,4,13.02
INV-0299-006,2025-03-28,C0299,India,SKU-712,Cotton T-Shirt,1,52.82
INV-0299-007,2025-06-18,C0299,Germany,SKU-322,Backpack,3,40.5
INV-0300-001,2025-08-03,C0300,India,SKU-830,LED Bulb,1,33.26
INV-0300-002,2025-10-14,C0300,United Kingdom,SKU-443,Coffee Beans 500g,2,16.89
INV-0300-003,2025-08-05,C0300,India,SKU-347,Desk Organizer,5,3.86
INV-0300-004,2025-06-10,C0300,India,SKU-714,Coffee Beans 500g,3,13.3
INV-0301-001,2024-08-04,C0301,USA,SKU-821,Water Bottle,1,163.81
INV-0301-002,2025-04-05,C0301,India,SKU-626,LED Bulb,2,76.68
INV-0301-003,2024-11-13,C0301,Germany,SKU-422,Wireless Mouse,1,102.22
INV-0301-004,2025-03-19,C0301,USA,SKU-979,Phone Case,1,132.05
INV-0301-005,2024-08-13,C0301,United Kingdom,SKU-972,Phone Case,4,44.35
INV-0301-006,2024-09-09,C0301,India,SKU-546,Cotton T-Shirt,4,21.72
INV-0302-001,2025-06-04,C0302,India,SKU-433,Backpack,2,61.35
INV-0302-002,2024-12-18,C0302,USA,SKU-766,Wireless Mouse,1,82.0
INV-0302-003,2025-05-30,C0302,United Kingdom,SKU-269,Wireless Mouse,3,37.44
INV-0302-004,2025-07-20,C0302,India,SKU-405,Coffee Beans 500g,3,16.59
INV-0303-001,2025-05-27,C0303,India,SKU-675,Backpack,4,7.25
INV-0303-002,2025-04-04,C0303,India,SKU-340,Backpack,2,5.85
INV-0303-003,2025-07-15,C0303,India,SKU-962,Notebook Pack,4,2.86
INV-0303-004,2025-03-15,C0303,India,SKU-776,Wireless Mouse,5,3.5
INV-0303-005,2025-01-14,C0303,Germany,SKU-170,Backpack,3,4.11
INV-0304-001,2025-02-26,C0304,United Kingdom,SKU-369,Cotton T-Shirt,1,46.54
INV-0304-002,2024-11-15,C0304,Germany,SKU-348,Yoga Mat,4,33.49
INV-0304-003,2025-01-22,C0304,Germany,SKU-492,Cotton T-Shirt,3,29.29
INV-0304-004,2025-01-01,C0304,Germany,SKU-320,Wireless Mouse,1,124.71
INV-0304-005,2024-10-12,C0304,United Kingdom,SKU-884,LED Bulb,5,18.78
INV-0304-006,2024-08-07,C0304,India,SKU-711,Yoga Mat,3,53.97
INV-0304-007,2024-10-12,C0304,USA,SKU-593,Notebook Pack,3,47.45
INV-0305-001,2025-04-29,C0305,India,SKU-328,Water Bottle,2,115.53
INV-0305-002,2025-10-22,C0305,United Kingdom,SKU-140,Cotton T-Shirt,2,84.34
INV-0305-003,2025-08-13,C0305,United Kingdom,SKU-748,Notebook Pack,4,22.94
INV-0305-004,2025-11-04,C0305,Germany,SKU-699,Notebook Pack,4,24.47
INV-0305-005,2025-10-03,C0305,India,SKU-354,Wireless Mouse,2,64.26
INV-0305-006,2025-06-08,C0305,United Kingdom,SKU-922,Cotton T-Shirt,1,225.84
INV-0305-007,2025-05-10,C0305,India,SKU-281,Coffee Beans 500g,1,107.89
INV-0305-008,2025-02-10,C0305,United Kingdom,SKU-682,Cotton T-Shirt,1,191.82
INV-0305-009,2025-08-05,C0305,USA,SKU-978,Notebook Pack,4,59.11
INV-0305-010,2025-11-15,C0305,United Kingdom,SKU-691,Cotton T-Shirt,2,167.14
INV-0305-011,2025-10-10,C0305,Germany,SKU-790,Desk Organizer,4,68.5
INV-0305-012,2025-03-26,C0305,United Kingdom,SKU-683,Wireless Mouse,3,54.15
INV-0305-013,2025-07-25,C0305,United Kingdom,SKU-315,LED Bulb,5,52.31
INV-0305-014,2025-03-26,C0305,India,SKU-956,Desk Organizer,2,48.02
INV-0305-015,2025-12-02,C0305,India,SKU-136,Desk Organizer,5,51.48
INV-0305-016,2025-08-06,C0305,USA,SKU-358,LED Bulb,3,87.65
INV-0305-017,2025-09-22,C0305,USA,SKU-269,Wireless Mouse,5,33.2
INV-0305-018,2025-03-13,C0305,United Kingdom,SKU-511,Yoga Mat,5,32.7
INV-0305-019,2025-09-07,C0305,USA,SKU-564,Notebook Pack,2,71.56
INV-0306-001,2025-04-24,C0306,USA,SKU-612,Phone Case,1,146.36
INV-0306-002,2025-07-16,C0306,India,SKU-843,Backpack,2,83.55
INV-0306-003,2025-03-01,C0306,United Kingdom,SKU-792,Yoga Mat,2,90.08
INV-0306-004,2025-01-25,C0306,Germany,SKU-460,LED Bulb,5,30.0
INV-0306-005,2025-08-05,C0306,USA,SKU-650,LED Bulb,5,14.88
INV-0306-006,2025-10-05,C0306,United Kingdom,SKU-879,Desk Organizer,5,23.97
INV-0306-007,2025-07-21,C0306,USA,SKU-371,Phone Case,4,43.45
INV-0307-001,2025-08-28,C0307,USA,SKU-702,Backpack,3,19.61
INV-0307-002,2025-11-08,C0307,India,SKU-608,Cotton T-Shirt,2,21.42
INV-0308-001,2025-08-30,C0308,Germany,SKU-352,Desk Organizer,3,125.38
INV-0308-002,2025-10-12,C0308,Germany,SKU-541,Backpack,1,247.74
INV-0308-003,2025-06-09,C0308,India,SKU-736,Water Bottle,2,204.61
INV-0308-004,2025-12-04,C0308,India,SKU-444,Desk Organizer,5,29.07
INV-0308-005,2025-07-30,C0308,India,SKU-724,Water Bottle,2,205.91
INV-0308-006,2025-11-27,C0308,United Kingdom,SKU-917,Wireless Mouse,1,413.03
INV-0308-007,2025-06-26,C0308,United Kingdom,SKU-393,Water Bottle,1,136.66
INV-0308-008,2025-09-07,C0308,United Kingdom,SKU-268,Backpack,4,71.5
INV-0308-009,2025-02-14,C0308,India,SKU-395,Wireless Mouse,3,113.35
INV-0308-010,2025-09-09,C0308,USA,SKU-831,Backpack,1,405.12
INV-0308-011,2025-03-03,C0308,India,SKU-551,Phone Case,2,78.56
INV-0308-012,2025-08-25,C0308,Germany,SKU-414,Coffee Beans 500g,5,23.55
INV-0308-013,2025-05-01,C0308,India,SKU-673,LED Bulb,1,158.81
INV-0308-014,2025-07-16,C0308,India,SKU-486,Desk Organizer,5,82.94
INV-0308-015,2025-05-30,C0308,India,SKU-445,Coffee Beans 500g,3,64.09
INV-0308-016,2025-07-01,C0308,United Kingdom,SKU-148,Yoga Mat,2,202.14
INV-0308-017,2025-05-24,C0308,India,SKU-830,Cotton T-Shirt,3,79.31
INV-0308-018,2025-05-23,C0308,India,SKU-393,LED Bulb,5,63.3
INV-0308-019,2025-04-15,C0308,USA,SKU-444,Cotton T-Shirt,5,36.62
INV-0308-020,2025-11-12,C0308,India,SKU-998,LED Bulb,1,390.76
INV-0308-021,2025-06-19,C0308,Germany,SKU-686,Notebook Pack,3,77.83
INV-0308-022,2025-08-21,C0308,Germany,SKU-655,Backpack,1,181.23
INV-0309-001,2025-02-19,C0309,USA,SKU-380,Cotton T-Shirt,5,31.0
INV-0309-002,2025-11-25,C0309,India,SKU-446,Phone Case,3,59.27
INV-0309-003,2025-06-11,C0309,India,SKU-311,Phone Case,5,36.09
INV-0309-004,2025-08-23,C0309,India,SKU-620,Cotton T-Shirt,3,24.51
INV-0309-005,2025-05-13,C0309,India,SKU-127,Phone Case,5,27.16
INV-0309-006,2025-06-25,C0309,United Kingdom,SKU-780,Desk Organizer,1,190.38
INV-0309-007,2025-08-19,C0309,India,SKU-743,Wireless Mouse,4,26.03
INV-0309-008,2025-04-06,C0309,India,SKU-312,LED Bulb,2,29.65
INV-0309-009,2025-08-15,C0309,India,SKU-598,Notebook Pack,2,27.55
INV-0309-010,2025-05-01,C0309,Germany,SKU-161,Wireless Mouse,1,88.53
INV-0310-001,2025-02-10,C0310,India,SKU-849,LED Bulb,2,83.22
INV-0310-002,2024-07-14,C0310,Germany,SKU-244,Phone Case,3,57.66
INV-0310-003,2025-02-17,C0310,United Kingdom,SKU-104,Water Bottle,1,346.86
INV-0310-004,2024-09-24,C0310,India,SKU-553,Yoga Mat,2,73.67
INV-0310-005,2024-09-19,C0310,United Kingdom,SKU-419,Yoga Mat,5,66.51
INV-0310-006,2025-04-24,C0310,India,SKU-916,Desk Organizer,2,92.44
INV-0310-007,2024-12-18,C0310,India,SKU-475,Notebook Pack,5,52.05
INV-0310-008,2024-07-11,C0310,Germany,SKU-809,Yoga Mat,3,59.05
INV-0310-009,2024-10-09,C0310,India,SKU-103,Wireless Mouse,2,100.32
INV-0311-001,2024-12-25,C0311,India,SKU-237,Notebook Pack,2,29.65
INV-0311-002,2025-05-22,C0311,India,SKU-898,Backpack,3,34.55
INV-0311-003,2025-02-19,C0311,India,SKU-544,Backpack,3,33.53
INV-0311-004,2024-10-17,C0311,India,SKU-531,Water Bottle,3,35.22
INV-0311-005,2024-11-23,C0311,India,SKU-678,Desk Organizer,4,28.38
INV-0311-006,2025-05-31,C0311,India,SKU-745,Water Bottle,3,23.61
INV-0311-007,2024-11-04,C0311,India,SKU-698,Desk Organizer,2,44.13
INV-0312-001,2024-12-06,C0312,India,SKU-673,Phone Case,2,10.16
INV-0312-002,2025-08-17,C0312,India,SKU-565,Wireless Mouse,1,30.51
INV-0312-003,2024-10-30,C0312,India,SKU-973,Notebook Pack,4,12.58
INV-0313-001,2025-12-12,C0313,India,SKU-699,Cotton T-Shirt,3,148.59
INV-0313-002,2025-12-14,C0313,USA,SKU-656,Backpack,5,97.35
INV-0313-003,2025-08-17,C0313,USA,SKU-133,Yoga Mat,5,63.93
INV-0313-004,2025-03-25,C0313,United Kingdom,SKU-813,Wireless Mouse,3,98.86
INV-0313-005,2025-11-15,C0313,India,SKU-144,Phone Case,4,75.07
INV-0313-006,2025-11-15,C0313,Germany,SKU-794,LED Bulb,5,104.59
INV-0313-007,2025-09-02,C0313,India,SKU-438,Notebook Pack,5,39.87
INV-0313-008,2025-10-24,C0313,India,SKU-271,Water Bottle,1,413.57
INV-0313-009,2025-08-26,C0313,India,SKU-240,Yoga Mat,5,52.13
INV-0313-010,2025-10-11,C0313,United Kingdom,SKU-305,Yoga Mat,5,88.92
INV-0313-011,2025-09-29,C0313,Germany,SKU-290,Yoga Mat,5,29.32
INV-0313-012,2025-10-01,C0313,Germany,SKU-345,Wireless Mouse,3,97.36
INV-0313-013,2025-05-20,C0313,United Kingdom,SKU-214,Phone Case,4,46.75
INV-0313-014,2025-09-24,C0313,India,SKU-383,Notebook Pack,1,204.07
INV-0313-015,2025-12-29,C0313,United Kingdom,SKU-123,Yoga Mat,2,163.43
INV-0313-016,2025-07-24,C0313,United Kingdom,SKU-635,Yoga Mat,2,195.87
INV-0313-017,2025-04-23,C0313,USA,SKU-455,Yoga Mat,5,98.42
INV-0314-001,2025-03-12,C0314,United Kingdom,SKU-368,LED Bulb,3,52.74
INV-0314-002,2025-05-30,C0314,USA,SKU-728,Cotton T-Shirt,2,109.54
INV-0314-003,2025-06-24,C0314,United Kingdom,SKU-853,Desk Organizer,3,72.82
INV-0314-004,2025-12-04,C0314,United Kingdom,SKU-798,Phone Case,5,38.81
INV-0314-005,2025-11-13,C0314,India,SKU-253,LED Bulb,4,52.9
INV-0314-006,2025-11-20,C0314,USA,SKU-153,Water Bottle,4,21.09
INV-0315-001,2025-06-05,C0315,United Kingdom,SKU-837,Backpack,2,26.45
INV-0315-002,2025-09-27,C0315,India,SKU-607,Cotton T-Shirt,3,22.7
INV-0315-003,2025-10-16,C0315,Germany,SKU-308,Backpack,2,51.02
INV-0315-004,2025-08-24,C0315,United Kingdom,SKU-824,LED Bulb,1,61.58
INV-0315-005,2025-10-08,C0315,United Kingdom,SKU-997,Desk Organizer,2,74.21
INV-0315-006,2025-08-29,C0315,United Kingdom,SKU-981,Backpack,5,16.31
INV-0315-007,2025-10-28,C0315,India,SKU-515,Yoga Mat,5,8.59
INV-0315-008,2025-06-30,C0315,USA,SKU-781,Wireless Mouse,1,114.69
INV-0316-001,2025-04-17,C0316,United Kingdom,SKU-276,Notebook Pack,3,218.24
INV-0316-002,2025-08-31,C0316,India,SKU-835,Coffee Beans 500g,2,234.95
INV-0316-003,2025-04-30,C0316,Germany,SKU-293,Backpack,2,216.66
INV-0316-004,2025-05-21,C0316,India,SKU-357,Wireless Mouse,4,71.94
INV-0316-005,2025-09-09,C0316,India,SKU-891,Coffee Beans 500g,3,162.45
INV-0316-006,2025-07-05,C0316,United Kingdom,SKU-220,LED Bulb,5,37.32
INV-0316-007,2025-12-07,C0316,USA,SKU-417,LED Bulb,3,86.8
INV-0316-008,2025-02-08,C0316,India,SKU-121,Phone Case,4,130.38
INV-0316-009,2025-06-16,C0316,United Kingdom,SKU-604,Notebook Pack,4,91.46
INV-0316-010,2025-05-02,C0316,USA,SKU-758,LED Bulb,5,117.98
INV-0316-011,2025-07-16,C0316,India,SKU-139,Backpack,3,198.13
INV-0316-012,2025-09-28,C0316,India,SKU-182,Water Bottle,5,60.26
INV-0317-001,2025-12-17,C0317,India,SKU-433,Coffee Beans 500g,5,13.29
INV-0317-002,2025-04-03,C0317,India,SKU-673,Phone Case,3,23.65
INV-0317-003,2025-10-20,C0317,United Kingdom,SKU-348,Yoga Mat,4,17.17
INV-0317-004,2025-09-04,C0317,India,SKU-346,Backpack,4,11.22
INV-0317-005,2025-11-10,C0317,India,SKU-921,LED Bulb,1,113.99
INV-0317-006,2025-03-16,C0317,India,SKU-650,Yoga Mat,2,50.02
INV-0317-007,2025-03-04,C0317,India,SKU-566,Water Bottle,1,47.7
INV-0317-008,2025-10-26,C0317,India,SKU-349,Backpack,5,13.67
INV-0318-001,2025-03-08,C0318,United Kingdom,SKU-667,Notebook Pack,2,70.74
INV-0318-002,2025-05-03,C0318,India,SKU-543,Cotton T-Shirt,4,30.94
INV-0318-003,2025-11-10,C0318,India,SKU-704,Phone Case,1,77.17
INV-0318-004,2025-09-11,C0318,India,SKU-472,LED Bulb,2,61.57
INV-0318-005,2025-03-26,C0318,India,SKU-700,Notebook Pack,4,31.57
INV-0318-006,2025-03-06,C0318,India,SKU-622,Coffee Beans 500g,2,19.18
INV-0318-007,2025-12-05,C0318,India,SKU-936,Water Bottle,4,31.45
INV-0318-008,2025-11-29,C0318,United Kingdom,SKU-469,Cotton T-Shirt,2,55.25
INV-0318-009,2025-02-08,C0318,India,SKU-573,Phone Case,3,48.52
INV-0318-010,2025-06-04,C0318,India,SKU-295,Phone Case,2,60.39
INV-0319-001,2025-08-12,C0319,India,SKU-371,Backpack,2,62.07
INV-0319-002,2025-09-04,C0319,India,SKU-395,Yoga Mat,3,22.43
INV-0319-003,2025-02-26,C0319,Germany,SKU-844,Wireless Mouse,1,98.23
INV-0319-004,2025-04-29,C0319,India,SKU-458,Water Bottle,5,19.08
INV-0319-005,2025-11-16,C0319,United Kingdom,SKU-284,Yoga Mat,3,20.16
INV-0319-006,2025-09-30,C0319,India,SKU-189,Wireless Mouse,3,48.12
INV-0319-007,2025-11-21,C0319,India,SKU-878,Backpack,2,90.52
INV-0319-008,2025-06-06,C0319,United Kingdom,SKU-698,Cotton T-Shirt,2,56.82
INV-0319-009,2025-11-29,C0319,India,SKU-451,Notebook Pack,1,80.78
INV-0319-010,2025-04-22,C0319,USA,SKU-858,Desk Organizer,1,82.74
INV-0320-001,2025-04-18,C0320,India,SKU-977,Notebook Pack,3,3.77
INV-0320-002,2025-08-19,C0320,USA,SKU-957,Water Bottle,4,3.26
INV-0320-003,2025-07-23,C0320,United Kingdom,SKU-269,Coffee Beans 500g,3,6.9
INV-0320-004,2025-05-12,C0320,Germany,SKU-736,Phone Case,3,5.67
INV-0320-005,2025-01-16,C0320,USA,SKU-313,Coffee Beans 500g,3,10.02
INV-0320-006,2025-10-10,C0320,India,SKU-482,Cotton T-Shirt,4,8.22
INV-0321-001,2024-11-18,C0321,USA,SKU-217,Backpack,2,6.73
INV-0321-002,2025-05-20,C0321,India,SKU-404,Notebook Pack,2,14.9
INV-0321-003,2024-11-28,C0321,India,SKU-986,Backpack,1,31.01
INV-0321-004,2025-05-01,C0321,India,SKU-184,Desk Organizer,4,7.19
INV-0321-005,2025-08-30,C0321,United Kingdom,SKU-955,Coffee Beans 500g,1,10.77
INV-0321-006,2025-02-22,C0321,United Kingdom,SKU-621,Wireless Mouse,3,3.57
INV-0322-001,2025-02-19,C0322,United Kingdom,SKU-534,LED Bulb,4,9.45
INV-0322-002,2025-08-13,C0322,India,SKU-642,Coffee Beans 500g,1,82.39
INV-0322-003,2025-09-13,C0322,Germany,SKU-141,Backpack,4,21.45
INV-0322-004,2025-02-05,C0322,India,SKU-346,Notebook Pack,2,58.56
INV-0322-005,2025-09-14,C0322,Germany,SKU-974,Backpack,3,28.52
INV-0322-006,2025-08-23,C0322,Germany,SKU-900,Yoga Mat,3,39.51
INV-0323-001,2025-08-01,C0323,India,SKU-988,Backpack,1,45.31
INV-0324-001,2025-09-03,C0324,India,SKU-313,Desk Organizer,2,96.05
INV-0324-002,2025-10-18,C0324,Germany,SKU-409,Yoga Mat,5,35.53
INV-0324-003,2025-08-20,C0324,United Kingdom,SKU-331,Notebook Pack,2,80.33
INV-0324-004,2025-06-27,C0324,India,SKU-293,Water Bottle,3,57.94
INV-0324-005,2025-10-24,C0324,India,SKU-542,Phone Case,4,23.95
INV-0324-006,2025-09-13,C0324,India,SKU-467,Phone Case,3,17.12
INV-0324-007,2025-06-13,C0324,Germany,SKU-864,Desk Organizer,1,68.74
INV-0324-008,2025-10-01,C0324,India,SKU-111,Water Bottle,5,28.53
INV-0325-001,2025-09-05,C0325,India,SKU-570,Water Bottle,2,6.95
INV-0325-002,2025-09-14,C0325,India,SKU-693,Phone Case,4,5.16
INV-0326-001,2025-07-01,C0326,India,SKU-683,Water Bottle,3,46.9
INV-0326-002,2025-10-07,C0326,India,SKU-973,Yoga Mat,3,28.54
INV-0326-003,2025-08-29,C0326,India,SKU-976,LED Bulb,5,8.17
INV-0326-004,2025-10-20,C0326,India,SKU-353,Coffee Beans 500g,3,33.97
INV-0326-005,2025-06-01,C0326,United Kingdom,SKU-140,Backpack,2,41.65
INV-0326-006,2025-03-30,C0326,India,SKU-368,Backpack,1,88.14
INV-0326-007,2025-10-02,C0326,India,SKU-894,LED Bulb,4,36.27
INV-0326-008,2025-07-08,C0326,Germany,SKU-922,Phone Case,5,8.33
INV-0326-009,2025-08-04,C0326,India,SKU-277,Wireless Mouse,5,7.72
INV-0326-010,2025-02-04,C0326,India,SKU-482,Cotton T-Shirt,1,52.6
INV-0327-001,2025-02-14,C0327,United Kingdom,SKU-364,Notebook Pack,1,151.35
INV-0327-002,2025-04-21,C0327,USA,SKU-689,Coffee Beans 500g,1,161.03
INV-0327-003,2025-07-06,C0327,USA,SKU-838,LED Bulb,3,24.02
INV-0327-004,2025-03-07,C0327,Germany,SKU-648,Desk Organizer,3,52.16
INV-0327-005,2025-04-23,C0327,India,SKU-229,Backpack,3,43.68
INV-0327-006,2025-08-10,C0327,Germany,SKU-907,Desk Organizer,3,40.47
INV-0327-007,2025-08-27,C0327,Germany,SKU-716,Water Bottle,1,171.17
INV-0328-001,2024-10-22,C0328,India,SKU-354,Coffee Beans 500g,3,52.4
INV-0328-002,2024-10-27,C0328,India,SKU-159,Water Bottle,3,26.56
INV-0328-003,2025-05-01,C0328,Germany,SKU-823,Phone Case,5,18.25
INV-0328-004,2025-01-13,C0328,India,SKU-793,Yoga Mat,1,191.69
INV-0328-005,2024-12-15,C0328,USA,SKU-815,Water Bottle,4,42.92
INV-0328-006,2025-03-10,C0328,India,SKU-918,LED Bulb,3,50.08
INV-0329-001,2024-12-05,C0329,India,SKU-458,Desk Organizer,3,63.13
INV-0329-002,2024-10-26,C0329,India,SKU-402,Water Bottle,5,24.8
INV-0329-003,2025-04-01,C0329,India,SKU-427,Backpack,2,86.11
INV-0329-004,2025-06-23,C0329,United Kingdom,SKU-869,Cotton T-Shirt,4,47.42
INV-0329-005,2024-11-22,C0329,United Kingdom,SKU-182,LED Bulb,1,63.09
INV-0329-006,2025-07-09,C0329,India,SKU-197,Coffee Beans 500g,2,99.61
INV-0329-007,2025-02-17,C0329,India,SKU-693,Water Bottle,4,40.1
INV-0329-008,2025-01-27,C0329,USA,SKU-981,Desk Organizer,1,87.45
INV-0330-001,2024-11-13,C0330,United Kingdom,SKU-126,Notebook Pack,3,48.76
INV-0330-002,2024-11-05,C0330,India,SKU-567,Coffee Beans 500g,5,29.56
INV-0330-003,2025-08-15,C0330,India,SKU-852,Yoga Mat,1,102.29
INV-0330-004,2025-05-20,C0330,India,SKU-399,Phone Case,2,52.32
INV-0331-001,2025-08-28,C0331,USA,SKU-576,LED Bulb,4,12.61
INV-0332-001,2025-06-17,C0332,India,SKU-205,Cotton T-Shirt,4,101.41
INV-0332-002,2025-11-21,C0332,United Kingdom,SKU-329,Wireless Mouse,4,102.23
INV-0332-003,2025-04-03,C0332,India,SKU-446,Wireless Mouse,4,117.14
INV-0332-004,2025-10-20,C0332,United Kingdom,SKU-371,Cotton T-Shirt,2,106.89
INV-0332-005,2025-08-24,C0332,Germany,SKU-993,Water Bottle,1,485.09
INV-0332-006,2025-04-24,C0332,India,SKU-798,Notebook Pack,3,96.88
INV-0332-007,2025-03-03,C0332,USA,SKU-425,Phone Case,1,480.84
INV-0332-008,2025-05-12,C0332,United Kingdom,SKU-874,Desk Organizer,2,217.49
INV-0332-009,2025-07-31,C0332,India,SKU-123,Wireless Mouse,5,51.66
INV-0332-010,2025-05-07,C0332,USA,SKU-857,Cotton T-Shirt,2,169.11
INV-0332-011,2025-12-06,C0332,USA,SKU-487,LED Bulb,3,90.18
INV-0332-012,2025-03-17,C0332,USA,SKU-211,LED Bulb,1,208.98
INV-0333-001,2025-09-05,C0333,India,SKU-586,Cotton T-Shirt,3,35.25
INV-0333-002,2025-05-08,C0333,USA,SKU-924,LED Bulb,4,64.86
INV-0333-003,2025-11-21,C0333,United Kingdom,SKU-384,LED Bulb,5,75.83
INV-0333-004,2025-10-12,C0333,USA,SKU-493,Coffee Beans 500g,2,186.5
INV-0333-005,2025-11-23,C0333,India,SKU-890,Water Bottle,2,158.23
INV-0333-006,2025-04-01,C0333,India,SKU-279,Water Bottle,5,26.42
INV-0333-007,2025-08-07,C0333,USA,SKU-642,Coffee Beans 500g,3,46.98
INV-0333-008,2025-07-28,C0333,USA,SKU-569,LED Bulb,3,127.65
INV-0333-009,2025-02-15,C0333,India,SKU-267,LED Bulb,1,211.77
INV-0333-010,2025-06-05,C0333,United Kingdom,SKU-650,Notebook Pack,4,70.46
INV-0333-011,2025-03-15,C0333,Germany,SKU-418,Yoga Mat,3,129.09
INV-0333-012,2025-02-22,C0333,United Kingdom,SKU-770,Yoga Mat,5,61.3
INV-0333-013,2025-03-22,C0333,India,SKU-483,Wireless Mouse,2,190.94
INV-0333-014,2025-02-11,C0333,United Kingdom,SKU-933,Desk Organizer,1,293.01
INV-0333-015,2025-07-07,C0333,United Kingdom,SKU-596,Coffee Beans 500g,3,94.89
INV-0333-016,2025-05-28,C0333,United Kingdom,SKU-428,Notebook Pack,2,54.39
INV-0333-017,2025-12-06,C0333,United Kingdom,SKU-539,Notebook Pack,5,39.36
INV-0333-018,2025-12-04,C0333,United Kingdom,SKU-499,Notebook Pack,2,102.46
INV-0333-019,2025-03-22,C0333,India,SKU-138,Phone Case,1,146.68
INV-0333-020,2025-09-22,C0333,India,SKU-115,LED Bulb,5,22.1
INV-0333-021,2025-12-11,C0333,India,SKU-563,Coffee Beans 500g,4,30.16
INV-0333-022,2025-02-28,C0333,Germany,SKU-387,Cotton T-Shirt,5,73.83
INV-0333-023,2025-05-30,C0333,USA,SKU-847,Coffee Beans 500g,4,62.99
INV-0333-024,2025-03-15,C0333,India,SKU-328,Backpack,1,131.45
INV-0333-025,2025-05-02,C0333,India,SKU-132,Wireless Mouse,1,270.97
INV-0333-026,2025-02-20,C0333,United Kingdom,SKU-362,Notebook Pack,4,52.11
INV-0334-001,2025-02-20,C0334,India,SKU-348,Water Bottle,5,83.23
INV-0334-002,2025-04-19,C0334,USA,SKU-931,Yoga Mat,3,46.44
INV-0334-003,2025-10-07,C0334,USA,SKU-732,Yoga Mat,5,65.95
INV-0334-004,2025-12-13,C0334,India,SKU-920,Cotton T-Shirt,3,68.32
INV-0334-005,2025-02-12,C0334,India,SKU-370,Water Bottle,2,243.65
INV-0334-006,2025-02-22,C0334,United Kingdom,SKU-695,Water Bottle,1,332.1
INV-0334-007,2025-10-04,C0334,USA,SKU-211,Cotton T-Shirt,1,456.49
INV-0334-008,2025-03-06,C0334,India,SKU-844,Cotton T-Shirt,1,217.23
INV-0334-009,2025-05-29,C0334,United Kingdom,SKU-680,Desk Organizer,3,78.98
INV-0334-010,2025-07-14,C0334,United Kingdom,SKU-760,Coffee Beans 500g,3,161.82
INV-0334-011,2025-10-16,C0334,United Kingdom,SKU-827,LED Bulb,1,352.4
INV-0334-012,2025-07-24,C0334,India,SKU-363,Coffee Beans 500g,5,89.86
INV-0334-013,2025-02-25,C0334,India,SKU-909,Water Bottle,5,62.47
INV-0334-014,2025-05-30,C0334,India,SKU-515,Coffee Beans 500g,2,101.0
INV-0334-015,2025-05-09,C0334,India,SKU-640,Water Bottle,2,181.74
INV-0335-001,2025-01-27,C0335,United Kingdom,SKU-594,Notebook Pack,1,137.51
INV-0335-002,2024-09-26,C0335,India,SKU-209,Water Bottle,1,174.67
INV-0335-003,2025-06-22,C0335,United Kingdom,SKU-163,Coffee Beans 500g,1,86.75
INV-0335-004,2024-09-14,C0335,India,SKU-445,Yoga Mat,5,21.67
INV-0335-005,2024-11-26,C0335,USA,SKU-706,Notebook Pack,1,282.51
INV-0335-006,2025-05-02,C0335,India,SKU-723,Notebook Pack,3,34.55
INV-0335-007,2025-04-29,C0335,USA,SKU-704,Notebook Pack,2,116.99
INV-0336-001,2025-06-15,C0336,India,SKU-652,Yoga Mat,1,483.6
INV-0336-002,2025-06-08,C0336,India,SKU-183,Backpack,2,162.38
INV-0336-003,2025-11-18,C0336,India,SKU-731,LED Bulb,3,78.89
INV-0336-004,2025-05-08,C0336,India,SKU-461,Notebook Pack,2,203.12
INV-0336-005,2025-04-07,C0336,India,SKU-618,Backpack,4,44.24
INV-0336-006,2025-03-18,C0336,India,SKU-130,Water Bottle,4,149.07
INV-0336-007,2025-11-24,C0336,India,SKU-827,Notebook Pack,4,56.26
INV-0336-008,2025-09-16,C0336,United Kingdom,SKU-244,Backpack,5,97.63
INV-0336-009,2025-06-09,C0336,India,SKU-153,Backpack,2,98.4
INV-0336-010,2025-08-12,C0336,Germany,SKU-594,Desk Organizer,4,45.3
INV-0336-011,2025-02-23,C0336,India,SKU-673,Backpack,2,202.86
INV-0336-012,2025-10-28,C0336,India,SKU-494,Phone Case,2,243.84
INV-0336-013,2025-09-19,C0336,Germany,SKU-883,Cotton T-Shirt,5,107.47
INV-0336-014,2025-05-07,C0336,India,SKU-718,Desk Organizer,3,140.17
INV-0336-015,2025-09-14,C0336,India,SKU-576,Phone Case,2,83.88
INV-0336-016,2025-04-24,C0336,Germany,SKU-278,Phone Case,1,359.05
INV-0336-017,2025-07-16,C0336,India,SKU-764,Water Bottle,3,122.64
INV-0336-018,2025-02-24,C0336,India,SKU-765,Yoga Mat,4,95.28
INV-0336-019,2025-12-05,C0336,India,SKU-150,Phone Case,2,201.15
INV-0336-020,2025-03-04,C0336,India,SKU-344,Desk Organizer,5,61.95
INV-0336-021,2025-07-10,C0336,India,SKU-489,Cotton T-Shirt,2,319.05
INV-0336-022,2025-09-10,C0336,India,SKU-560,Wireless Mouse,4,115.46
INV-0337-001,2025-04-25,C0337,United Kingdom,SKU-327,Wireless Mouse,3,43.45
INV-0337-002,2025-04-29,C0337,United Kingdom,SKU-327,Notebook Pack,3,17.21
INV-0337-003,2025-01-29,C0337,USA,SKU-602,Wireless Mouse,4,27.71
INV-0337-004,2025-09-03,C0337,India,SKU-384,Desk Organizer,3,29.42
INV-0337-005,2025-04-10,C0337,India,SKU-603,LED Bulb,4,32.39
INV-0337-006,2025-10-20,C0337,India,SKU-765,Coffee Beans 500g,4,13.87
INV-0337-007,2025-04-14,C0337,India,SKU-370,Desk Organizer,4,23.99
INV-0337-008,2025-02-18,C0337,USA,SKU-943,LED Bulb,4,24.82
INV-0337-009,2025-07-11,C0337,United Kingdom,SKU-184,Coffee Beans 500g,1,179.15
INV-0337-010,2025-05-28,C0337,India,SKU-423,Water Bottle,2,55.08
INV-0337-011,2025-11-28,C0337,India,SKU-640,Yoga Mat,1,69.02
INV-0337-012,2025-05-21,C0337,India,SKU-443,LED Bulb,5,12.28
INV-0337-013,2025-02-09,C0337,India,SKU-388,Backpack,2,31.84
INV-0338-001,2025-06-28,C0338,India,SKU-711,Backpack,5,19.08
INV-0339-001,2025-06-17,C0339,India,SKU-217,Cotton T-Shirt,5,3.35
INV-0339-002,2025-07-06,C0339,India,SKU-678,Yoga Mat,1,12.48
INV-0339-003,2025-06-24,C0339,Germany,SKU-767,Desk Organizer,1,36.98
INV-0339-004,2025-02-09,C0339,India,SKU-578,Coffee Beans 500g,4,7.94
INV-0339-005,2025-06-29,C0339,India,SKU-715,Cotton T-Shirt,4,4.47
INV-0340-001,2025-09-30,C0340,India,SKU-518,Yoga Mat,3,32.3
INV-0340-002,2025-12-20,C0340,India,SKU-525,Yoga Mat,5,14.84
INV-0341-001,2025-04-11,C0341,USA,SKU-684,Backpack,1,58.99
INV-0341-002,2025-11-19,C0341,India,SKU-829,Wireless Mouse,1,17.25
INV-0341-003,2025-02-26,C0341,India,SKU-932,Wireless Mouse,1,19.07
INV-0341-004,2025-07-01,C0341,India,SKU-128,LED Bulb,2,18.73
INV-0341-005,2025-11-18,C0341,India,SKU-553,Backpack,4,7.05
INV-0341-006,2025-07-12,C0341,India,SKU-215,Cotton T-Shirt,2,27.8
INV-0342-001,2025-02-18,C0342,India,SKU-807,Cotton T-Shirt,3,19.84
INV-0342-002,2025-02-02,C0342,India,SKU-470,Yoga Mat,1,45.78
INV-0343-001,2025-06-26,C0343,India,SKU-700,LED Bulb,5,19.48
INV-0343-002,2025-11-06,C0343,India,SKU-319,Wireless Mouse,3,38.6
INV-0343-003,2025-10-29,C0343,Germany,SKU-607,Wireless Mouse,1,117.78
INV-0343-004,2025-04-03,C0343,India,SKU-201,Wireless Mouse,3,31.44
INV-0343-005,2025-07-20,C0343,Germany,SKU-963,Wireless Mouse,1,96.17
INV-0343-006,2025-08-24,C0343,India,SKU-322,Coffee Beans 500g,1,74.2
INV-0343-007,2025-04-15,C0343,India,SKU-989,Water Bottle,2,21.91
INV-0343-008,2025-06-22,C0343,USA,SKU-855,Desk Organizer,3,38.65
INV-0343-009,2025-06-28,C0343,United Kingdom,SKU-932,Backpack,5,9.23
INV-0344-001,2025-11-07,C0344,India,SKU-757,Cotton T-Shirt,1,50.94
INV-0344-002,2025-06-14,C0344,USA,SKU-611,LED Bulb,4,19.63
INV-0345-001,2025-03-09,C0345,USA,SKU-165,Phone Case,2,4.73
INV-0345-002,2025-07-14,C0345,Germany,SKU-124,Yoga Mat,5,1.72
INV-0345-003,2025-07-05,C0345,India,SKU-401,Yoga Mat,5,3.36
INV-0346-001,2025-02-18,C0346,United Kingdom,SKU-799,Coffee Beans 500g,2,14.48
INV-0346-002,2025-12-01,C0346,India,SKU-396,Wireless Mouse,1,15.88
INV-0346-003,2025-07-14,C0346,India,SKU-169,Wireless Mouse,1,30.71
INV-0346-004,2025-04-07,C0346,India,SKU-196,Coffee Beans 500g,1,23.16
INV-0346-005,2025-04-09,C0346,United Kingdom,SKU-951,Cotton T-Shirt,1,16.59
INV-0346-006,2025-05-10,C0346,India,SKU-374,Coffee Beans 500g,3,15.02
INV-0347-001,2025-02-10,C0347,Germany,SKU-821,Cotton T-Shirt,4,22.62
INV-0347-002,2025-12-05,C0347,India,SKU-487,Phone Case,5,5.44
INV-0348-001,2025-12-23,C0348,Germany,SKU-469,Wireless Mouse,2,210.38
INV-0348-002,2025-02-22,C0348,India,SKU-371,Wireless Mouse,1,263.48
INV-0348-003,2025-06-17,C0348,United Kingdom,SKU-185,Cotton T-Shirt,3,144.51
INV-0348-004,2025-09-23,C0348,United Kingdom,SKU-842,Phone Case,3,154.01
INV-0348-005,2025-05-01,C0348,India,SKU-199,Cotton T-Shirt,3,163.16
INV-0348-006,2025-03-07,C0348,United Kingdom,SKU-737,Desk Organizer,1,323.65
INV-0348-007,2025-08-10,C0348,India,SKU-995,Wireless Mouse,1,583.27
INV-0348-008,2025-06-04,C0348,Germany,SKU-689,LED Bulb,4,37.47
INV-0348-009,2025-07-06,C0348,India,SKU-212,Phone Case,2,147.15
INV-0348-010,2025-12-16,C0348,United Kingdom,SKU-274,Notebook Pack,3,71.14
INV-0348-011,2025-04-08,C0348,India,SKU-842,Backpack,1,255.5
INV-0348-012,2025-06-18,C0348,United Kingdom,SKU-560,Wireless Mouse,3,189.63
INV-0348-013,2025-11-14,C0348,India,SKU-583,LED Bulb,1,380.6
INV-0348-014,2025-10-20,C0348,USA,SKU-444,Backpack,5,57.37
INV-0348-015,2025-06-15,C0348,India,SKU-692,Coffee Beans 500g,2,177.13
INV-0348-016,2025-06-13,C0348,USA,SKU-460,Water Bottle,1,248.1
INV-0348-017,2025-02-14,C0348,USA,SKU-826,Yoga Mat,2,81.16
INV-0348-018,2025-07-29,C0348,USA,SKU-499,Wireless Mouse,2,252.45
INV-0349-001,2025-04-20,C0349,USA,SKU-193,Phone Case,2,30.54
INV-0349-002,2024-12-15,C0349,United Kingdom,SKU-943,Desk Organizer,5,21.89
INV-0349-003,2025-01-28,C0349,India,SKU-127,LED Bulb,1,58.35
INV-0349-004,2025-07-26,C0349,India,SKU-277,Water Bottle,5,12.11
INV-0350-001,2025-03-30,C0350,United Kingdom,SKU-392,Wireless Mouse,2,15.99
INV-0350-002,2025-10-04,C0350,India,SKU-799,Backpack,4,21.69
INV-0350-003,2025-03-05,C0350,India,SKU-872,LED Bulb,5,21.8
INV-0350-004,2025-05-06,C0350,India,SKU-400,LED Bulb,3,18.93
INV-0350-005,2025-10-30,C0350,Germany,SKU-941,LED Bulb,1,66.21
INV-0350-006,2025-08-14,C0350,United Kingdom,SKU-350,LED Bulb,5,6.11
INV-0350-007,2025-09-28,C0350,India,SKU-278,Desk Organizer,2,19.44
INV-0350-008,2025-08-08,C0350,USA,SKU-319,Water Bottle,1,32.63
INV-0350-009,2025-04-26,C0350,India,SKU-769,Desk Organizer,4,18.75
INV-0350-010,2025-06-10,C0350,India,SKU-747,Notebook Pack,4,21.15
INV-0350-011,2025-05-03,C0350,Germany,SKU-256,Coffee Beans 500g,4,18.82
INV-0350-012,2025-08-03,C0350,USA,SKU-783,LED Bulb,4,22.22
INV-0350-013,2025-01-31,C0350,USA,SKU-826,Phone Case,5,18.97
INV-0351-001,2025-10-14,C0351,USA,SKU-611,LED Bulb,5,71.6
INV-0351-002,2025-03-24,C0351,India,SKU-820,Water Bottle,4,110.39
INV-0351-003,2025-06-10,C0351,India,SKU-690,Water Bottle,5,93.94
INV-0351-004,2025-04-26,C0351,India,SKU-614,Cotton T-Shirt,2,69.96
INV-0351-005,2025-08-08,C0351,United Kingdom,SKU-496,Desk Organizer,2,221.0
INV-0351-006,2025-09-21,C0351,Germany,SKU-758,Water Bottle,5,87.26
INV-0351-007,2025-11-09,C0351,United Kingdom,SKU-674,Notebook Pack,5,25.88
INV-0351-008,2025-02-25,C0351,India,SKU-126,Backpack,1,150.18
INV-0351-009,2025-04-27,C0351,India,SKU-862,Coffee Beans 500g,3,130.58
INV-0351-010,2025-05-19,C0351,United Kingdom,SKU-274,Wireless Mouse,5,44.17
INV-0351-011,2025-04-02,C0351,United Kingdom,SKU-644,Wireless Mouse,1,286.17
INV-0351-012,2025-11-20,C0351,United Kingdom,SKU-263,LED Bulb,4,35.29
INV-0351-013,2025-02-17,C0351,India,SKU-742,Desk Organizer,3,93.91
INV-0351-014,2025-03-18,C0351,India,SKU-267,LED Bulb,2,99.18
INV-0351-015,2025-08-26,C0351,United Kingdom,SKU-676,Phone Case,5,32.45
INV-0351-016,2025-05-22,C0351,USA,SKU-596,Backpack,1,291.32
INV-0352-001,2024-09-23,C0352,India,SKU-354,LED Bulb,2,62.22
INV-0352-002,2025-02-09,C0352,United Kingdom,SKU-188,Water Bottle,2,76.4
INV-0352-003,2025-05-03,C0352,United Kingdom,SKU-743,LED Bulb,2,97.54
INV-0352-004,2024-11-17,C0352,India,SKU-559,Desk Organizer,3,27.55
INV-0353-001,2025-09-03,C0353,India,SKU-948,Cotton T-Shirt,2,8.43
INV-0353-002,2025-03-11,C0353,USA,SKU-189,Coffee Beans 500g,4,4.25
INV-0353-003,2025-07-01,C0353,India,SKU-227,Water Bottle,5,4.82
INV-0353-004,2025-05-03,C0353,India,SKU-113,Desk Organizer,4,4.09
INV-0354-001,2025-08-14,C0354,USA,SKU-389,Phone Case,1,192.03
INV-0354-002,2025-02-19,C0354,India,SKU-716,Coffee Beans 500g,4,56.24
INV-0354-003,2025-06-22,C0354,United Kingdom,SKU-470,Cotton T-Shirt,3,77.73
INV-0354-004,2025-08-22,C0354,India,SKU-599,Cotton T-Shirt,3,57.16
INV-0354-005,2025-09-10,C0354,USA,SKU-787,Cotton T-Shirt,5,38.42
INV-0354-006,2025-11-21,C0354,United Kingdom,SKU-153,Backpack,1,80.59
INV-0354-007,2025-05-09,C0354,India,SKU-949,Phone Case,5,22.26
INV-0354-008,2025-06-04,C0354,India,SKU-953,Water Bottle,1,188.96
INV-0354-009,2025-05-04,C0354,United Kingdom,SKU-343,Water Bottle,3,30.58
INV-0354-010,2025-04-21,C0354,India,SKU-792,Wireless Mouse,5,16.5
INV-0354-011,2025-07-27,C0354,USA,SKU-474,Coffee Beans 500g,5,30.07
INV-0354-012,2025-06-11,C0354,United Kingdom,SKU-927,Coffee Beans 500g,2,76.54
INV-0354-013,2025-12-02,C0354,India,SKU-597,Coffee Beans 500g,2,70.32
INV-0355-001,2025-06-22,C0355,India,SKU-338,Coffee Beans 500g,1,21.15
INV-0355-002,2025-05-14,C0355,India,SKU-511,LED Bulb,1,24.69
INV-0355-003,2025-09-04,C0355,India,SKU-320,Cotton T-Shirt,1,31.56
INV-0356-001,2024-12-24,C0356,USA,SKU-628,Phone Case,2,3.81
INV-0356-002,2024-11-07,C0356,India,SKU-756,Water Bottle,5,3.66
INV-0357-001,2025-01-23,C0357,United Kingdom,SKU-506,Cotton T-Shirt,5,6.52
INV-0357-002,2025-08-13,C0357,India,SKU-935,Cotton T-Shirt,1,24.53
INV-0357-003,2025-05-16,C0357,United Kingdom,SKU-245,Backpack,1,21.46
INV-0357-004,2025-06-13,C0357,India,SKU-563,Water Bottle,1,30.67
INV-0357-005,2025-07-18,C0357,USA,SKU-588,Desk Organizer,4,4.07
INV-0357-006,2025-11-13,C0357,India,SKU-448,Cotton T-Shirt,4,7.52
INV-0358-001,2025-07-28,C0358,United Kingdom,SKU-649,Coffee Beans 500g,5,83.06
INV-0358-002,2025-06-23,C0358,India,SKU-696,Backpack,5,67.03
INV-0358-003,2025-05-05,C0358,India,SKU-276,Cotton T-Shirt,4,126.99
INV-0358-004,2025-02-17,C0358,USA,SKU-140,Yoga Mat,2,177.39
INV-0358-005,2025-05-26,C0358,India,SKU-709,Water Bottle,5,37.52
INV-0358-006,2025-05-20,C0358,USA,SKU-903,Wireless Mouse,3,87.18
INV-0358-007,2025-03-04,C0358,India,SKU-280,Water Bottle,2,236.07
INV-0358-008,2025-05-26,C0358,Germany,SKU-424,Cotton T-Shirt,2,165.36
INV-0358-009,2025-07-30,C0358,India,SKU-867,Notebook Pack,3,130.33
INV-0358-010,2025-04-17,C0358,India,SKU-368,Desk Organizer,3,193.75
INV-0358-011,2025-11-17,C0358,India,SKU-382,Phone Case,4,55.45
INV-0358-012,2025-07-18,C0358,India,SKU-101,Yoga Mat,4,75.32
INV-0358-013,2025-03-13,C0358,USA,SKU-273,Yoga Mat,4,143.71
INV-0358-014,2025-04-09,C0358,United Kingdom,SKU-932,Cotton T-Shirt,3,196.18
INV-0358-015,2025-07-01,C0358,USA,SKU-658,Backpack,4,64.62
INV-0358-016,2025-07-01,C0358,USA,SKU-113,Yoga Mat,1,191.56
INV-0358-017,2025-05-23,C0358,USA,SKU-738,LED Bulb,4,92.46
INV-0358-018,2025-02-22,C0358,India,SKU-196,LED Bulb,5,61.84
INV-0358-019,2025-11-12,C0358,India,SKU-812,Water Bottle,4,54.06
INV-0358-020,2025-06-02,C0358,India,SKU-449,Water Bottle,3,86.78
INV-0358-021,2025-03-15,C0358,India,SKU-464,Backpack,2,217.21
INV-0358-022,2025-02-24,C0358,USA,SKU-995,Backpack,4,121.51
INV-0358-023,2025-04-22,C0358,India,SKU-234,Backpack,2,85.16
INV-0358-024,2025-04-30,C0358,India,SKU-992,LED Bulb,4,56.62
INV-0358-025,2025-03-24,C0358,India,SKU-206,Yoga Mat,1,431.54
INV-0358-026,2025-11-18,C0358,India,SKU-679,LED Bulb,2,176.09
INV-0358-027,2025-09-29,C0358,United Kingdom,SKU-571,LED Bulb,4,139.71
INV-0359-001,2025-06-06,C0359,India,SKU-922,Wireless Mouse,1,202.53
INV-0359-002,2024-12-01,C0359,United Kingdom,SKU-194,Yoga Mat,3,85.36
INV-0359-003,2025-04-04,C0359,United Kingdom,SKU-316,Phone Case,4,40.55
INV-0359-004,2025-02-06,C0359,India,SKU-866,Notebook Pack,5,42.72
INV-0359-005,2025-07-13,C0359,India,SKU-832,LED Bulb,4,41.28
INV-0359-006,2025-07-24,C0359,India,SKU-287,Yoga Mat,4,17.88
INV-0360-001,2025-02-26,C0360,United Kingdom,SKU-365,Backpack,3,69.93
INV-0360-002,2025-08-03,C0360,India,SKU-844,Water Bottle,5,25.19
INV-0360-003,2025-10-17,C0360,United Kingdom,SKU-332,Water Bottle,1,126.47
INV-0360-004,2025-10-19,C0360,United Kingdom,SKU-598,LED Bulb,4,14.04
INV-0360-005,2025-08-10,C0360,India,SKU-965,LED Bulb,1,100.5
INV-0360-006,2025-04-14,C0360,Germany,SKU-387,LED Bulb,4,34.84
INV-0360-007,2025-10-22,C0360,India,SKU-743,Cotton T-Shirt,1,168.74
INV-0361-001,2025-02-11,C0361,India,SKU-683,Water Bottle,3,29.6
INV-0361-002,2025-04-30,C0361,India,SKU-521,Backpack,2,38.94
INV-0362-001,2025-01-31,C0362,India,SKU-314,Cotton T-Shirt,1,128.55
INV-0362-002,2025-01-27,C0362,United Kingdom,SKU-879,Cotton T-Shirt,1,103.84
INV-0362-003,2025-02-25,C0362,India,SKU-131,Coffee Beans 500g,2,80.26
INV-0362-004,2025-09-14,C0362,India,SKU-316,Notebook Pack,3,61.0
INV-0362-005,2025-08-08,C0362,India,SKU-856,Yoga Mat,5,41.33
INV-0362-006,2025-11-11,C0362,India,SKU-516,Wireless Mouse,4,17.88
INV-0362-007,2025-06-01,C0362,India,SKU-580,Phone Case,1,80.04
INV-0363-001,2025-06-19,C0363,India,SKU-786,Notebook Pack,2,36.19
INV-0364-001,2025-09-03,C0364,India,SKU-474,LED Bulb,1,42.77
INV-0364-002,2025-07-06,C0364,USA,SKU-822,Cotton T-Shirt,4,10.39
INV-0364-003,2025-02-22,C0364,India,SKU-744,Water Bottle,1,41.67
INV-0364-004,2025-10-16,C0364,India,SKU-708,Backpack,3,7.75
INV-0364-005,2025-02-04,C0364,United Kingdom,SKU-776,Phone Case,1,29.21
INV-0365-001,2025-04-11,C0365,India,SKU-567,Notebook Pack,5,16.38
INV-0365-002,2025-08-17,C0365,India,SKU-909,Coffee Beans 500g,4,26.11
INV-0365-003,2025-04-28,C0365,India,SKU-916,Wireless Mouse,4,36.21
INV-0365-004,2025-05-22,C0365,United Kingdom,SKU-248,Coffee Beans 500g,5,16.92
INV-0365-005,2025-11-17,C0365,United Kingdom,SKU-286,Phone Case,5,13.17
INV-0365-006,2025-08-24,C0365,USA,SKU-269,Phone Case,2,28.76
INV-0365-007,2025-04-20,C0365,India,SKU-240,Notebook Pack,3,16.25
INV-0365-008,2025-05-26,C0365,India,SKU-153,Yoga Mat,1,102.31
INV-0365-009,2025-02-10,C0365,India,SKU-163,Yoga Mat,4,22.08
INV-0365-010,2025-05-20,C0365,United Kingdom,SKU-706,Cotton T-Shirt,5,22.93
INV-0366-001,2024-11-21,C0366,United Kingdom,SKU-647,Backpack,3,21.37
INV-0366-002,2024-11-12,C0366,India,SKU-451,Phone Case,3,16.83
INV-0366-003,2024-11-11,C0366,Germany,SKU-325,Backpack,3,32.19
INV-0366-004,2025-01-21,C0366,India,SKU-996,Coffee Beans 500g,4,13.39
INV-0366-005,2025-05-29,C0366,United Kingdom,SKU-272,Water Bottle,4,32.23
INV-0366-006,2025-09-09,C0366,India,SKU-358,LED Bulb,2,55.67
INV-0367-001,2025-05-21,C0367,India,SKU-345,LED Bulb,2,282.94
INV-0367-002,2025-12-11,C0367,United Kingdom,SKU-524,Cotton T-Shirt,3,56.88
INV-0367-003,2025-12-10,C0367,India,SKU-440,Cotton T-Shirt,3,91.3
INV-0367-004,2025-10-04,C0367,India,SKU-842,Coffee Beans 500g,4,62.75
INV-0367-005,2025-09-03,C0367,India,SKU-699,Yoga Mat,1,158.78
INV-0367-006,2025-04-23,C0367,USA,SKU-123,Backpack,1,238.82
INV-0367-007,2025-02-23,C0367,India,SKU-156,Cotton T-Shirt,5,90.84
INV-0367-008,2025-08-07,C0367,India,SKU-662,Cotton T-Shirt,2,161.99
INV-0367-009,2025-09-04,C0367,India,SKU-250,Wireless Mouse,1,608.5
INV-0367-010,2025-03-19,C0367,India,SKU-518,Phone Case,1,421.1
INV-0367-011,2025-11-03,C0367,India,SKU-809,Notebook Pack,3,194.81
INV-0367-012,2025-10-27,C0367,United Kingdom,SKU-417,Phone Case,4,101.83
INV-0367-013,2025-11-07,C0367,Germany,SKU-793,Cotton T-Shirt,5,42.91
INV-0367-014,2025-05-14,C0367,United Kingdom,SKU-840,Desk Organizer,1,266.73
INV-0367-015,2025-11-12,C0367,Germany,SKU-358,Phone Case,1,570.07
INV-0367-016,2025-07-30,C0367,United Kingdom,SKU-560,Cotton T-Shirt,1,399.42
INV-0367-017,2025-06-29,C0367,USA,SKU-849,Coffee Beans 500g,1,387.65
INV-0367-018,2025-06-26,C0367,United Kingdom,SKU-983,Desk Organizer,2,292.36
INV-0368-001,2025-08-16,C0368,United Kingdom,SKU-767,Coffee Beans 500g,1,66.98
INV-0368-002,2025-05-05,C0368,USA,SKU-589,Phone Case,1,187.62
INV-0368-003,2025-06-01,C0368,United Kingdom,SKU-665,Wireless Mouse,2,41.35
INV-0368-004,2025-07-17,C0368,India,SKU-645,Yoga Mat,4,56.8
INV-0368-005,2025-07-26,C0368,India,SKU-242,LED Bulb,1,118.84
INV-0368-006,2025-04-12,C0368,United Kingdom,SKU-900,Cotton T-Shirt,2,86.42
INV-0368-007,2025-08-08,C0368,Germany,SKU-372,Yoga Mat,5,35.9
INV-0368-008,2025-03-04,C0368,India,SKU-720,Notebook Pack,4,15.51
INV-0368-009,2025-01-01,C0368,India,SKU-345,Notebook Pack,4,43.67
INV-0368-010,2025-05-23,C0368,United Kingdom,SKU-188,Coffee Beans 500g,1,113.87
INV-0368-011,2025-09-02,C0368,Germany,SKU-674,Coffee Beans 500g,1,61.48
INV-0369-001,2025-09-26,C0369,India,SKU-412,Water Bottle,3,8.09
INV-0369-002,2025-02-24,C0369,India,SKU-818,Coffee Beans 500g,5,7.26
INV-0369-003,2025-03-11,C0369,USA,SKU-966,Phone Case,2,21.31
INV-0370-001,2024-12-20,C0370,Germany,SKU-616,Phone Case,2,20.49
INV-0370-002,2024-10-21,C0370,USA,SKU-244,Desk Organizer,1,139.72
INV-0370-003,2024-08-18,C0370,USA,SKU-199,Yoga Mat,5,10.98
INV-0370-004,2024-11-22,C0370,India,SKU-151,LED Bulb,3,25.9
INV-0370-005,2024-09-25,C0370,USA,SKU-146,Yoga Mat,2,24.67
INV-0370-006,2025-03-13,C0370,India,SKU-140,Desk Organizer,2,18.16
INV-0370-007,2024-10-04,C0370,USA,SKU-134,Coffee Beans 500g,4,19.62
INV-0370-008,2025-01-22,C0370,United Kingdom,SKU-443,Desk Organizer,5,20.88
INV-0371-001,2025-06-30,C0371,USA,SKU-213,Desk Organizer,2,10.37
INV-0371-002,2025-07-18,C0371,India,SKU-965,Yoga Mat,1,43.37
INV-0372-001,2025-10-06,C0372,India,SKU-188,Wireless Mouse,2,21.37
INV-0372-002,2025-01-23,C0372,United Kingdom,SKU-170,Phone Case,3,13.46
INV-0373-001,2025-03-02,C0373,Germany,SKU-201,Wireless Mouse,4,4.99
INV-0373-002,2025-02-21,C0373,United Kingdom,SKU-103,Notebook Pack,2,7.02
INV-0373-003,2025-10-05,C0373,Germany,SKU-718,Cotton T-Shirt,1,35.96
INV-0373-004,2024-12-30,C0373,United Kingdom,SKU-271,Notebook Pack,2,10.89
INV-0374-001,2025-02-22,C0374,United Kingdom,SKU-386,LED Bulb,1,12.31
INV-0374-002,2025-07-16,C0374,India,SKU-805,LED Bulb,4,1.86
INV-0374-003,2024-12-20,C0374,India,SKU-670,Wireless Mouse,4,4.3
INV-0375-001,2024-12-23,C0375,India,SKU-763,Phone Case,3,42.0
INV-0375-002,2024-12-09,C0375,United Kingdom,SKU-683,Wireless Mouse,4,32.14
INV-0375-003,2024-11-01,C0375,USA,SKU-710,Wireless Mouse,4,15.15
INV-0375-004,2025-05-06,C0375,United Kingdom,SKU-967,Coffee Beans 500g,4,33.47
INV-0375-005,2025-03-02,C0375,India,SKU-109,Wireless Mouse,3,60.92
INV-0375-006,2025-07-16,C0375,India,SKU-787,Notebook Pack,4,40.24
INV-0376-001,2025-06-18,C0376,Germany,SKU-557,Desk Organizer,1,212.3
INV-0376-002,2025-04-19,C0376,United Kingdom,SKU-891,Cotton T-Shirt,3,69.31
INV-0376-003,2024-12-02,C0376,Germany,SKU-272,Notebook Pack,2,79.11
INV-0376-004,2025-03-20,C0376,India,SKU-902,Wireless Mouse,1,174.8
INV-0377-001,2025-08-28,C0377,India,SKU-646,LED Bulb,1,22.26
INV-0378-001,2025-04-05,C0378,United Kingdom,SKU-196,Notebook Pack,1,17.45
INV-0378-002,2025-09-10,C0378,United Kingdom,SKU-322,Wireless Mouse,1,26.01
INV-0378-003,2024-12-09,C0378,United Kingdom,SKU-107,Cotton T-Shirt,1,32.66
INV-0378-004,2025-01-21,C0378,India,SKU-173,Yoga Mat,4,8.58
INV-0379-001,2025-05-12,C0379,United Kingdom,SKU-986,Coffee Beans 500g,2,143.29
INV-0379-002,2025-04-12,C0379,India,SKU-731,Coffee Beans 500g,5,41.22
INV-0379-003,2025-11-18,C0379,India,SKU-704,Phone Case,1,329.18
INV-0379-004,2025-10-17,C0379,United Kingdom,SKU-419,Notebook Pack,4,31.46
INV-0379-005,2025-06-23,C0379,Germany,SKU-858,Notebook Pack,5,41.27
INV-0379-006,2025-03-16,C0379,India,SKU-560,Cotton T-Shirt,1,251.5
INV-0379-007,2025-07-20,C0379,India,SKU-983,LED Bulb,3,59.09
INV-0379-008,2025-04-16,C0379,India,SKU-676,Yoga Mat,5,35.46
INV-0379-009,2025-06-02,C0379,India,SKU-253,Cotton T-Shirt,3,66.11
INV-0379-010,2025-07-24,C0379,India,SKU-177,Coffee Beans 500g,1,270.75
INV-0379-011,2025-07-11,C0379,Germany,SKU-580,Notebook Pack,5,47.66
INV-0379-012,2025-08-19,C0379,Germany,SKU-609,Coffee Beans 500g,4,45.94
INV-0379-013,2025-09-08,C0379,India,SKU-861,Water Bottle,1,277.07
INV-0379-014,2025-11-18,C0379,India,SKU-320,Notebook Pack,1,112.7
INV-0379-015,2025-03-07,C0379,Germany,SKU-948,Backpack,5,71.72
INV-0379-016,2025-10-04,C0379,India,SKU-493,Yoga Mat,2,126.47
INV-0379-017,2025-04-18,C0379,India,SKU-876,Phone Case,5,28.46
INV-0379-018,2025-11-01,C0379,USA,SKU-149,Yoga Mat,5,69.64
INV-0379-019,2025-02-01,C0379,India,SKU-539,Backpack,5,75.99
INV-0379-020,2025-03-08,C0379,United Kingdom,SKU-124,Phone Case,3,57.32
INV-0379-021,2025-10-17,C0379,United Kingdom,SKU-712,LED Bulb,3,67.17
INV-0379-022,2025-07-08,C0379,India,SKU-609,Water Bottle,1,315.2
INV-0379-023,2025-09-04,C0379,United Kingdom,SKU-203,Phone Case,4,94.75
INV-0380-001,2025-03-14,C0380,Germany,SKU-877,Phone Case,3,57.95
INV-0380-002,2025-10-24,C0380,India,SKU-625,Phone Case,1,181.45
INV-0380-003,2025-06-22,C0380,United Kingdom,SKU-310,Water Bottle,2,51.95
INV-0380-004,2025-03-09,C0380,USA,SKU-613,LED Bulb,4,28.77
INV-0380-005,2025-01-18,C0380,India,SKU-434,Yoga Mat,3,33.29
INV-0380-006,2025-02-28,C0380,Germany,SKU-437,Backpack,4,42.7
INV-0380-007,2025-08-11,C0380,Germany,SKU-923,Phone Case,5,32.56
INV-0380-008,2025-06-28,C0380,India,SKU-378,Desk Organizer,1,170.69
INV-0381-001,2025-08-08,C0381,USA,SKU-828,Yoga Mat,2,13.83
INV-0381-002,2025-06-19,C0381,United Kingdom,SKU-816,LED Bulb,4,2.47
INV-0381-003,2025-04-21,C0381,India,SKU-319,Wireless Mouse,3,13.04
INV-0381-004,2025-02-07,C0381,United Kingdom,SKU-987,Backpack,1,22.3
INV-0381-005,2025-05-29,C0381,USA,SKU-412,Yoga Mat,3,8.88
INV-0381-006,2025-08-16,C0381,Germany,SKU-868,LED Bulb,5,5.71
INV-0382-001,2025-11-19,C0382,India,SKU-175,Coffee Beans 500g,5,18.31
INV-0382-002,2025-08-24,C0382,Germany,SKU-900,Backpack,2,44.54
INV-0382-003,2025-10-12,C0382,Germany,SKU-370,Cotton T-Shirt,4,16.55
INV-0382-004,2025-11-02,C0382,India,SKU-962,Cotton T-Shirt,1,54.81
INV-0382-005,2025-10-09,C0382,USA,SKU-180,Backpack,1,89.62
INV-0382-006,2025-01-28,C0382,United Kingdom,SKU-315,Desk Organizer,5,32.4
INV-0382-007,2025-12-06,C0382,United Kingdom,SKU-662,Wireless Mouse,5,18.75
INV-0382-008,2025-06-05,C0382,USA,SKU-167,Backpack,1,133.34
INV-0382-009,2025-04-27,C0382,USA,SKU-436,Desk Organizer,1,89.67
INV-0382-010,2025-10-04,C0382,USA,SKU-791,Yoga Mat,1,114.68
INV-0382-011,2025-04-18,C0382,India,SKU-816,Notebook Pack,5,10.3
INV-0382-012,2025-07-15,C0382,India,SKU-747,Notebook Pack,2,55.88
INV-0382-013,2025-02-22,C0382,Germany,SKU-596,Desk Organizer,3,31.24
INV-0383-001,2025-07-14,C0383,India,SKU-886,Cotton T-Shirt,4,26.0
INV-0383-002,2024-12-29,C0383,India,SKU-666,Yoga Mat,5,19.32
INV-0383-003,2024-10-18,C0383,India,SKU-898,Yoga Mat,5,30.29
INV-0383-004,2025-04-05,C0383,India,SKU-704,Coffee Beans 500g,2,57.03
INV-0383-005,2025-02-17,C0383,United Kingdom,SKU-819,Phone Case,3,18.84
INV-0383-006,2025-03-25,C0383,United Kingdom,SKU-761,LED Bulb,3,36.72
INV-0383-007,2024-10-13,C0383,United Kingdom,SKU-424,Desk Organizer,4,19.64
INV-0383-008,2025-04-10,C0383,United Kingdom,SKU-639,Desk Organizer,1,54.02
INV-0383-009,2025-04-22,C0383,India,SKU-344,Phone Case,4,38.14
INV-0384-001,2024-12-18,C0384,India,SKU-553,Desk Organizer,2,109.78
INV-0384-002,2025-03-08,C0384,Germany,SKU-974,Desk Organizer,5,39.81
INV-0384-003,2024-06-27,C0384,United Kingdom,SKU-746,Phone Case,4,45.61
INV-0384-004,2024-11-24,C0384,United Kingdom,SKU-119,Desk Organizer,4,21.24
INV-0384-005,2024-06-17,C0384,India,SKU-841,Desk Organizer,4,18.21
INV-0384-006,2025-01-11,C0384,India,SKU-261,Phone Case,3,31.25
INV-0385-001,2024-12-25,C0385,India,SKU-851,Wireless Mouse,2,133.1
INV-0385-002,2025-04-12,C0385,India,SKU-306,Desk Organizer,4,74.65
INV-0385-003,2025-01-09,C0385,United Kingdom,SKU-834,Water Bottle,4,63.58
INV-0385-004,2025-03-24,C0385,Germany,SKU-840,Notebook Pack,1,272.77
INV-0385-005,2025-03-03,C0385,India,SKU-268,Phone Case,4,60.1
INV-0385-006,2025-01-11,C0385,India,SKU-868,Backpack,5,41.33
INV-0385-007,2025-03-16,C0385,India,SKU-633,Backpack,2,47.65
INV-0385-008,2025-06-29,C0385,USA,SKU-409,Wireless Mouse,2,151.55
INV-0385-009,2025-02-14,C0385,United Kingdom,SKU-276,Phone Case,4,55.63
INV-0386-001,2025-12-08,C0386,India,SKU-931,Notebook Pack,2,43.22
INV-0386-002,2025-06-09,C0386,USA,SKU-685,Notebook Pack,3,28.22
INV-0386-003,2025-12-06,C0386,United Kingdom,SKU-793,Backpack,4,14.83
INV-0386-004,2025-06-09,C0386,India,SKU-282,Desk Organizer,2,36.22
INV-0386-005,2025-08-01,C0386,USA,SKU-725,Phone Case,3,33.38
INV-0386-006,2025-11-09,C0386,India,SKU-485,Backpack,1,51.29
INV-0386-007,2025-11-12,C0386,Germany,SKU-961,Water Bottle,4,13.14
INV-0386-008,2025-11-30,C0386,India,SKU-529,Backpack,3,29.65
INV-0387-001,2025-06-21,C0387,India,SKU-927,Desk Organizer,4,24.33
INV-0387-002,2025-11-04,C0387,Germany,SKU-280,Phone Case,3,39.13
INV-0387-003,2025-07-21,C0387,Germany,SKU-348,Coffee Beans 500g,1,120.44
INV-0387-004,2025-02-12,C0387,India,SKU-334,Phone Case,2,44.27
INV-0387-005,2025-03-03,C0387,India,SKU-458,Phone Case,2,38.18
INV-0387-006,2025-05-20,C0387,United Kingdom,SKU-813,Water Bottle,3,48.42
INV-0387-007,2025-04-01,C0387,India,SKU-696,LED Bulb,2,69.68
INV-0387-008,2025-09-22,C0387,United Kingdom,SKU-405,Coffee Beans 500g,5,35.39
INV-0387-009,2025-05-25,C0387,India,SKU-211,LED Bulb,1,114.48
INV-0387-010,2025-04-14,C0387,United Kingdom,SKU-611,LED Bulb,1,55.74
INV-0387-011,2025-05-11,C0387,India,SKU-767,Yoga Mat,2,79.17
INV-0387-012,2025-07-11,C0387,Germany,SKU-277,Wireless Mouse,5,31.73
INV-0388-001,2025-08-20,C0388,India,SKU-558,Notebook Pack,3,52.03
INV-0388-002,2025-02-06,C0388,United Kingdom,SKU-508,Desk Organizer,1,66.25
INV-0388-003,2025-04-22,C0388,USA,SKU-659,Notebook Pack,4,32.39
INV-0388-004,2025-03-07,C0388,India,SKU-802,Yoga Mat,2,83.95
INV-0388-005,2025-06-07,C0388,India,SKU-397,Wireless Mouse,3,76.96
INV-0388-006,2025-09-27,C0388,India,SKU-611,Notebook Pack,3,65.81
INV-0388-007,2025-05-11,C0388,United Kingdom,SKU-118,Phone Case,3,60.61
INV-0388-008,2025-07-07,C0388,India,SKU-458,Notebook Pack,2,103.09
INV-0388-009,2025-04-02,C0388,India,SKU-156,Cotton T-Shirt,4,33.7
INV-0388-010,2025-01-11,C0388,USA,SKU-593,Yoga Mat,3,79.45
INV-0389-001,2024-12-22,C0389,USA,SKU-240,Water Bottle,2,103.46
INV-0389-002,2024-09-18,C0389,India,SKU-564,Desk Organizer,5,64.4
INV-0389-003,2024-07-26,C0389,India,SKU-254,Phone Case,1,214.11
INV-0389-004,2024-11-07,C0389,India,SKU-190,Water Bottle,3,85.57
INV-0389-005,2024-09-23,C0389,Germany,SKU-961,Water Bottle,1,236.37
INV-0389-006,2024-08-02,C0389,India,SKU-791,Yoga Mat,3,39.6
INV-0389-007,2024-06-17,C0389,India,SKU-959,Cotton T-Shirt,1,98.0
INV-0389-008,2025-01-20,C0389,USA,SKU-555,Notebook Pack,5,43.65
INV-0389-009,2025-02-15,C0389,United Kingdom,SKU-482,Cotton T-Shirt,5,65.36
INV-0390-001,2025-11-06,C0390,Germany,SKU-974,Backpack,2,128.38
INV-0390-002,2025-07-28,C0390,USA,SKU-875,Yoga Mat,2,152.06
INV-0390-003,2025-07-10,C0390,USA,SKU-498,LED Bulb,4,105.33
INV-0390-004,2025-12-03,C0390,USA,SKU-248,Cotton T-Shirt,3,139.24
INV-0390-005,2025-03-02,C0390,Germany,SKU-887,Phone Case,3,111.84
INV-0390-006,2025-09-13,C0390,Germany,SKU-567,Desk Organizer,2,95.16
INV-0390-007,2025-07-20,C0390,India,SKU-856,Wireless Mouse,2,136.88
INV-0390-008,2025-09-25,C0390,United Kingdom,SKU-548,Wireless Mouse,2,188.73
INV-0390-009,2025-07-29,C0390,India,SKU-624,Cotton T-Shirt,4,99.0
INV-0390-010,2025-08-02,C0390,India,SKU-766,Desk Organizer,4,81.67
INV-0390-011,2025-09-12,C0390,India,SKU-662,Coffee Beans 500g,5,30.93
INV-0390-012,2025-11-12,C0390,United Kingdom,SKU-718,Water Bottle,2,200.64
INV-0391-001,2025-06-05,C0391,Germany,SKU-619,LED Bulb,5,19.62
INV-0391-002,2025-02-12,C0391,Germany,SKU-469,Cotton T-Shirt,1,92.39
INV-0391-003,2025-04-21,C0391,United Kingdom,SKU-399,Cotton T-Shirt,2,50.44
INV-0391-004,2025-02-08,C0391,India,SKU-844,Backpack,1,49.49
INV-0391-005,2025-02-23,C0391,India,SKU-241,Water Bottle,3,25.52
INV-0391-006,2025-04-12,C0391,India,SKU-460,Backpack,5,21.51
INV-0391-007,2025-07-12,C0391,India,SKU-856,Cotton T-Shirt,3,23.31
INV-0391-008,2025-06-06,C0391,India,SKU-759,Desk Organizer,3,24.82
INV-0391-009,2025-05-01,C0391,USA,SKU-888,Water Bottle,4,24.45
INV-0392-001,2025-07-18,C0392,India,SKU-812,Backpack,4,23.82
INV-0392-002,2025-05-08,C0392,United Kingdom,SKU-381,Phone Case,4,10.3
INV-0392-003,2025-06-25,C0392,USA,SKU-906,Notebook Pack,3,12.92
INV-0392-004,2025-06-17,C0392,USA,SKU-557,Desk Organizer,5,24.25
INV-0392-005,2025-07-31,C0392,United Kingdom,SKU-133,Desk Organizer,5,12.34
INV-0392-006,2025-08-17,C0392,USA,SKU-318,Cotton T-Shirt,3,31.69
INV-0392-007,2025-11-06,C0392,United Kingdom,SKU-517,Backpack,5,16.94
INV-0392-008,2025-03-21,C0392,Germany,SKU-321,Desk Organizer,5,19.43
INV-0393-001,2025-09-01,C0393,India,SKU-881,Notebook Pack,4,14.14
INV-0393-002,2025-01-29,C0393,India,SKU-160,Backpack,2,52.46
INV-0393-003,2025-10-11,C0393,India,SKU-289,Desk Organizer,1,78.36
INV-0393-004,2025-03-01,C0393,India,SKU-826,Notebook Pack,1,118.94
INV-0393-005,2025-04-14,C0393,United Kingdom,SKU-789,Coffee Beans 500g,3,11.22
INV-0393-006,2025-09-27,C0393,United Kingdom,SKU-396,Phone Case,4,15.46
INV-0393-007,2025-01-26,C0393,India,SKU-459,Desk Organizer,5,13.73
INV-0393-008,2025-06-03,C0393,India,SKU-479,Cotton T-Shirt,1,87.29
INV-0393-009,2025-10-19,C0393,India,SKU-970,LED Bulb,4,21.03
INV-0393-010,2025-06-06,C0393,India,SKU-973,Coffee Beans 500g,3,41.13
INV-0393-011,2025-09-26,C0393,USA,SKU-245,Phone Case,4,18.85
INV-0393-012,2025-07-24,C0393,India,SKU-847,Notebook Pack,2,41.42
INV-0394-001,2025-02-22,C0394,India,SKU-952,Desk Organizer,1,104.04
INV-0394-002,2024-08-10,C0394,India,SKU-241,Cotton T-Shirt,5,12.31
INV-0394-003,2025-03-25,C0394,India,SKU-223,Desk Organizer,5,32.45
INV-0394-004,2024-12-12,C0394,India,SKU-649,Phone Case,5,15.25
INV-0394-005,2025-02-12,C0394,India,SKU-267,Notebook Pack,2,37.16
INV-0394-006,2024-09-29,C0394,India,SKU-954,Water Bottle,4,52.39
INV-0394-007,2024-11-12,C0394,United Kingdom,SKU-144,Notebook Pack,3,23.92
INV-0395-001,2025-03-24,C0395,India,SKU-527,Desk Organizer,3,36.85
INV-0395-002,2025-05-10,C0395,India,SKU-906,LED Bulb,5,22.1
INV-0395-003,2025-06-18,C0395,India,SKU-351,Cotton T-Shirt,3,57.0
INV-0395-004,2025-06-15,C0395,India,SKU-557,Water Bottle,1,192.72
INV-0395-005,2025-07-29,C0395,India,SKU-425,Yoga Mat,1,116.93
INV-0395-006,2025-04-10,C0395,USA,SKU-247,Backpack,1,149.0
INV-0395-007,2025-07-10,C0395,India,SKU-408,Cotton T-Shirt,5,38.21
INV-0395-008,2025-01-24,C0395,Germany,SKU-140,Phone Case,3,27.61
INV-0395-009,2025-06-06,C0395,India,SKU-319,Phone Case,2,94.97
INV-0395-010,2025-02-27,C0395,India,SKU-997,Notebook Pack,3,59.19
INV-0395-011,2025-09-06,C0395,United Kingdom,SKU-597,Coffee Beans 500g,1,132.26
INV-0395-012,2025-06-25,C0395,India,SKU-698,Wireless Mouse,4,30.13
INV-0395-013,2025-07-21,C0395,USA,SKU-887,Notebook Pack,1,113.45
INV-0396-001,2025-04-23,C0396,India,SKU-943,Desk Organizer,5,9.42
INV-0397-001,2025-06-10,C0397,India,SKU-442,Notebook Pack,1,165.88
INV-0397-002,2025-04-13,C0397,Germany,SKU-754,Notebook Pack,2,101.16
INV-0397-003,2025-11-05,C0397,United Kingdom,SKU-241,Coffee Beans 500g,3,46.25
INV-0397-004,2025-10-07,C0397,India,SKU-195,Cotton T-Shirt,2,40.23
INV-0397-005,2025-07-26,C0397,India,SKU-183,Wireless Mouse,1,97.94
INV-0397-006,2025-11-10,C0397,USA,SKU-836,Yoga Mat,5,15.93
INV-0397-007,2025-06-18,C0397,Germany,SKU-444,Coffee Beans 500g,4,23.62
INV-0397-008,2025-05-19,C0397,India,SKU-736,Wireless Mouse,1,82.95
INV-0397-009,2025-11-04,C0397,Germany,SKU-332,Desk Organizer,5,30.42
INV-0397-010,2025-11-13,C0397,India,SKU-222,Backpack,1,147.96
INV-0397-011,2025-09-10,C0397,United Kingdom,SKU-395,Yoga Mat,4,28.98
INV-0397-012,2025-01-26,C0397,United Kingdom,SKU-348,Phone Case,5,32.66
INV-0398-001,2025-01-29,C0398,Germany,SKU-610,LED Bulb,5,34.23
INV-0398-002,2025-11-12,C0398,United Kingdom,SKU-113,Wireless Mouse,4,14.82
INV-0398-003,2025-03-30,C0398,United Kingdom,SKU-856,Water Bottle,3,52.53
INV-0398-004,2025-02-07,C0398,India,SKU-872,Notebook Pack,3,46.5
INV-0398-005,2025-07-06,C0398,USA,SKU-994,Wireless Mouse,2,37.72
INV-0398-006,2025-11-17,C0398,United Kingdom,SKU-448,Yoga Mat,5,21.33
INV-0398-007,2025-04-01,C0398,United Kingdom,SKU-192,Wireless Mouse,2,63.73
INV-0399-001,2025-11-05,C0399,India,SKU-386,LED Bulb,5,46.22
INV-0399-002,2025-07-31,C0399,India,SKU-866,Wireless Mouse,4,65.78
INV-0399-003,2025-06-28,C0399,India,SKU-539,Wireless Mouse,1,257.28
INV-0399-004,2025-07-25,C0399,India,SKU-655,Water Bottle,4,62.9
INV-0399-005,2025-04-30,C0399,India,SKU-451,Wireless Mouse,2,100.49
INV-0399-006,2025-03-04,C0399,India,SKU-864,Notebook Pack,2,225.87
INV-0399-007,2025-04-07,C0399,India,SKU-276,Water Bottle,1,143.37
INV-0399-008,2025-08-08,C0399,India,SKU-250,Yoga Mat,1,372.6
INV-0399-009,2025-04-11,C0399,India,SKU-460,Desk Organizer,5,44.57
INV-0399-010,2025-03-02,C0399,India,SKU-868,Notebook Pack,2,69.37
INV-0399-011,2025-10-04,C0399,India,SKU-279,LED Bulb,2,154.8
INV-0399-012,2025-09-04,C0399,India,SKU-566,LED Bulb,1,134.17
INV-0400-001,2025-12-03,C0400,Germany,SKU-521,Coffee Beans 500g,2,83.98
INV-0400-002,2025-04-25,C0400,India,SKU-277,Desk Organizer,4,101.52
INV-0400-003,2025-03-27,C0400,USA,SKU-650,Yoga Mat,2,182.5
INV-0400-004,2025-07-06,C0400,United Kingdom,SKU-973,Phone Case,2,221.2
INV-0400-005,2025-09-19,C0400,USA,SKU-761,LED Bulb,3,112.26
INV-0400-006,2025-05-12,C0400,Germany,SKU-590,Water Bottle,5,91.47
INV-0400-007,2025-02-10,C0400,India,SKU-650,LED Bulb,1,275.94
INV-0400-008,2025-11-14,C0400,United Kingdom,SKU-806,Desk Organizer,3,174.92
INV-0400-009,2025-10-07,C0400,India,SKU-659,Phone Case,5,89.06
INV-0400-010,2025-04-24,C0400,India,SKU-826,Wireless Mouse,5,82.54
INV-0400-011,2025-10-20,C0400,USA,SKU-359,Coffee Beans 500g,4,109.67
INV-0400-012,2025-04-03,C0400,United Kingdom,SKU-611,Desk Organizer,5,105.08
INV-0400-013,2025-01-30,C0400,India,SKU-379,Coffee Beans 500g,2,108.82
INV-0400-014,2025-02-12,C0400,India,SKU-564,Backpack,1,394.84
INV-0400-015,2025-10-07,C0400,Germany,SKU-620,Phone Case,5,51.43
INV-0400-016,2025-07-09,C0400,India,SKU-232,Yoga Mat,5,80.99
INV-0400-017,2025-03-15,C0400,USA,SKU-692,Yoga Mat,4,112.9
INV-0400-018,2025-09-15,C0400,USA,SKU-637,Yoga Mat,4,118.08
INV-0400-019,2025-11-20,C0400,USA,SKU-378,Desk Organizer,1,517.48
INV-0400-020,2025-07-27,C0400,United Kingdom,SKU-624,Water Bottle,5,69.09
INV-0400-021,2025-06-23,C0400,USA,SKU-426,Water Bottle,2,208.67
INV-0400-022,2025-08-17,C0400,USA,SKU-523,Wireless Mouse,4,61.62
INV-0400-023,2025-09-22,C0400,USA,SKU-439,Notebook Pack,4,103.16
INV-0401-001,2025-02-01,C0401,United Kingdom,SKU-972,Wireless Mouse,4,4.98
INV-0401-002,2025-07-29,C0401,Germany,SKU-165,Coffee Beans 500g,5,3.86
INV-0401-003,2024-12-25,C0401,India,SKU-642,Yoga Mat,3,12.24
INV-0401-004,2025-05-11,C0401,USA,SKU-832,Phone Case,4,7.11
INV-0401-005,2025-04-16,C0401,United Kingdom,SKU-877,Wireless Mouse,4,10.55
INV-0402-001,2024-12-20,C0402,USA,SKU-990,LED Bulb,1,12.64
INV-0402-002,2025-08-22,C0402,United Kingdom,SKU-291,Desk Organizer,1,25.8
INV-0403-001,2025-04-26,C0403,India,SKU-179,Notebook Pack,4,3.22
INV-0403-002,2025-02-08,C0403,India,SKU-603,Cotton T-Shirt,2,14.34
INV-0403-003,2025-02-27,C0403,USA,SKU-726,Yoga Mat,5,2.78
INV-0403-004,2025-03-03,C0403,United Kingdom,SKU-663,Cotton T-Shirt,1,24.36
INV-0403-005,2025-01-30,C0403,India,SKU-692,LED Bulb,4,6.18
INV-0403-006,2025-07-12,C0403,India,SKU-760,Phone Case,2,12.37
INV-0404-001,2025-08-19,C0404,India,SKU-324,Desk Organizer,4,15.46
INV-0404-002,2025-08-02,C0404,USA,SKU-195,Phone Case,5,11.21
INV-0404-003,2025-03-24,C0404,India,SKU-212,Phone Case,3,6.7
INV-0404-004,2025-01-26,C0404,India,SKU-721,Yoga Mat,2,13.99
INV-0405-001,2025-06-29,C0405,USA,SKU-215,Wireless Mouse,5,4.63
INV-0405-002,2025-02-22,C0405,United Kingdom,SKU-350,Phone Case,1,35.52
INV-0405-003,2025-05-25,C0405,USA,SKU-717,Yoga Mat,2,23.0
INV-0405-004,2025-05-09,C0405,India,SKU-936,Water Bottle,2,29.47
INV-0405-005,2025-01-20,C0405,India,SKU-376,Phone Case,1,60.52
INV-0406-001,2025-05-25,C0406,India,SKU-958,Phone Case,4,8.11
INV-0406-002,2025-09-21,C0406,India,SKU-922,Coffee Beans 500g,4,4.41
INV-0406-003,2025-08-27,C0406,India,SKU-928,Phone Case,3,7.08
INV-0406-004,2025-05-29,C0406,India,SKU-502,Desk Organizer,4,5.82
INV-0406-005,2025-02-27,C0406,USA,SKU-419,Notebook Pack,2,24.96
INV-0406-006,2025-03-02,C0406,USA,SKU-350,Phone Case,1,20.94
INV-0407-001,2025-09-11,C0407,United Kingdom,SKU-418,Desk Organizer,2,40.2
INV-0407-002,2025-08-17,C0407,India,SKU-591,Desk Organizer,3,73.16
INV-0407-003,2025-11-08,C0407,USA,SKU-764,Coffee Beans 500g,4,43.11
INV-0407-004,2025-05-31,C0407,India,SKU-426,Water Bottle,5,14.64
INV-0407-005,2025-03-26,C0407,USA,SKU-855,LED Bulb,2,95.13
INV-0407-006,2025-04-23,C0407,USA,SKU-383,Wireless Mouse,2,63.83
INV-0408-001,2025-02-17,C0408,USA,SKU-944,Phone Case,3,24.25
INV-0408-002,2025-03-25,C0408,Germany,SKU-989,Coffee Beans 500g,4,28.14
INV-0408-003,2025-07-24,C0408,USA,SKU-151,Water Bottle,4,14.74
INV-0408-004,2024-10-22,C0408,India,SKU-843,Water Bottle,5,14.81
INV-0408-005,2024-12-06,C0408,India,SKU-329,Cotton T-Shirt,3,29.48
INV-0408-006,2025-04-05,C0408,Germany,SKU-235,LED Bulb,4,24.17
INV-0408-007,2025-02-11,C0408,United Kingdom,SKU-333,Water Bottle,5,10.71
INV-0409-001,2025-03-08,C0409,India,SKU-689,Water Bottle,2,20.36
INV-0409-002,2025-09-26,C0409,United Kingdom,SKU-349,LED Bulb,4,9.15
INV-0410-001,2025-06-24,C0410,India,SKU-695,Wireless Mouse,1,88.62
INV-0411-001,2025-01-04,C0411,United Kingdom,SKU-628,Desk Organizer,2,18.13
INV-0411-002,2025-02-08,C0411,India,SKU-380,Water Bottle,5,9.72
INV-0411-003,2025-10-22,C0411,India,SKU-252,Notebook Pack,3,10.01
INV-0411-004,2025-09-19,C0411,United Kingdom,SKU-559,LED Bulb,4,15.59
INV-0412-001,2025-08-16,C0412,India,SKU-379,Desk Organizer,4,26.73
INV-0412-002,2025-02-05,C0412,India,SKU-616,Wireless Mouse,2,69.79
INV-0412-003,2025-02-06,C0412,India,SKU-343,Notebook Pack,1,126.63
INV-0412-004,2025-10-19,C0412,United Kingdom,SKU-796,Yoga Mat,4,32.35
INV-0412-005,2025-07-29,C0412,India,SKU-724,Coffee Beans 500g,1,91.38
INV-0412-006,2025-09-18,C0412,India,SKU-689,Coffee Beans 500g,3,62.59
INV-0412-007,2025-09-17,C0412,Germany,SKU-517,Cotton T-Shirt,5,27.49
INV-0412-008,2025-07-05,C0412,Germany,SKU-661,Cotton T-Shirt,4,44.85
INV-0412-009,2025-11-02,C0412,United Kingdom,SKU-647,Wireless Mouse,3,37.56
INV-0412-010,2025-05-04,C0412,India,SKU-294,Water Bottle,3,18.48
INV-0412-011,2025-08-24,C0412,India,SKU-367,Yoga Mat,3,60.43
INV-0413-001,2025-02-11,C0413,Germany,SKU-514,Cotton T-Shirt,1,319.43
INV-0413-002,2025-11-02,C0413,India,SKU-166,LED Bulb,5,47.34
INV-0413-003,2025-07-04,C0413,Germany,SKU-444,Notebook Pack,1,466.41
INV-0413-004,2025-05-23,C0413,United Kingdom,SKU-963,Desk Organizer,4,77.25
INV-0413-005,2025-06-23,C0413,United Kingdom,SKU-812,Desk Organizer,3,57.51
INV-0413-006,2025-08-24,C0413,India,SKU-959,Coffee Beans 500g,2,181.9
INV-0413-007,2025-09-25,C0413,India,SKU-377,Wireless Mouse,1,247.51
INV-0413-008,2025-06-06,C0413,India,SKU-194,LED Bulb,4,47.85
INV-0413-009,2025-09-11,C0413,USA,SKU-615,Wireless Mouse,4,45.86
INV-0413-010,2025-07-24,C0413,India,SKU-769,Backpack,3,172.35
INV-0413-011,2025-09-15,C0413,India,SKU-333,Water Bottle,4,75.19
INV-0413-012,2025-07-14,C0413,India,SKU-533,Desk Organizer,5,86.26
INV-0413-013,2025-05-07,C0413,Germany,SKU-201,Coffee Beans 500g,1,335.9
INV-0413-014,2025-04-09,C0413,United Kingdom,SKU-326,Phone Case,4,49.03
INV-0413-015,2025-03-29,C0413,USA,SKU-926,Water Bottle,2,187.68
INV-0413-016,2025-06-29,C0413,India,SKU-954,Phone Case,2,216.16
INV-0414-001,2025-11-16,C0414,USA,SKU-116,Backpack,1,51.73
INV-0415-001,2024-11-25,C0415,India,SKU-686,Backpack,5,4.13
INV-0415-002,2025-08-28,C0415,United Kingdom,SKU-160,Water Bottle,3,11.03
INV-0415-003,2025-06-01,C0415,Germany,SKU-673,Backpack,1,24.77
INV-0415-004,2025-08-21,C0415,USA,SKU-896,Water Bottle,3,7.4
INV-0416-001,2025-09-15,C0416,USA,SKU-243,LED Bulb,3,28.98
INV-0416-002,2025-03-29,C0416,India,SKU-539,Backpack,4,52.04
INV-0416-003,2025-11-12,C0416,United Kingdom,SKU-841,Yoga Mat,4,44.98
INV-0416-004,2025-03-07,C0416,India,SKU-322,Desk Organizer,4,21.32
INV-0416-005,2025-06-24,C0416,USA,SKU-814,Yoga Mat,1,249.19
INV-0416-006,2025-10-04,C0416,USA,SKU-620,Notebook Pack,3,43.54
INV-0416-007,2025-10-16,C0416,Germany,SKU-655,Yoga Mat,3,43.74
INV-0417-001,2025-05-23,C0417,United Kingdom,SKU-697,Phone Case,4,5.1
INV-0417-002,2025-03-06,C0417,India,SKU-706,Cotton T-Shirt,1,25.9
INV-0417-003,2025-02-21,C0417,USA,SKU-952,Wireless Mouse,4,3.14
INV-0418-001,2025-07-18,C0418,India,SKU-848,LED Bulb,4,36.52
INV-0418-002,2025-07-27,C0418,USA,SKU-539,Yoga Mat,5,36.16
INV-0418-003,2024-11-09,C0418,India,SKU-510,Phone Case,4,34.96
INV-0418-004,2025-04-04,C0418,India,SKU-160,Coffee Beans 500g,4,49.55
INV-0418-005,2025-03-18,C0418,India,SKU-923,Cotton T-Shirt,5,24.59
INV-0418-006,2025-01-06,C0418,United Kingdom,SKU-841,Desk Organizer,3,72.78
INV-0418-007,2025-07-04,C0418,India,SKU-994,Yoga Mat,4,27.51
INV-0418-008,2024-11-22,C0418,India,SKU-377,Notebook Pack,2,72.18
INV-0418-009,2024-09-29,C0418,India,SKU-332,Water Bottle,1,302.43
INV-0419-001,2025-07-22,C0419,United Kingdom,SKU-368,Water Bottle,1,491.89
INV-0419-002,2025-06-23,C0419,USA,SKU-485,Coffee Beans 500g,2,97.48
INV-0419-003,2025-10-22,C0419,India,SKU-457,LED Bulb,2,200.0
INV-0419-004,2025-08-10,C0419,India,SKU-648,Backpack,5,64.93
INV-0419-005,2025-10-24,C0419,USA,SKU-407,Yoga Mat,5,71.35
INV-0419-006,2025-08-06,C0419,India,SKU-466,Wireless Mouse,3,74.31
INV-0419-007,2025-03-03,C0419,India,SKU-949,Wireless Mouse,1,213.21
INV-0419-008,2025-09-01,C0419,Germany,SKU-879,LED Bulb,3,83.58
INV-0419-009,2025-09-09,C0419,India,SKU-776,Yoga Mat,5,29.66
INV-0419-010,2025-11-11,C0419,USA,SKU-219,Desk Organizer,4,64.77
INV-0419-011,2025-05-06,C0419,United Kingdom,SKU-970,Notebook Pack,5,65.61
INV-0419-012,2025-07-20,C0419,India,SKU-939,Water Bottle,1,129.13
INV-0419-013,2025-11-01,C0419,Germany,SKU-519,Phone Case,2,217.35
INV-0419-014,2025-11-09,C0419,United Kingdom,SKU-304,Water Bottle,3,147.11
INV-0420-001,2025-11-16,C0420,India,SKU-735,Desk Organizer,1,67.07
INV-0420-002,2025-11-23,C0420,India,SKU-847,Desk Organizer,5,7.93
INV-0421-001,2025-02-19,C0421,India,SKU-847,Water Bottle,2,26.95
INV-0421-002,2025-11-12,C0421,India,SKU-731,Notebook Pack,3,11.7
INV-0421-003,2025-07-03,C0421,India,SKU-700,Desk Organizer,3,27.56
INV-0421-004,2025-06-14,C0421,India,SKU-884,Backpack,2,46.09
INV-0421-005,2025-08-28,C0421,India,SKU-886,Cotton T-Shirt,2,28.78
INV-0421-006,2025-09-11,C0421,United Kingdom,SKU-527,Cotton T-Shirt,4,19.04
INV-0421-007,2025-08-25,C0421,Germany,SKU-618,Phone Case,1,64.95
INV-0422-001,2025-04-30,C0422,India,SKU-896,Yoga Mat,5,4.64
INV-0422-002,2025-02-08,C0422,India,SKU-237,Yoga Mat,3,3.47
INV-0422-003,2025-08-13,C0422,USA,SKU-622,Desk Organizer,2,14.14
INV-0423-001,2025-08-20,C0423,USA,SKU-464,Wireless Mouse,5,8.6
INV-0424-001,2025-04-05,C0424,United Kingdom,SKU-233,Cotton T-Shirt,2,18.73
INV-0425-001,2025-05-11,C0425,Germany,SKU-733,LED Bulb,2,5.55
INV-0425-002,2025-08-08,C0425,India,SKU-297,Wireless Mouse,4,10.38
INV-0425-003,2025-01-05,C0425,India,SKU-394,Phone Case,3,7.99
INV-0425-004,2025-09-04,C0425,United Kingdom,SKU-165,Notebook Pack,3,4.76
INV-0425-005,2025-02-26,C0425,India,SKU-145,Yoga Mat,3,10.27
INV-0425-006,2025-07-24,C0425,India,SKU-127,Wireless Mouse,4,3.1
INV-0426-001,2025-03-25,C0426,India,SKU-198,Notebook Pack,3,9.97
INV-0426-002,2025-09-30,C0426,United Kingdom,SKU-348,Yoga Mat,2,10.57
INV-0426-003,2025-05-29,C0426,USA,SKU-616,Wireless Mouse,2,8.72
INV-0426-004,2025-05-09,C0426,United Kingdom,SKU-510,Yoga Mat,3,10.13
INV-0426-005,2024-12-27,C0426,India,SKU-686,Desk Organizer,5,4.51
INV-0426-006,2025-02-07,C0426,USA,SKU-402,Notebook Pack,2,14.42
INV-0427-001,2025-08-18,C0427,India,SKU-722,Coffee Beans 500g,3,50.37
INV-0427-002,2024-11-26,C0427,India,SKU-952,Wireless Mouse,3,42.69
INV-0427-003,2024-10-24,C0427,USA,SKU-976,LED Bulb,2,81.93
INV-0427-004,2025-02-23,C0427,India,SKU-846,Phone Case,1,214.34
INV-0428-001,2025-11-09,C0428,India,SKU-504,Yoga Mat,2,153.5
INV-0428-002,2025-04-20,C0428,India,SKU-514,Coffee Beans 500g,2,82.27
INV-0428-003,2025-12-02,C0428,United Kingdom,SKU-602,Water Bottle,5,20.14
INV-0428-004,2025-05-28,C0428,India,SKU-456,Backpack,2,147.04
INV-0428-005,2025-10-02,C0428,USA,SKU-992,LED Bulb,2,87.25
INV-0428-006,2025-11-12,C0428,India,SKU-986,Backpack,4,49.88
INV-0428-007,2025-06-06,C0428,Germany,SKU-685,Yoga Mat,3,95.87
INV-0428-008,2025-11-03,C0428,India,SKU-358,Yoga Mat,4,29.89
INV-0428-009,2025-08-11,C0428,USA,SKU-619,Wireless Mouse,5,40.86
INV-0428-010,2025-10-17,C0428,India,SKU-643,Wireless Mouse,1,109.72
INV-0428-011,2025-03-13,C0428,India,SKU-928,Desk Organizer,1,267.36
INV-0428-012,2025-10-29,C0428,India,SKU-309,LED Bulb,2,97.78
INV-0428-013,2025-03-21,C0428,India,SKU-586,Coffee Beans 500g,1,323.43
INV-0428-014,2025-03-10,C0428,India,SKU-802,Backpack,1,117.36
INV-0428-015,2025-06-20,C0428,India,SKU-608,Yoga Mat,1,220.06
INV-0428-016,2025-10-14,C0428,India,SKU-845,LED Bulb,4,24.18
INV-0428-017,2025-06-17,C0428,United Kingdom,SKU-818,Water Bottle,4,64.63
INV-0428-018,2025-06-30,C0428,USA,SKU-955,Notebook Pack,2,86.8
INV-0428-019,2025-06-12,C0428,United Kingdom,SKU-553,Backpack,5,56.13
INV-0428-020,2025-08-29,C0428,India,SKU-705,Notebook Pack,4,25.05
INV-0428-021,2025-07-20,C0428,India,SKU-650,Desk Organizer,3,54.58
INV-0428-022,2025-02-09,C0428,India,SKU-776,LED Bulb,4,34.45
INV-0428-023,2025-09-17,C0428,India,SKU-826,Phone Case,4,27.93
INV-0428-024,2025-06-01,C0428,Germany,SKU-538,Backpack,5,29.57
INV-0428-025,2025-06-21,C0428,India,SKU-507,Desk Organizer,4,86.14
INV-0429-001,2025-04-28,C0429,India,SKU-944,Cotton T-Shirt,5,16.26
INV-0430-001,2025-04-25,C0430,USA,SKU-488,Yoga Mat,1,257.48
INV-0430-002,2025-01-31,C0430,United Kingdom,SKU-820,Notebook Pack,4,18.68
INV-0430-003,2025-04-22,C0430,India,SKU-845,LED Bulb,1,230.2
INV-0430-004,2025-07-06,C0430,India,SKU-747,Wireless Mouse,1,91.12
INV-0430-005,2025-12-09,C0430,India,SKU-655,Notebook Pack,4,20.35
INV-0430-006,2025-10-04,C0430,India,SKU-893,Cotton T-Shirt,2,108.89
INV-0430-007,2025-05-14,C0430,India,SKU-901,LED Bulb,2,71.06
INV-0430-008,2025-06-19,C0430,USA,SKU-742,Cotton T-Shirt,2,63.96
INV-0430-009,2025-02-01,C0430,USA,SKU-613,Coffee Beans 500g,4,65.26
INV-0430-010,2025-11-21,C0430,India,SKU-374,Desk Organizer,1,122.93
INV-0430-011,2025-06-30,C0430,USA,SKU-916,Coffee Beans 500g,3,61.53
INV-0430-012,2025-03-09,C0430,USA,SKU-455,Phone Case,2,78.47
INV-0430-013,2025-08-24,C0430,India,SKU-821,LED Bulb,2,121.41
INV-0431-001,2025-01-27,C0431,United Kingdom,SKU-278,Yoga Mat,3,70.96
INV-0431-002,2025-07-10,C0431,USA,SKU-949,Desk Organizer,3,24.73
INV-0431-003,2025-12-01,C0431,USA,SKU-246,LED Bulb,5,45.28
INV-0431-004,2025-04-22,C0431,India,SKU-653,Coffee Beans 500g,5,47.73
INV-0431-005,2025-03-29,C0431,India,SKU-499,Cotton T-Shirt,2,54.5
INV-0431-006,2025-06-12,C0431,USA,SKU-911,Wireless Mouse,1,153.72
INV-0431-007,2025-06-17,C0431,India,SKU-964,Coffee Beans 500g,4,69.47
INV-0431-008,2025-01-28,C0431,India,SKU-676,Notebook Pack,4,53.81
INV-0431-009,2025-01-21,C0431,Germany,SKU-689,Desk Organizer,5,36.4
INV-0431-010,2025-08-12,C0431,USA,SKU-998,Wireless Mouse,1,239.59
INV-0432-001,2025-09-26,C0432,USA,SKU-713,Cotton T-Shirt,5,40.56
INV-0432-002,2025-08-07,C0432,India,SKU-830,Cotton T-Shirt,3,76.42
INV-0432-003,2025-01-28,C0432,Germany,SKU-983,Phone Case,3,85.83
INV-0432-004,2025-07-12,C0432,India,SKU-156,Desk Organizer,3,65.73
INV-0432-005,2025-06-08,C0432,USA,SKU-503,Desk Organizer,4,23.54
INV-0432-006,2025-10-30,C0432,India,SKU-521,Notebook Pack,5,36.49
INV-0432-007,2025-09-01,C0432,India,SKU-954,Yoga Mat,5,32.24
INV-0432-008,2025-08-24,C0432,United Kingdom,SKU-669,Coffee Beans 500g,5,51.52
INV-0432-009,2025-05-20,C0432,India,SKU-326,Backpack,1,162.84
INV-0432-010,2025-07-15,C0432,India,SKU-903,Coffee Beans 500g,5,35.12
INV-0433-001,2024-12-08,C0433,Germany,SKU-690,Backpack,5,15.33
INV-0433-002,2025-01-07,C0433,India,SKU-444,Phone Case,5,32.96
INV-0433-003,2024-12-28,C0433,India,SKU-673,Backpack,4,31.92
INV-0433-004,2024-12-02,C0433,India,SKU-417,Desk Organizer,1,114.71
INV-0433-005,2025-05-15,C0433,India,SKU-610,Cotton T-Shirt,3,28.46
INV-0433-006,2024-11-03,C0433,India,SKU-442,Yoga Mat,4,61.11
INV-0433-007,2025-03-19,C0433,India,SKU-671,Yoga Mat,3,60.41
INV-0434-001,2025-08-05,C0434,India,SKU-960,Backpack,2,27.34
INV-0435-001,2025-03-25,C0435,India,SKU-222,Coffee Beans 500g,1,136.02
INV-0435-002,2025-05-23,C0435,United Kingdom,SKU-120,Yoga Mat,3,34.66
INV-0435-003,2025-05-03,C0435,India,SKU-300,Backpack,4,22.33
INV-0435-004,2025-05-27,C0435,United Kingdom,SKU-377,Desk Organizer,5,41.3
INV-0435-005,2025-05-25,C0435,India,SKU-667,Cotton T-Shirt,3,58.39
INV-0435-006,2025-01-27,C0435,India,SKU-837,Cotton T-Shirt,2,80.48
INV-0435-007,2025-11-26,C0435,United Kingdom,SKU-576,Phone Case,1,202.5
INV-0435-008,2025-10-07,C0435,United Kingdom,SKU-459,Wireless Mouse,1,159.66
INV-0435-009,2025-03-17,C0435,USA,SKU-883,Coffee Beans 500g,2,90.55
INV-0435-010,2025-05-11,C0435,United Kingdom,SKU-213,Notebook Pack,3,60.74
INV-0435-011,2025-09-22,C0435,United Kingdom,SKU-943,Desk Organizer,5,27.79
INV-0435-012,2025-09-17,C0435,India,SKU-785,Wireless Mouse,1,144.81
INV-0435-013,2025-04-14,C0435,USA,SKU-631,Wireless Mouse,1,207.43
INV-0436-001,2025-10-22,C0436,India,SKU-933,Yoga Mat,1,84.68
INV-0437-001,2024-10-28,C0437,United Kingdom,SKU-623,Backpack,2,9.42
INV-0437-002,2024-10-27,C0437,India,SKU-381,Notebook Pack,3,8.04
INV-0437-003,2025-04-26,C0437,United Kingdom,SKU-447,Wireless Mouse,2,6.99
INV-0437-004,2025-02-19,C0437,India,SKU-780,Desk Organizer,2,11.06
INV-0437-005,2025-07-19,C0437,India,SKU-281,LED Bulb,3,2.91
INV-0437-006,2025-03-03,C0437,United Kingdom,SKU-901,Phone Case,3,7.71
INV-0438-001,2024-10-09,C0438,United Kingdom,SKU-180,Wireless Mouse,1,93.64
INV-0438-002,2025-05-08,C0438,India,SKU-953,Yoga Mat,3,43.93
INV-0438-003,2025-04-06,C0438,India,SKU-166,Backpack,3,38.05
INV-0438-004,2025-03-02,C0438,United Kingdom,SKU-966,LED Bulb,2,49.32
INV-0438-005,2024-12-22,C0438,United Kingdom,SKU-920,Yoga Mat,3,34.58
INV-0438-006,2025-03-23,C0438,Germany,SKU-441,Water Bottle,4,25.85
INV-0438-007,2025-02-11,C0438,USA,SKU-683,Desk Organizer,1,135.04
INV-0438-008,2025-02-20,C0438,India,SKU-708,Notebook Pack,4,18.55
INV-0439-001,2025-02-19,C0439,United Kingdom,SKU-804,Coffee Beans 500g,4,6.09
INV-0439-002,2025-01-10,C0439,India,SKU-955,Desk Organizer,4,6.82
INV-0439-003,2025-06-02,C0439,United Kingdom,SKU-137,Water Bottle,2,10.5
INV-0439-004,2025-05-02,C0439,Germany,SKU-842,Water Bottle,3,9.99
INV-0439-005,2025-01-20,C0439,United Kingdom,SKU-478,Yoga Mat,3,4.13
INV-0439-006,2025-04-13,C0439,India,SKU-451,Water Bottle,3,10.28
INV-0440-001,2025-07-13,C0440,India,SKU-620,Notebook Pack,2,16.95
INV-0440-002,2025-08-22,C0440,India,SKU-957,Yoga Mat,1,24.84
INV-0440-003,2025-07-12,C0440,United Kingdom,SKU-511,LED Bulb,2,23.59
INV-0441-001,2025-09-07,C0441,United Kingdom,SKU-390,Water Bottle,1,14.24
INV-0441-002,2025-01-24,C0441,USA,SKU-342,Backpack,3,17.73
INV-0442-001,2025-04-06,C0442,Germany,SKU-168,Notebook Pack,3,9.71
INV-0442-002,2025-03-23,C0442,India,SKU-183,Desk Organizer,1,80.35
INV-0443-001,2025-08-08,C0443,India,SKU-442,Wireless Mouse,1,17.26
INV-0443-002,2025-03-22,C0443,USA,SKU-421,Notebook Pack,2,3.69
INV-0443-003,2025-09-27,C0443,India,SKU-164,Notebook Pack,3,6.88
INV-0444-001,2025-07-01,C0444,India,SKU-217,Yoga Mat,4,27.31
INV-0444-002,2025-07-08,C0444,United Kingdom,SKU-500,Coffee Beans 500g,1,46.07
INV-0444-003,2025-06-13,C0444,India,SKU-579,Coffee Beans 500g,5,20.19
INV-0444-004,2025-02-16,C0444,India,SKU-314,Wireless Mouse,3,47.09
INV-0444-005,2025-02-25,C0444,USA,SKU-171,Desk Organizer,4,24.84
INV-0444-006,2025-02-15,C0444,USA,SKU-813,Notebook Pack,2,42.63
INV-0444-007,2025-01-11,C0444,India,SKU-351,Coffee Beans 500g,3,21.73
INV-0444-008,2025-01-08,C0444,United Kingdom,SKU-291,Phone Case,5,27.89
INV-0444-009,2025-02-21,C0444,India,SKU-244,Cotton T-Shirt,4,12.76
INV-0445-001,2025-08-14,C0445,United Kingdom,SKU-632,Desk Organizer,3,18.37
INV-0446-001,2025-06-08,C0446,Germany,SKU-263,Notebook Pack,2,45.87
INV-0446-002,2025-03-27,C0446,India,SKU-246,Phone Case,2,38.1
INV-0446-003,2025-12-11,C0446,India,SKU-986,Yoga Mat,4,31.1
INV-0446-004,2025-11-29,C0446,Germany,SKU-754,Water Bottle,2,20.55
INV-0446-005,2025-03-09,C0446,United Kingdom,SKU-276,Backpack,2,59.13
INV-0446-006,2025-11-02,C0446,United Kingdom,SKU-379,Wireless Mouse,1,63.64
INV-0446-007,2025-10-22,C0446,USA,SKU-603,Cotton T-Shirt,5,12.75
INV-0446-008,2025-09-17,C0446,India,SKU-715,Wireless Mouse,4,12.04
INV-0446-009,2025-08-11,C0446,India,SKU-348,Water Bottle,4,14.52
INV-0446-010,2025-09-18,C0446,United Kingdom,SKU-162,Cotton T-Shirt,2,28.99
INV-0446-011,2025-03-03,C0446,Germany,SKU-768,Coffee Beans 500g,4,22.67
INV-0446-012,2025-11-24,C0446,United Kingdom,SKU-513,Coffee Beans 500g,3,45.99
INV-0446-013,2025-07-01,C0446,United Kingdom,SKU-979,Coffee Beans 500g,1,104.16
INV-0447-001,2025-05-15,C0447,United Kingdom,SKU-501,Wireless Mouse,4,12.44
INV-0447-002,2025-04-20,C0447,Germany,SKU-542,Cotton T-Shirt,2,31.8
INV-0448-001,2025-07-01,C0448,India,SKU-363,Phone Case,5,4.78
INV-0448-002,2025-04-27,C0448,United Kingdom,SKU-561,Backpack,4,9.7
INV-0448-003,2025-07-02,C0448,India,SKU-480,Backpack,1,55.83
INV-0448-004,2025-08-08,C0448,USA,SKU-548,Cotton T-Shirt,4,12.32
INV-0448-005,2025-01-07,C0448,India,SKU-957,Desk Organizer,4,7.31
INV-0448-006,2025-09-27,C0448,United Kingdom,SKU-244,Coffee Beans 500g,3,14.87
INV-0449-001,2025-02-17,C0449,USA,SKU-992,Coffee Beans 500g,3,33.93
INV-0449-002,2025-10-01,C0449,United Kingdom,SKU-860,Coffee Beans 500g,5,27.56
INV-0449-003,2025-05-19,C0449,United Kingdom,SKU-716,LED Bulb,1,101.67
INV-0449-004,2025-02-02,C0449,India,SKU-667,Backpack,3,66.58
INV-0449-005,2025-04-27,C0449,India,SKU-947,Phone Case,3,39.54
INV-0449-006,2025-04-15,C0449,United Kingdom,SKU-531,Yoga Mat,5,22.1
INV-0449-007,2025-02-25,C0449,United Kingdom,SKU-164,Notebook Pack,5,15.12
INV-0449-008,2025-10-20,C0449,India,SKU-433,Desk Organizer,2,67.64
INV-0449-009,2025-10-03,C0449,USA,SKU-270,Wireless Mouse,2,105.45
INV-0449-010,2025-03-02,C0449,United Kingdom,SKU-997,LED Bulb,1,133.85
INV-0450-001,2025-08-09,C0450,United Kingdom,SKU-332,Yoga Mat,1,53.12
INV-0450-002,2025-05-03,C0450,India,SKU-646,Desk Organizer,1,43.5
INV-0450-003,2025-06-26,C0450,United Kingdom,SKU-629,Yoga Mat,1,97.17
INV-0450-004,2025-08-01,C0450,India,SKU-247,Phone Case,2,38.33
INV-0450-005,2025-03-26,C0450,India,SKU-268,LED Bulb,1,45.89
INV-0450-006,2025-01-27,C0450,United Kingdom,SKU-487,Water Bottle,5,22.76
INV-0450-007,2025-09-30,C0450,India,SKU-829,Desk Organizer,2,49.22
INV-0450-008,2025-03-24,C0450,United Kingdom,SKU-144,Yoga Mat,2,44.25
INV-0450-009,2025-05-18,C0450,India,SKU-885,Wireless Mouse,2,53.17
INV-0450-010,2025-02-22,C0450,United Kingdom,SKU-896,Cotton T-Shirt,2,15.89
INV-0450-011,2025-10-27,C0450,United Kingdom,SKU-841,LED Bulb,4,26.92
INV-0450-012,2025-10-12,C0450,India,SKU-609,Phone Case,3,12.19
INV-0450-013,2025-01-21,C0450,India,SKU-302,Backpack,2,41.53
INV-0451-001,2025-06-26,C0451,India,SKU-525,Coffee Beans 500g,3,21.11
INV-0451-002,2025-05-30,C0451,India,SKU-182,LED Bulb,4,14.34
INV-0451-003,2025-02-18,C0451,USA,SKU-516,Notebook Pack,5,3.66
INV-0451-004,2025-05-08,C0451,United Kingdom,SKU-488,Yoga Mat,5,4.78
INV-0452-001,2025-05-03,C0452,India,SKU-709,Backpack,1,136.1
INV-0452-002,2025-06-10,C0452,United Kingdom,SKU-753,Backpack,3,55.48
INV-0452-003,2025-07-05,C0452,India,SKU-766,Coffee Beans 500g,3,30.19
INV-0452-004,2025-05-13,C0452,India,SKU-403,Coffee Beans 500g,5,36.2
INV-0452-005,2025-03-14,C0452,India,SKU-677,Backpack,2,58.33
INV-0452-006,2025-10-27,C0452,USA,SKU-558,Wireless Mouse,2,63.65
INV-0452-007,2025-08-31,C0452,Germany,SKU-349,Backpack,4,35.26
INV-0452-008,2025-03-31,C0452,Germany,SKU-329,Water Bottle,3,48.91
INV-0453-001,2025-07-13,C0453,USA,SKU-847,LED Bulb,5,4.91
INV-0454-001,2025-02-19,C0454,United Kingdom,SKU-650,Backpack,5,5.36
INV-0454-002,2025-01-25,C0454,India,SKU-276,LED Bulb,3,4.02
INV-0454-003,2025-03-08,C0454,United Kingdom,SKU-434,LED Bulb,4,6.09
INV-0454-004,2025-08-28,C0454,USA,SKU-382,Wireless Mouse,1,23.49
INV-0455-001,2025-09-08,C0455,USA,SKU-671,Phone Case,5,21.04
INV-0455-002,2025-05-05,C0455,USA,SKU-192,Cotton T-Shirt,1,90.57
INV-0456-001,2025-10-30,C0456,India,SKU-181,Cotton T-Shirt,5,17.86
INV-0457-001,2025-05-23,C0457,United Kingdom,SKU-689,Phone Case,3,37.41
INV-0457-002,2025-02-16,C0457,India,SKU-193,Phone Case,2,133.52
INV-0457-003,2025-05-13,C0457,Germany,SKU-879,Water Bottle,5,34.14
INV-0457-004,2025-03-09,C0457,India,SKU-825,Yoga Mat,1,180.5
INV-0457-005,2025-04-27,C0457,United Kingdom,SKU-502,Yoga Mat,2,80.71
INV-0457-006,2025-09-07,C0457,United Kingdom,SKU-533,Desk Organizer,4,54.61
INV-0457-007,2025-05-17,C0457,United Kingdom,SKU-743,LED Bulb,5,54.81
INV-0457-008,2025-02-13,C0457,Germany,SKU-157,Backpack,2,121.82
INV-0457-009,2025-02-09,C0457,India,SKU-100,Yoga Mat,1,191.51
INV-0457-010,2025-09-10,C0457,India,SKU-753,LED Bulb,3,107.15
INV-0457-011,2025-06-09,C0457,USA,SKU-918,Water Bottle,3,80.71
INV-0457-012,2025-09-28,C0457,Germany,SKU-329,Yoga Mat,1,312.88
INV-0457-013,2025-11-02,C0457,India,SKU-910,Backpack,1,165.96
INV-0457-014,2025-01-26,C0457,USA,SKU-183,Notebook Pack,3,108.5
INV-0457-015,2025-04-02,C0457,India,SKU-692,Desk Organizer,2,103.87
INV-0457-016,2025-05-01,C0457,USA,SKU-344,Coffee Beans 500g,1,251.92
INV-0457-017,2025-11-28,C0457,United Kingdom,SKU-644,Wireless Mouse,2,164.02
INV-0457-018,2025-06-08,C0457,India,SKU-422,Yoga Mat,3,39.92
INV-0457-019,2025-11-09,C0457,India,SKU-179,Yoga Mat,1,175.26
INV-0458-001,2025-05-23,C0458,USA,SKU-303,Water Bottle,5,28.55
INV-0458-002,2025-01-14,C0458,USA,SKU-605,Water Bottle,5,20.73
INV-0458-003,2024-10-05,C0458,United Kingdom,SKU-846,Yoga Mat,3,20.2
INV-0458-004,2025-06-06,C0458,India,SKU-416,Cotton T-Shirt,4,31.2
INV-0458-005,2025-05-21,C0458,India,SKU-951,Cotton T-Shirt,2,52.0
INV-0458-006,2024-12-02,C0458,India,SKU-932,Cotton T-Shirt,5,25.87
INV-0458-007,2025-02-27,C0458,India,SKU-344,Wireless Mouse,1,86.74
INV-0459-001,2025-06-17,C0459,India,SKU-775,LED Bulb,5,8.01
INV-0459-002,2025-03-13,C0459,India,SKU-325,Water Bottle,5,10.64
INV-0459-003,2025-10-11,C0459,India,SKU-838,Desk Organizer,3,12.91
INV-0460-001,2025-04-04,C0460,India,SKU-260,Cotton T-Shirt,1,37.03
INV-0460-002,2025-12-12,C0460,India,SKU-460,Phone Case,4,20.0
INV-0461-001,2025-09-05,C0461,India,SKU-180,Cotton T-Shirt,4,43.57
INV-0461-002,2025-09-05,C0461,India,SKU-177,LED Bulb,2,50.21
INV-0461-003,2025-09-27,C0461,India,SKU-934,Water Bottle,3,28.01
INV-0461-004,2025-11-28,C0461,India,SKU-784,Water Bottle,4,42.53
INV-0461-005,2025-12-03,C0461,India,SKU-952,Notebook Pack,5,33.73
INV-0461-006,2025-10-30,C0461,USA,SKU-367,Notebook Pack,5,24.96
INV-0461-007,2025-02-13,C0461,USA,SKU-207,Cotton T-Shirt,3,34.18
INV-0461-008,2025-06-03,C0461,USA,SKU-659,Water Bottle,3,58.21
INV-0461-009,2025-03-07,C0461,India,SKU-674,Backpack,1,130.74
INV-0461-010,2025-01-29,C0461,India,SKU-323,Water Bottle,3,58.88
INV-0461-011,2025-10-07,C0461,USA,SKU-165,Cotton T-Shirt,3,39.05
INV-0461-012,2025-04-21,C0461,India,SKU-568,LED Bulb,1,55.1
INV-0462-001,2024-12-05,C0462,India,SKU-403,Water Bottle,3,10.6
INV-0462-002,2025-08-10,C0462,USA,SKU-924,Water Bottle,2,13.04
INV-0462-003,2025-07-26,C0462,India,SKU-794,Yoga Mat,4,9.95
INV-0462-004,2024-12-29,C0462,India,SKU-979,Cotton T-Shirt,4,8.44
INV-0462-005,2024-12-01,C0462,United Kingdom,SKU-980,Wireless Mouse,3,11.46
INV-0462-006,2025-04-20,C0462,United Kingdom,SKU-947,Phone Case,4,11.63
INV-0463-001,2025-09-13,C0463,Germany,SKU-411,Backpack,2,12.32
INV-0463-002,2025-10-11,C0463,United Kingdom,SKU-107,Coffee Beans 500g,1,60.6
INV-0463-003,2025-04-30,C0463,India,SKU-286,Yoga Mat,2,23.01
INV-0463-004,2025-04-03,C0463,USA,SKU-646,LED Bulb,5,7.87
INV-0463-005,2025-09-15,C0463,United Kingdom,SKU-801,Backpack,3,11.84
INV-0464-001,2025-06-15,C0464,India,SKU-258,Backpack,5,67.79
INV-0464-002,2025-02-19,C0464,India,SKU-977,Desk Organizer,2,134.74
INV-0464-003,2025-04-15,C0464,United Kingdom,SKU-312,Cotton T-Shirt,1,299.48
INV-0464-004,2025-11-19,C0464,India,SKU-206,Backpack,3,86.9
INV-0464-005,2025-11-23,C0464,India,SKU-792,Cotton T-Shirt,2,168.12
INV-0464-006,2025-06-10,C0464,United Kingdom,SKU-284,Cotton T-Shirt,3,78.57
INV-0464-007,2025-11-11,C0464,Germany,SKU-668,Water Bottle,4,121.76
INV-0464-008,2025-08-04,C0464,India,SKU-479,Wireless Mouse,4,48.63
INV-0464-009,2025-07-14,C0464,India,SKU-910,Coffee Beans 500g,5,89.38
INV-0464-010,2025-06-25,C0464,India,SKU-886,Water Bottle,1,531.14
INV-0464-011,2025-10-08,C0464,United Kingdom,SKU-970,Coffee Beans 500g,4,115.52
INV-0464-012,2025-10-19,C0464,United Kingdom,SKU-525,LED Bulb,2,257.79
INV-0465-001,2025-01-10,C0465,India,SKU-252,Wireless Mouse,5,24.31
INV-0465-002,2025-06-16,C0465,United Kingdom,SKU-323,Wireless Mouse,5,43.76
INV-0465-003,2025-03-05,C0465,United Kingdom,SKU-387,Notebook Pack,2,41.87
INV-0465-004,2024-12-21,C0465,India,SKU-846,Cotton T-Shirt,5,45.2
INV-0465-005,2025-07-01,C0465,Germany,SKU-166,Backpack,1,124.94
INV-0465-006,2025-04-19,C0465,India,SKU-824,Desk Organizer,2,61.9
INV-0465-007,2025-07-19,C0465,India,SKU-642,Coffee Beans 500g,3,55.86
INV-0466-001,2025-08-22,C0466,USA,SKU-282,Desk Organizer,1,139.14
INV-0466-002,2025-08-09,C0466,India,SKU-334,Desk Organizer,5,24.98
INV-0466-003,2025-02-03,C0466,India,SKU-787,Desk Organizer,2,45.87
INV-0466-004,2025-06-14,C0466,India,SKU-295,Yoga Mat,2,65.97
INV-0466-005,2024-11-16,C0466,Germany,SKU-920,Wireless Mouse,2,84.69
INV-0466-006,2025-07-18,C0466,India,SKU-533,Water Bottle,4,51.04
INV-0466-007,2025-01-29,C0466,India,SKU-484,Desk Organizer,4,52.52
INV-0466-008,2025-05-23,C0466,India,SKU-551,Wireless Mouse,1,82.98
INV-0466-009,2024-12-09,C0466,USA,SKU-737,Cotton T-Shirt,1,262.1
INV-0467-001,2025-11-08,C0467,India,SKU-199,Yoga Mat,2,51.35
INV-0467-002,2025-11-22,C0467,India,SKU-890,Wireless Mouse,5,7.34
INV-0467-003,2025-07-29,C0467,India,SKU-585,Phone Case,3,12.21
INV-0467-004,2025-05-25,C0467,India,SKU-458,Wireless Mouse,5,10.18
INV-0467-005,2025-11-23,C0467,Germany,SKU-868,Desk Organizer,1,90.92
INV-0467-006,2025-02-18,C0467,India,SKU-974,Backpack,4,23.45
INV-0467-007,2025-11-20,C0467,India,SKU-702,Desk Organizer,5,9.68
INV-0467-008,2025-05-10,C0467,India,SKU-238,Notebook Pack,5,18.08
INV-0467-009,2025-12-04,C0467,USA,SKU-229,Water Bottle,3,41.66
INV-0467-010,2025-12-01,C0467,USA,SKU-570,Cotton T-Shirt,1,63.56
INV-0467-011,2025-03-26,C0467,United Kingdom,SKU-770,Desk Organizer,2,57.15
INV-0467-012,2025-08-05,C0467,USA,SKU-302,Cotton T-Shirt,2,21.06
INV-0467-013,2025-06-07,C0467,India,SKU-158,Water Bottle,3,30.51
INV-0468-001,2025-03-16,C0468,India,SKU-920,Desk Organizer,1,523.86
INV-0468-002,2025-10-21,C0468,India,SKU-959,Notebook Pack,1,364.48
INV-0468-003,2025-03-04,C0468,United Kingdom,SKU-589,Backpack,5,87.81
INV-0468-004,2025-06-14,C0468,USA,SKU-582,Wireless Mouse,1,164.66
INV-0468-005,2025-09-07,C0468,India,SKU-521,LED Bulb,4,87.65
INV-0468-006,2025-02-24,C0468,USA,SKU-635,Coffee Beans 500g,3,72.77
INV-0468-007,2025-02-24,C0468,India,SKU-235,Notebook Pack,2,214.89
INV-0468-008,2025-09-04,C0468,India,SKU-406,Water Bottle,3,138.22
INV-0468-009,2025-08-04,C0468,India,SKU-521,Water Bottle,2,110.41
INV-0468-010,2025-11-09,C0468,India,SKU-178,Water Bottle,1,435.2
INV-0468-011,2025-12-22,C0468,India,SKU-273,Wireless Mouse,5,50.17
INV-0468-012,2025-09-21,C0468,Germany,SKU-946,Phone Case,5,81.42
INV-0468-013,2025-07-30,C0468,India,SKU-278,Wireless Mouse,5,107.08
INV-0468-014,2025-03-18,C0468,United Kingdom,SKU-243,Backpack,2,184.05
INV-0468-015,2025-07-19,C0468,Germany,SKU-587,Water Bottle,4,43.94
INV-0468-016,2025-09-11,C0468,India,SKU-302,Desk Organizer,2,255.95
INV-0468-017,2025-05-21,C0468,United Kingdom,SKU-472,Desk Organizer,4,44.81
INV-0468-018,2025-10-28,C0468,India,SKU-922,Cotton T-Shirt,3,132.55
INV-0468-019,2025-10-30,C0468,India,SKU-492,LED Bulb,1,202.55
INV-0468-020,2025-10-13,C0468,USA,SKU-108,Wireless Mouse,1,450.34
INV-0468-021,2025-09-08,C0468,United Kingdom,SKU-293,Wireless Mouse,1,293.47
INV-0468-022,2025-12-06,C0468,India,SKU-564,Cotton T-Shirt,2,276.53
INV-0469-001,2025-03-21,C0469,Germany,SKU-720,Yoga Mat,5,11.3
INV-0470-001,2025-06-28,C0470,India,SKU-162,Backpack,1,119.42
INV-0470-002,2025-01-29,C0470,United Kingdom,SKU-326,Water Bottle,3,33.81
INV-0470-003,2025-09-30,C0470,USA,SKU-203,Coffee Beans 500g,1,57.76
INV-0470-004,2025-09-03,C0470,United Kingdom,SKU-913,Cotton T-Shirt,4,10.86
INV-0470-005,2025-06-09,C0470,United Kingdom,SKU-124,Cotton T-Shirt,4,28.89
INV-0470-006,2025-03-06,C0470,India,SKU-628,Notebook Pack,2,20.18
INV-0470-007,2025-03-23,C0470,United Kingdom,SKU-514,Notebook Pack,3,47.65
INV-0470-008,2025-04-11,C0470,India,SKU-274,Wireless Mouse,5,15.04
INV-0470-009,2025-08-18,C0470,India,SKU-871,Notebook Pack,4,14.39
INV-0470-010,2025-10-12,C0470,United Kingdom,SKU-526,Backpack,5,25.66
INV-0471-001,2024-11-13,C0471,India,SKU-419,Water Bottle,3,66.75
INV-0471-002,2024-11-10,C0471,USA,SKU-772,Desk Organizer,1,199.26
INV-0471-003,2024-09-29,C0471,USA,SKU-786,Wireless Mouse,4,73.75
INV-0471-004,2025-01-17,C0471,India,SKU-657,Yoga Mat,2,156.66
INV-0472-001,2024-10-30,C0472,India,SKU-182,Phone Case,5,20.64
INV-0472-002,2024-08-28,C0472,India,SKU-235,Backpack,3,20.54
INV-0472-003,2024-12-10,C0472,India,SKU-881,Desk Organizer,4,36.03
INV-0472-004,2024-08-07,C0472,Germany,SKU-827,Coffee Beans 500g,1,66.2
INV-0472-005,2025-01-11,C0472,United Kingdom,SKU-731,Cotton T-Shirt,3,58.51
INV-0472-006,2024-10-18,C0472,India,SKU-859,Water Bottle,3,36.86
INV-0472-007,2025-01-19,C0472,India,SKU-884,LED Bulb,3,50.89
INV-0473-001,2024-07-12,C0473,USA,SKU-144,Desk Organizer,2,75.72
INV-0473-002,2025-03-20,C0473,India,SKU-776,Desk Organizer,4,70.91
INV-0473-003,2024-10-10,C0473,United Kingdom,SKU-394,Cotton T-Shirt,1,125.79
INV-0473-004,2024-10-29,C0473,India,SKU-316,Backpack,1,126.64
INV-0474-001,2025-04-04,C0474,India,SKU-523,Yoga Mat,1,66.43
INV-0475-001,2025-06-09,C0475,India,SKU-360,Cotton T-Shirt,2,76.44
INV-0475-002,2025-09-15,C0475,India,SKU-237,Backpack,2,89.16
INV-0475-003,2025-11-06,C0475,USA,SKU-946,Cotton T-Shirt,1,53.68
INV-0475-004,2025-10-09,C0475,India,SKU-478,LED Bulb,2,85.12
INV-0475-005,2025-08-28,C0475,United Kingdom,SKU-411,Phone Case,1,184.59
INV-0475-006,2025-03-26,C0475,India,SKU-529,Backpack,2,49.3
INV-0475-007,2025-05-07,C0475,India,SKU-307,Coffee Beans 500g,2,43.58
INV-0475-008,2025-10-06,C0475,India,SKU-148,Water Bottle,2,45.7
INV-0475-009,2025-04-05,C0475,USA,SKU-435,Phone Case,1,54.23
INV-0475-010,2025-03-27,C0475,United Kingdom,SKU-385,Notebook Pack,2,66.13
INV-0475-011,2025-05-03,C0475,India,SKU-854,Coffee Beans 500g,5,35.91
INV-0476-001,2025-07-26,C0476,India,SKU-366,Desk Organizer,2,51.36
INV-0476-002,2025-05-02,C0476,USA,SKU-985,Wireless Mouse,4,33.89
INV-0476-003,2025-06-14,C0476,India,SKU-590,Coffee Beans 500g,1,110.48
INV-0476-004,2025-05-25,C0476,India,SKU-577,Phone Case,2,35.34
INV-0477-001,2025-09-24,C0477,United Kingdom,SKU-870,LED Bulb,4,6.2
INV-0478-001,2025-08-19,C0478,Germany,SKU-272,LED Bulb,4,17.1
INV-0478-002,2025-02-15,C0478,India,SKU-981,LED Bulb,1,69.37
INV-0478-003,2025-12-05,C0478,India,SKU-818,Cotton T-Shirt,5,21.15
INV-0478-004,2025-07-22,C0478,United Kingdom,SKU-866,Coffee Beans 500g,5,8.88
INV-0478-005,2025-04-02,C0478,India,SKU-452,Wireless Mouse,2,18.64
INV-0478-006,2025-06-23,C0478,India,SKU-220,Wireless Mouse,3,25.61
INV-0478-007,2025-10-15,C0478,USA,SKU-821,Notebook Pack,5,8.98
INV-0478-008,2025-09-16,C0478,United Kingdom,SKU-865,Desk Organizer,3,32.24
INV-0478-009,2025-05-13,C0478,India,SKU-524,Cotton T-Shirt,3,26.59
INV-0479-001,2025-07-05,C0479,India,SKU-378,Backpack,4,16.03
INV-0480-001,2025-12-01,C0480,United Kingdom,SKU-622,Cotton T-Shirt,1,98.13
INV-0480-002,2025-05-15,C0480,India,SKU-731,Backpack,4,10.59
INV-0480-003,2025-05-28,C0480,India,SKU-920,Coffee Beans 500g,2,43.15
INV-0480-004,2025-06-18,C0480,India,SKU-404,Notebook Pack,2,49.92
INV-0480-005,2025-04-12,C0480,India,SKU-602,Cotton T-Shirt,1,69.02
INV-0480-006,2025-06-10,C0480,India,SKU-152,Backpack,3,22.91
INV-0480-007,2025-09-13,C0480,India,SKU-198,Notebook Pack,1,89.25
INV-0481-001,2025-11-28,C0481,Germany,SKU-436,Backpack,5,22.09
INV-0481-002,2025-11-01,C0481,USA,SKU-805,Phone Case,2,62.55
INV-0482-001,2024-08-31,C0482,USA,SKU-879,Backpack,3,58.31
INV-0482-002,2024-09-18,C0482,Germany,SKU-974,LED Bulb,4,58.57
INV-0482-003,2024-08-09,C0482,Germany,SKU-700,Cotton T-Shirt,2,77.96
INV-0482-004,2024-12-05,C0482,United Kingdom,SKU-389,Backpack,4,58.54
INV-0482-005,2024-11-15,C0482,Germany,SKU-318,LED Bulb,4,60.39
INV-0482-006,2025-01-24,C0482,USA,SKU-959,Desk Organizer,4,56.29
INV-0482-007,2024-12-07,C0482,Germany,SKU-121,Phone Case,4,18.48
INV-0483-001,2025-03-13,C0483,India,SKU-376,Wireless Mouse,5,67.95
INV-0483-002,2025-11-02,C0483,India,SKU-974,Backpack,3,145.32
INV-0483-003,2025-06-23,C0483,Germany,SKU-679,Phone Case,1,320.57
INV-0483-004,2025-07-14,C0483,USA,SKU-764,Backpack,3,79.2
INV-0483-005,2025-05-11,C0483,India,SKU-908,LED Bulb,3,151.21
INV-0483-006,2025-10-01,C0483,United Kingdom,SKU-647,Desk Organizer,2,79.95
INV-0483-007,2025-06-13,C0483,India,SKU-658,Notebook Pack,3,129.94
INV-0483-008,2025-03-28,C0483,India,SKU-884,LED Bulb,4,96.17
INV-0483-009,2025-12-04,C0483,India,SKU-548,Water Bottle,3,116.41
INV-0483-010,2025-06-03,C0483,Germany,SKU-494,Desk Organizer,4,95.22
INV-0483-011,2025-12-18,C0483,Germany,SKU-682,Desk Organizer,5,53.13
INV-0483-012,2025-05-16,C0483,Germany,SKU-157,Cotton T-Shirt,3,146.56
INV-0483-013,2025-07-26,C0483,India,SKU-204,Cotton T-Shirt,1,404.22
INV-0483-014,2025-03-13,C0483,USA,SKU-370,Wireless Mouse,2,124.1
INV-0483-015,2025-02-12,C0483,United Kingdom,SKU-860,Backpack,3,42.57
INV-0484-001,2025-02-14,C0484,India,SKU-289,Backpack,2,54.37
INV-0484-002,2025-05-17,C0484,India,SKU-195,Coffee Beans 500g,3,55.66
INV-0484-003,2025-01-11,C0484,India,SKU-702,Yoga Mat,5,50.1
INV-0484-004,2025-07-08,C0484,United Kingdom,SKU-185,Water Bottle,4,37.9
INV-0484-005,2025-01-15,C0484,United Kingdom,SKU-463,Water Bottle,4,44.37
INV-0484-006,2025-06-13,C0484,USA,SKU-345,Wireless Mouse,4,63.87
INV-0484-007,2025-06-02,C0484,USA,SKU-939,Cotton T-Shirt,4,23.45
INV-0484-008,2025-05-27,C0484,Germany,SKU-901,Backpack,2,65.06
INV-0485-001,2025-04-11,C0485,India,SKU-600,LED Bulb,4,18.78
INV-0485-002,2025-04-28,C0485,Germany,SKU-987,Yoga Mat,2,88.03
INV-0485-003,2024-10-28,C0485,India,SKU-951,Wireless Mouse,3,38.11
INV-0485-004,2025-01-05,C0485,Germany,SKU-928,LED Bulb,1,248.76
INV-0485-005,2024-08-28,C0485,India,SKU-909,Coffee Beans 500g,4,28.67
INV-0485-006,2024-08-13,C0485,India,SKU-420,Notebook Pack,5,42.9
INV-0486-001,2025-04-13,C0486,India,SKU-897,Desk Organizer,1,365.14
INV-0486-002,2025-05-22,C0486,India,SKU-408,Yoga Mat,3,71.51
INV-0486-003,2025-06-26,C0486,India,SKU-916,Backpack,2,148.79
INV-0486-004,2025-06-09,C0486,United Kingdom,SKU-536,Water Bottle,2,170.41
INV-0486-005,2025-09-07,C0486,United Kingdom,SKU-349,Desk Organizer,5,53.28
INV-0486-006,2025-09-29,C0486,USA,SKU-314,Coffee Beans 500g,5,55.57
INV-0486-007,2025-12-14,C0486,United Kingdom,SKU-663,Water Bottle,1,126.37
INV-0486-008,2025-04-04,C0486,India,SKU-732,LED Bulb,2,135.04
INV-0486-009,2025-06-23,C0486,USA,SKU-914,Wireless Mouse,2,81.21
INV-0486-010,2025-03-23,C0486,India,SKU-384,Coffee Beans 500g,4,29.6
INV-0486-011,2025-11-18,C0486,India,SKU-685,Phone Case,2,193.01
INV-0486-012,2025-06-24,C0486,United Kingdom,SKU-564,LED Bulb,4,44.08
INV-0486-013,2025-12-23,C0486,United Kingdom,SKU-820,Wireless Mouse,5,26.65
INV-0486-014,2025-11-02,C0486,USA,SKU-299,Yoga Mat,3,67.64
INV-0486-015,2025-09-30,C0486,India,SKU-933,Coffee Beans 500g,4,36.76
INV-0486-016,2025-10-17,C0486,India,SKU-715,Notebook Pack,1,220.66
INV-0486-017,2025-12-23,C0486,USA,SKU-558,Water Bottle,4,74.85
INV-0486-018,2025-09-02,C0486,United Kingdom,SKU-865,Yoga Mat,2,187.08
INV-0487-001,2025-05-15,C0487,USA,SKU-145,Wireless Mouse,3,11.21
INV-0487-002,2024-12-21,C0487,India,SKU-215,LED Bulb,2,11.78
INV-0487-003,2025-08-10,C0487,India,SKU-151,Coffee Beans 500g,4,3.26
INV-0487-004,2025-06-22,C0487,India,SKU-573,Cotton T-Shirt,4,5.8
INV-0487-005,2025-08-03,C0487,United Kingdom,SKU-708,Water Bottle,3,4.9
INV-0487-006,2025-01-31,C0487,USA,SKU-106,Water Bottle,1,31.6
INV-0488-001,2025-07-28,C0488,India,SKU-640,Phone Case,5,3.88
INV-0488-002,2025-03-02,C0488,United Kingdom,SKU-431,Notebook Pack,1,27.12
INV-0488-003,2025-08-18,C0488,USA,SKU-217,Water Bottle,2,13.39
INV-0488-004,2025-11-23,C0488,Germany,SKU-251,Coffee Beans 500g,1,12.76
INV-0488-005,2025-10-16,C0488,India,SKU-300,Yoga Mat,3,5.01
INV-0489-001,2025-04-09,C0489,India,SKU-188,Phone Case,2,227.07
INV-0489-002,2025-09-09,C0489,India,SKU-740,LED Bulb,5,35.4
INV-0489-003,2025-06-18,C0489,India,SKU-274,LED Bulb,2,114.13
INV-0489-004,2025-03-11,C0489,United Kingdom,SKU-802,Backpack,4,70.36
INV-0489-005,2025-05-05,C0489,India,SKU-597,Yoga Mat,5,75.98
INV-0489-006,2025-05-27,C0489,India,SKU-588,Wireless Mouse,5,43.93
INV-0489-007,2025-02-10,C0489,India,SKU-224,Water Bottle,5,90.54
INV-0489-008,2025-10-24,C0489,USA,SKU-108,Coffee Beans 500g,4,117.62
INV-0489-009,2025-02-12,C0489,United Kingdom,SKU-870,LED Bulb,2,132.06
INV-0489-010,2025-05-12,C0489,India,SKU-150,Notebook Pack,3,115.07
INV-0489-011,2025-06-06,C0489,USA,SKU-303,Cotton T-Shirt,5,71.17
INV-0489-012,2025-03-25,C0489,India,SKU-162,LED Bulb,2,145.3
INV-0489-013,2025-10-08,C0489,India,SKU-179,LED Bulb,4,55.11
INV-0489-014,2025-12-04,C0489,United Kingdom,SKU-400,Wireless Mouse,5,51.97
INV-0489-015,2025-12-16,C0489,United Kingdom,SKU-818,Phone Case,3,117.13
INV-0489-016,2025-10-23,C0489,India,SKU-594,Notebook Pack,3,157.11
INV-0489-017,2025-03-28,C0489,India,SKU-428,Wireless Mouse,3,152.38
INV-0489-018,2025-10-18,C0489,United Kingdom,SKU-806,Desk Organizer,1,178.45
INV-0489-019,2025-09-14,C0489,Germany,SKU-428,Desk Organizer,2,102.72
INV-0489-020,2025-09-27,C0489,India,SKU-797,Coffee Beans 500g,5,47.04
INV-0489-021,2025-03-31,C0489,India,SKU-961,Water Bottle,1,284.2
INV-0489-022,2025-09-11,C0489,India,SKU-826,Water Bottle,3,59.91
INV-0489-023,2025-07-13,C0489,Germany,SKU-337,Notebook Pack,5,26.36
INV-0489-024,2025-09-11,C0489,Germany,SKU-332,Phone Case,4,106.8
INV-0489-025,2025-03-21,C0489,India,SKU-362,Water Bottle,4,100.16
INV-0489-026,2025-04-05,C0489,USA,SKU-253,LED Bulb,5,70.82
INV-0489-027,2025-03-17,C0489,United Kingdom,SKU-688,Wireless Mouse,4,93.57
INV-0490-001,2025-05-14,C0490,India,SKU-481,Water Bottle,1,153.84
INV-0490-002,2025-04-26,C0490,United Kingdom,SKU-898,Yoga Mat,5,55.66
INV-0490-003,2025-03-10,C0490,India,SKU-449,Notebook Pack,1,313.65
INV-0490-004,2025-11-28,C0490,Germany,SKU-936,Desk Organizer,2,90.8
INV-0490-005,2025-07-29,C0490,India,SKU-902,Notebook Pack,1,251.7
INV-0490-006,2025-08-09,C0490,India,SKU-295,LED Bulb,1,257.54
INV-0490-007,2025-10-06,C0490,India,SKU-866,Cotton T-Shirt,5,34.44
INV-0490-008,2025-08-12,C0490,India,SKU-712,Backpack,2,112.98
INV-0490-009,2025-02-15,C0490,India,SKU-597,Water Bottle,4,132.98
INV-0490-010,2025-08-31,C0490,India,SKU-374,Backpack,2,128.08
INV-0490-011,2025-11-05,C0490,Germany,SKU-255,Desk Organizer,5,51.12
INV-0490-012,2025-05-09,C0490,United Kingdom,SKU-637,Desk Organizer,3,91.85
INV-0490-013,2025-08-27,C0490,United Kingdom,SKU-599,Cotton T-Shirt,5,110.67
INV-0490-014,2025-11-23,C0490,India,SKU-265,LED Bulb,1,385.44
INV-0490-015,2025-06-20,C0490,India,SKU-162,Water Bottle,1,250.74
INV-0490-016,2025-02-18,C0490,India,SKU-265,Cotton T-Shirt,3,100.46
INV-0490-017,2025-03-02,C0490,India,SKU-680,Notebook Pack,5,56.61
INV-0490-018,2025-06-29,C0490,USA,SKU-366,Yoga Mat,2,164.24
INV-0491-001,2025-04-16,C0491,India,SKU-353,Cotton T-Shirt,1,87.29
INV-0491-002,2025-02-05,C0491,USA,SKU-433,LED Bulb,2,53.5
INV-0491-003,2025-10-26,C0491,India,SKU-451,Wireless Mouse,1,118.82
INV-0491-004,2025-09-03,C0491,United Kingdom,SKU-698,Coffee Beans 500g,3,25.05
INV-0491-005,2025-10-27,C0491,United Kingdom,SKU-801,Water Bottle,2,65.23
INV-0491-006,2025-07-21,C0491,India,SKU-430,Backpack,1,186.38
INV-0491-007,2025-10-29,C0491,Germany,SKU-556,Coffee Beans 500g,1,181.55
INV-0491-008,2025-10-14,C0491,India,SKU-292,Coffee Beans 500g,2,66.09
INV-0492-001,2025-06-24,C0492,United Kingdom,SKU-559,Yoga Mat,5,9.54
INV-0492-002,2025-09-12,C0492,United Kingdom,SKU-626,Yoga Mat,2,10.11
INV-0492-003,2025-05-13,C0492,Germany,SKU-784,Cotton T-Shirt,2,12.03
INV-0492-004,2025-03-14,C0492,India,SKU-667,Desk Organizer,3,16.71
INV-0492-005,2025-03-20,C0492,India,SKU-333,Phone Case,4,4.4
INV-0493-001,2024-12-10,C0493,India,SKU-365,Yoga Mat,5,58.41
INV-0493-002,2025-08-17,C0493,USA,SKU-777,Cotton T-Shirt,5,63.82
INV-0493-003,2025-06-11,C0493,United Kingdom,SKU-830,Water Bottle,1,207.2
INV-0493-004,2025-01-11,C0493,India,SKU-596,LED Bulb,1,188.75
INV-0493-005,2025-05-15,C0493,United Kingdom,SKU-600,Phone Case,3,93.2
INV-0494-001,2025-07-11,C0494,India,SKU-947,Phone Case,4,13.8
INV-0494-002,2025-03-13,C0494,United Kingdom,SKU-818,Phone Case,3,48.88
INV-0494-003,2025-03-15,C0494,India,SKU-574,Coffee Beans 500g,5,10.77
INV-0494-004,2025-07-17,C0494,USA,SKU-244,LED Bulb,3,36.83
INV-0494-005,2025-08-18,C0494,India,SKU-306,Yoga Mat,1,128.17
INV-0494-006,2025-03-28,C0494,United Kingdom,SKU-836,Wireless Mouse,3,31.47
INV-0494-007,2025-01-30,C0494,India,SKU-305,Water Bottle,3,48.42
INV-0494-008,2025-10-17,C0494,India,SKU-955,Water Bottle,4,35.36
INV-0495-001,2025-05-30,C0495,India,SKU-671,Wireless Mouse,5,27.07
INV-0495-002,2024-12-31,C0495,India,SKU-455,Notebook Pack,1,95.37
INV-0495-003,2025-06-10,C0495,India,SKU-374,Coffee Beans 500g,5,39.21
INV-0495-004,2025-05-27,C0495,India,SKU-816,Water Bottle,3,56.7
INV-0495-005,2025-07-19,C0495,United Kingdom,SKU-409,Notebook Pack,4,56.74
INV-0495-006,2025-03-19,C0495,India,SKU-518,Cotton T-Shirt,3,19.87
INV-0495-007,2025-03-21,C0495,India,SKU-177,Phone Case,2,54.31
INV-0495-008,2025-07-21,C0495,Germany,SKU-906,Desk Organizer,2,74.18
INV-0495-009,2025-08-04,C0495,India,SKU-535,Coffee Beans 500g,5,38.98
INV-0496-001,2025-07-18,C0496,USA,SKU-339,Phone Case,5,24.49
INV-0496-002,2025-06-05,C0496,USA,SKU-978,Wireless Mouse,4,33.29
INV-0496-003,2025-04-27,C0496,USA,SKU-833,Desk Organizer,3,40.6
INV-0496-004,2025-05-31,C0496,India,SKU-989,Wireless Mouse,3,56.38
INV-0496-005,2025-07-12,C0496,USA,SKU-213,Coffee Beans 500g,3,50.95
INV-0496-006,2025-06-15,C0496,United Kingdom,SKU-240,Cotton T-Shirt,3,31.3
INV-0496-007,2025-10-08,C0496,United Kingdom,SKU-345,Backpack,5,34.95
INV-0496-008,2025-02-15,C0496,Germany,SKU-170,Coffee Beans 500g,4,47.66
INV-0496-009,2025-11-04,C0496,India,SKU-267,Water Bottle,4,75.24
INV-0496-010,2025-06-08,C0496,India,SKU-202,Water Bottle,3,111.16
INV-0496-011,2025-05-17,C0496,India,SKU-377,Cotton T-Shirt,3,70.89
INV-0496-012,2025-09-23,C0496,United Kingdom,SKU-356,Yoga Mat,2,102.01
INV-0496-013,2025-03-30,C0496,India,SKU-181,LED Bulb,1,358.57
INV-0496-014,2025-11-26,C0496,India,SKU-791,Wireless Mouse,5,41.9
INV-0496-015,2025-07-18,C0496,India,SKU-725,Water Bottle,3,118.19
INV-0496-016,2025-04-14,C0496,India,SKU-511,LED Bulb,4,85.0
INV-0496-017,2025-03-06,C0496,United Kingdom,SKU-291,Cotton T-Shirt,1,229.06
INV-0496-018,2025-09-10,C0496,India,SKU-182,Water Bottle,5,44.83
INV-0496-019,2025-04-08,C0496,United Kingdom,SKU-788,LED Bulb,5,69.78
INV-0496-020,2025-09-02,C0496,United Kingdom,SKU-730,Notebook Pack,2,150.1
INV-0496-021,2025-12-24,C0496,United Kingdom,SKU-925,LED Bulb,5,45.75
INV-0496-022,2025-12-29,C0496,United Kingdom,SKU-597,Backpack,1,220.5
INV-0496-023,2025-12-17,C0496,India,SKU-903,Phone Case,1,283.36
INV-0497-001,2025-07-12,C0497,India,SKU-768,Backpack,3,22.18
INV-0497-002,2025-03-30,C0497,United Kingdom,SKU-344,Phone Case,4,29.02
INV-0497-003,2025-10-22,C0497,India,SKU-753,Phone Case,4,11.28
INV-0497-004,2025-01-24,C0497,India,SKU-386,Wireless Mouse,2,49.68
INV-0497-005,2025-02-23,C0497,India,SKU-172,Cotton T-Shirt,3,26.68
INV-0497-006,2025-02-18,C0497,India,SKU-391,Yoga Mat,4,24.17
INV-0497-007,2025-08-21,C0497,India,SKU-674,Backpack,4,24.94
INV-0497-008,2025-03-24,C0497,USA,SKU-140,Desk Organizer,4,13.33
INV-0498-001,2025-11-01,C0498,India,SKU-459,Wireless Mouse,2,78.65
INV-0498-002,2025-09-29,C0498,India,SKU-716,Wireless Mouse,3,34.01
INV-0498-003,2025-07-21,C0498,India,SKU-842,Cotton T-Shirt,2,97.99
INV-0498-004,2025-03-19,C0498,India,SKU-190,LED Bulb,1,176.76
INV-0498-005,2025-06-20,C0498,Germany,SKU-918,Yoga Mat,1,190.41
INV-0498-006,2025-02-02,C0498,India,SKU-971,Cotton T-Shirt,4,23.85
INV-0498-007,2025-06-05,C0498,India,SKU-140,Yoga Mat,4,48.22
INV-0498-008,2025-04-16,C0498,Germany,SKU-226,Wireless Mouse,3,78.55
INV-0498-009,2025-03-01,C0498,India,SKU-822,Desk Organizer,5,17.71
INV-0498-010,2025-04-30,C0498,India,SKU-498,LED Bulb,2,94.64
INV-0498-011,2025-05-10,C0498,India,SKU-969,Coffee Beans 500g,4,33.08
INV-0498-012,2025-10-26,C0498,India,SKU-540,Notebook Pack,1,194.87
INV-0498-013,2025-05-10,C0498,USA,SKU-311,Coffee Beans 500g,3,69.85
INV-0499-001,2025-05-04,C0499,India,SKU-944,Water Bottle,3,28.96
INV-0499-002,2025-05-29,C0499,United Kingdom,SKU-988,Desk Organizer,2,161.01
INV-0499-003,2025-05-15,C0499,United Kingdom,SKU-635,Wireless Mouse,5,55.31
INV-0499-004,2025-07-07,C0499,USA,SKU-576,Cotton T-Shirt,5,60.56
INV-0499-005,2025-05-22,C0499,India,SKU-802,Yoga Mat,5,40.08
INV-0499-006,2024-11-18,C0499,India,SKU-667,Phone Case,4,21.7
INV-0499-007,2025-07-02,C0499,USA,SKU-947,Backpack,5,18.37
INV-0499-008,2025-04-13,C0499,United Kingdom,SKU-343,Phone Case,5,29.04
INV-0499-009,2025-06-07,C0499,Germany,SKU-476,Yoga Mat,4,57.18
INV-0500-001,2024-08-29,C0500,Germany,SKU-131,Water Bottle,1,245.87
INV-0500-002,2024-09-16,C0500,India,SKU-142,Wireless Mouse,5,48.21
INV-0500-003,2024-10-30,C0500,Germany,SKU-627,Notebook Pack,2,120.47
INV-0500-004,2024-11-14,C0500,India,SKU-185,Notebook Pack,4,54.99
INV-0500-005,2024-07-15,C0500,United Kingdom,SKU-123,Phone Case,2,139.27
INV-0501-001,2025-02-14,C0501,USA,SKU-571,Phone Case,1,34.85
INV-0501-002,2025-08-16,C0501,India,SKU-916,Water Bottle,3,12.0
INV-0501-003,2025-05-13,C0501,Germany,SKU-147,LED Bulb,4,11.95
INV-0501-004,2025-06-13,C0501,India,SKU-415,Coffee Beans 500g,1,42.74
INV-0501-005,2025-06-29,C0501,United Kingdom,SKU-230,Cotton T-Shirt,3,14.89
INV-0502-001,2025-07-08,C0502,United Kingdom,SKU-148,Notebook Pack,4,8.73
INV-0502-002,2025-09-21,C0502,India,SKU-733,Backpack,3,5.25
INV-0503-001,2025-07-14,C0503,India,SKU-437,Desk Organizer,1,60.26
INV-0503-002,2025-08-03,C0503,India,SKU-131,Notebook Pack,2,99.76
INV-0503-003,2025-06-14,C0503,India,SKU-507,LED Bulb,1,144.11
INV-0503-004,2025-06-15,C0503,India,SKU-262,LED Bulb,4,50.19
INV-0503-005,2025-05-12,C0503,USA,SKU-535,Water Bottle,2,48.52
INV-0503-006,2025-02-07,C0503,United Kingdom,SKU-710,Notebook Pack,2,70.87
INV-0503-007,2025-06-11,C0503,India,SKU-830,Coffee Beans 500g,1,174.93
INV-0503-008,2025-06-15,C0503,India,SKU-474,Desk Organizer,1,181.24
INV-0503-009,2025-06-07,C0503,India,SKU-638,Coffee Beans 500g,1,63.3
INV-0503-010,2025-07-26,C0503,United Kingdom,SKU-585,Coffee Beans 500g,1,77.52
INV-0503-011,2025-08-15,C0503,India,SKU-264,Yoga Mat,5,37.56
INV-0504-001,2025-04-23,C0504,India,SKU-213,LED Bulb,5,20.77
INV-0504-002,2025-03-15,C0504,United Kingdom,SKU-538,LED Bulb,4,23.04
INV-0504-003,2025-03-26,C0504,United Kingdom,SKU-822,LED Bulb,1,75.3
INV-0504-004,2025-02-14,C0504,India,SKU-280,Backpack,1,82.85
INV-0504-005,2025-07-30,C0504,India,SKU-380,Phone Case,3,39.39
INV-0504-006,2025-05-19,C0504,India,SKU-449,Water Bottle,5,33.7
INV-0504-007,2025-02-04,C0504,India,SKU-109,LED Bulb,3,44.34
INV-0504-008,2025-08-06,C0504,USA,SKU-387,Coffee Beans 500g,4,15.37
INV-0504-009,2025-05-26,C0504,India,SKU-732,Backpack,4,44.85
INV-0504-010,2025-05-03,C0504,India,SKU-255,Phone Case,4,37.51
INV-0504-011,2025-03-30,C0504,India,SKU-776,Notebook Pack,3,57.59
INV-0504-012,2025-11-17,C0504,United Kingdom,SKU-640,Phone Case,3,60.81
INV-0504-013,2025-02-27,C0504,USA,SKU-563,LED Bulb,4,21.6
INV-0505-001,2025-04-28,C0505,Germany,SKU-262,Desk Organizer,4,24.83
INV-0505-002,2025-06-14,C0505,India,SKU-263,Backpack,5,13.74
INV-0505-003,2025-05-07,C0505,United Kingdom,SKU-779,Notebook Pack,3,55.7
INV-0505-004,2025-03-29,C0505,India,SKU-407,LED Bulb,5,23.33
INV-0505-005,2025-11-17,C0505,India,SKU-571,Water Bottle,2,93.26
INV-0505-006,2025-11-28,C0505,Germany,SKU-156,Backpack,3,50.23
INV-0505-007,2025-10-21,C0505,United Kingdom,SKU-581,Coffee Beans 500g,5,32.99
INV-0505-008,2025-02-10,C0505,India,SKU-984,LED Bulb,3,45.7
INV-0506-001,2025-04-01,C0506,United Kingdom,SKU-948,LED Bulb,5,30.42
INV-0506-002,2025-05-16,C0506,India,SKU-947,Yoga Mat,2,100.51
INV-0506-003,2024-11-27,C0506,United Kingdom,SKU-418,Water Bottle,5,23.67
INV-0506-004,2025-01-11,C0506,United Kingdom,SKU-891,Phone Case,3,50.76
INV-0506-005,2025-05-10,C0506,India,SKU-142,Backpack,3,89.28
INV-0506-006,2024-09-13,C0506,Germany,SKU-254,Cotton T-Shirt,4,38.06
INV-0506-007,2024-10-27,C0506,India,SKU-230,Phone Case,5,42.01
INV-0507-001,2025-05-31,C0507,United Kingdom,SKU-574,LED Bulb,5,6.74
INV-0507-002,2025-02-03,C0507,United Kingdom,SKU-201,Coffee Beans 500g,1,20.81
INV-0507-003,2025-07-18,C0507,India,SKU-263,Yoga Mat,5,6.54
INV-0507-004,2025-05-25,C0507,Germany,SKU-643,Yoga Mat,4,9.3
INV-0508-001,2025-08-10,C0508,United Kingdom,SKU-853,Yoga Mat,3,11.87
INV-0508-002,2025-03-24,C0508,India,SKU-850,Desk Organizer,1,37.22
INV-0508-003,2025-04-30,C0508,India,SKU-477,Coffee Beans 500g,3,6.0
INV-0508-004,2025-04-21,C0508,India,SKU-783,Phone Case,5,7.02
INV-0509-001,2025-08-28,C0509,Germany,SKU-321,Cotton T-Shirt,3,31.59
INV-0510-001,2025-03-25,C0510,United Kingdom,SKU-151,Cotton T-Shirt,5,5.07
INV-0510-002,2024-11-15,C0510,USA,SKU-352,Phone Case,2,28.72
INV-0511-001,2025-03-21,C0511,India,SKU-349,Wireless Mouse,1,72.61
INV-0511-002,2025-11-30,C0511,United Kingdom,SKU-198,Notebook Pack,2,22.57
INV-0512-001,2025-10-05,C0512,India,SKU-231,Backpack,1,126.54
INV-0512-002,2025-04-12,C0512,United Kingdom,SKU-777,Water Bottle,4,16.96
INV-0512-003,2025-04-08,C0512,India,SKU-648,LED Bulb,4,40.1
INV-0512-004,2025-04-15,C0512,Germany,SKU-382,Yoga Mat,1,104.48
INV-0512-005,2025-03-14,C0512,USA,SKU-363,LED Bulb,1,187.9
INV-0512-006,2025-10-18,C0512,United Kingdom,SKU-917,Water Bottle,3,51.67
INV-0512-007,2025-12-12,C0512,United Kingdom,SKU-193,Cotton T-Shirt,2,103.47
INV-0512-008,2025-03-27,C0512,India,SKU-268,Phone Case,2,113.9
INV-0513-001,2025-05-07,C0513,USA,SKU-188,Coffee Beans 500g,3,25.75
INV-0513-002,2025-03-28,C0513,USA,SKU-610,Yoga Mat,2,39.88
INV-0513-003,2025-03-23,C0513,India,SKU-763,Cotton T-Shirt,1,63.29
INV-0513-004,2025-10-24,C0513,USA,SKU-130,Water Bottle,2,41.95
INV-0513-005,2025-08-14,C0513,United Kingdom,SKU-310,LED Bulb,2,26.14
INV-0513-006,2025-05-22,C0513,India,SKU-278,Notebook Pack,3,35.95
INV-0513-007,2025-10-13,C0513,India,SKU-948,Coffee Beans 500g,3,30.7
INV-0514-001,2025-01-11,C0514,India,SKU-767,Coffee Beans 500g,2,25.14
INV-0514-002,2025-06-15,C0514,India,SKU-849,Phone Case,2,14.14
INV-0515-001,2025-04-03,C0515,Germany,SKU-854,Cotton T-Shirt,2,28.75
INV-0515-002,2025-07-22,C0515,USA,SKU-415,LED Bulb,2,83.79
INV-0515-003,2025-02-18,C0515,India,SKU-168,Yoga Mat,2,78.75
INV-0515-004,2025-04-25,C0515,India,SKU-184,Wireless Mouse,2,33.27
INV-0515-005,2025-01-21,C0515,USA,SKU-493,Desk Organizer,4,25.7
INV-0515-006,2025-03-02,C0515,USA,SKU-253,Wireless Mouse,1,153.56
INV-0515-007,2025-10-01,C0515,United Kingdom,SKU-209,Phone Case,4,43.25
INV-0516-001,2025-02-13,C0516,USA,SKU-878,Wireless Mouse,1,49.24
INV-0517-001,2025-07-24,C0517,India,SKU-190,Yoga Mat,3,116.59
INV-0517-002,2025-03-02,C0517,India,SKU-877,Wireless Mouse,4,62.65
INV-0517-003,2025-08-11,C0517,India,SKU-387,Notebook Pack,1,200.52
INV-0517-004,2025-09-25,C0517,India,SKU-726,Water Bottle,3,121.88
INV-0517-005,2025-11-17,C0517,United Kingdom,SKU-728,LED Bulb,1,248.59
INV-0517-006,2025-04-04,C0517,India,SKU-509,Phone Case,4,78.79
INV-0517-007,2025-04-11,C0517,Germany,SKU-666,Coffee Beans 500g,2,189.83
INV-0517-008,2025-09-21,C0517,United Kingdom,SKU-690,Coffee Beans 500g,4,42.93
INV-0517-009,2025-12-04,C0517,United Kingdom,SKU-469,Phone Case,4,27.12
INV-0517-010,2025-08-02,C0517,USA,SKU-405,LED Bulb,4,31.98
INV-0517-011,2025-12-16,C0517,India,SKU-708,Desk Organizer,2,101.57
INV-0517-012,2025-09-24,C0517,USA,SKU-991,Coffee Beans 500g,1,314.64
INV-0517-013,2025-05-04,C0517,United Kingdom,SKU-363,LED Bulb,1,392.76
INV-0517-014,2025-10-12,C0517,USA,SKU-162,Phone Case,4,43.84
INV-0517-015,2025-05-30,C0517,USA,SKU-724,Yoga Mat,2,139.49
INV-0517-016,2025-03-24,C0517,India,SKU-156,Water Bottle,4,45.21
INV-0517-017,2025-03-02,C0517,Germany,SKU-777,Notebook Pack,4,89.89
INV-0518-001,2025-09-27,C0518,Germany,SKU-395,Desk Organizer,3,23.58
INV-0519-001,2025-08-30,C0519,India,SKU-497,Notebook Pack,3,52.65
INV-0519-002,2025-01-11,C0519,India,SKU-419,Desk Organizer,1,152.14
INV-0519-003,2025-08-09,C0519,India,SKU-851,Phone Case,2,120.24
INV-0519-004,2025-01-13,C0519,India,SKU-405,Cotton T-Shirt,1,177.99
INV-0519-005,2025-02-21,C0519,India,SKU-357,Backpack,4,42.94
INV-0519-006,2025-09-24,C0519,Germany,SKU-108,Yoga Mat,4,46.84
INV-0520-001,2024-08-05,C0520,India,SKU-777,Notebook Pack,1,88.04
INV-0520-002,2024-06-26,C0520,India,SKU-202,Notebook Pack,1,181.87
INV-0520-003,2025-03-27,C0520,Germany,SKU-560,Phone Case,3,51.49
INV-0520-004,2025-03-05,C0520,India,SKU-162,Wireless Mouse,5,48.4
INV-0521-001,2025-02-21,C0521,India,SKU-861,Coffee Beans 500g,5,3.99
INV-0521-002,2025-09-27,C0521,United Kingdom,SKU-757,Phone Case,4,2.3
INV-0521-003,2025-05-29,C0521,Germany,SKU-140,Water Bottle,5,3.93
INV-0521-004,2025-07-07,C0521,Germany,SKU-392,Cotton T-Shirt,2,8.19
INV-0521-005,2025-10-27,C0521,India,SKU-508,Wireless Mouse,3,6.1
INV-0522-001,2025-10-14,C0522,India,SKU-482,LED Bulb,3,41.94
INV-0522-002,2025-07-11,C0522,India,SKU-785,LED Bulb,1,80.46
INV-0522-003,2025-05-20,C0522,India,SKU-535,Coffee Beans 500g,5,34.39
INV-0522-004,2025-07-12,C0522,United Kingdom,SKU-235,Backpack,2,63.57
INV-0522-005,2025-06-25,C0522,United Kingdom,SKU-925,Phone Case,2,68.96
INV-0522-006,2025-03-21,C0522,United Kingdom,SKU-527,LED Bulb,1,97.55
INV-0522-007,2025-08-12,C0522,India,SKU-384,Phone Case,3,76.24
INV-0523-001,2024-10-29,C0523,India,SKU-946,Coffee Beans 500g,2,102.48
INV-0523-002,2024-10-16,C0523,India,SKU-539,LED Bulb,2,88.8
INV-0523-003,2025-01-12,C0523,India,SKU-267,Water Bottle,4,60.44
INV-0523-004,2025-07-09,C0523,Germany,SKU-185,Desk Organizer,3,70.63
INV-0523-005,2024-12-29,C0523,USA,SKU-166,Backpack,5,28.33
INV-0523-006,2025-01-08,C0523,USA,SKU-497,Notebook Pack,1,179.0
INV-0524-001,2025-02-16,C0524,United Kingdom,SKU-659,Desk Organizer,4,10.36
INV-0524-002,2025-09-30,C0524,United Kingdom,SKU-804,Phone Case,5,4.85
INV-0525-001,2025-07-31,C0525,India,SKU-198,Wireless Mouse,5,5.34
INV-0525-002,2025-02-03,C0525,India,SKU-200,Cotton T-Shirt,1,28.29
INV-0526-001,2025-04-28,C0526,USA,SKU-661,Yoga Mat,2,13.64
INV-0526-002,2025-08-11,C0526,India,SKU-197,Yoga Mat,2,18.06
INV-0526-003,2025-09-21,C0526,USA,SKU-268,Wireless Mouse,2,10.82
INV-0527-001,2025-06-10,C0527,India,SKU-751,Notebook Pack,1,31.44
INV-0527-002,2025-08-27,C0527,Germany,SKU-784,Desk Organizer,3,7.11
INV-0528-001,2024-09-23,C0528,India,SKU-343,Coffee Beans 500g,3,32.29
INV-0528-002,2024-11-24,C0528,United Kingdom,SKU-886,Phone Case,1,110.71
INV-0528-003,2024-11-23,C0528,India,SKU-731,Coffee Beans 500g,1,55.26
INV-0528-004,2025-03-06,C0528,India,SKU-459,Water Bottle,4,10.99
INV-0528-005,2024-08-31,C0528,India,SKU-738,LED Bulb,2,58.31
INV-0528-006,2024-06-30,C0528,India,SKU-583,Wireless Mouse,3,30.37
INV-0528-007,2025-02-11,C0528,Germany,SKU-894,Coffee Beans 500g,1,115.89
INV-0528-008,2025-03-20,C0528,India,SKU-620,LED Bulb,2,38.22
INV-0529-001,2024-07-22,C0529,Germany,SKU-257,LED Bulb,4,31.02
INV-0529-002,2025-01-26,C0529,India,SKU-374,Notebook Pack,3,34.25
INV-0529-003,2025-04-11,C0529,Germany,SKU-554,LED Bulb,5,27.36
INV-0529-004,2024-07-31,C0529,United Kingdom,SKU-712,Wireless Mouse,2,65.4
INV-0529-005,2025-05-23,C0529,United Kingdom,SKU-673,Notebook Pack,1,107.5
INV-0529-006,2024-12-28,C0529,India,SKU-944,Notebook Pack,5,11.46
INV-0529-007,2024-12-23,C0529,United Kingdom,SKU-417,Cotton T-Shirt,3,29.93
INV-0529-008,2025-04-07,C0529,Germany,SKU-238,Water Bottle,3,31.3
INV-0529-009,2024-07-26,C0529,India,SKU-774,Desk Organizer,5,27.16
INV-0530-001,2024-11-27,C0530,India,SKU-415,Cotton T-Shirt,1,38.39
INV-0530-002,2025-01-10,C0530,USA,SKU-432,Desk Organizer,3,22.41
INV-0530-003,2025-04-08,C0530,India,SKU-164,LED Bulb,5,9.83
INV-0530-004,2024-12-16,C0530,India,SKU-758,Backpack,1,35.98
INV-0531-001,2025-05-27,C0531,India,SKU-742,LED Bulb,3,50.47
INV-0531-002,2025-06-12,C0531,India,SKU-932,LED Bulb,5,13.21
INV-0531-003,2025-11-18,C0531,United Kingdom,SKU-178,Water Bottle,2,48.11
INV-0531-004,2025-04-13,C0531,United Kingdom,SKU-580,Desk Organizer,2,37.19
INV-0531-005,2025-03-17,C0531,India,SKU-327,Yoga Mat,4,39.5
INV-0531-006,2025-10-15,C0531,United Kingdom,SKU-455,Coffee Beans 500g,2,35.93
INV-0531-007,2025-08-01,C0531,India,SKU-209,Wireless Mouse,1,93.71
INV-0531-008,2025-04-23,C0531,India,SKU-746,Phone Case,2,43.09
INV-0531-009,2025-02-17,C0531,Germany,SKU-590,Yoga Mat,1,127.83
INV-0531-010,2025-07-16,C0531,India,SKU-307,Notebook Pack,1,109.93
INV-0531-011,2025-09-16,C0531,Germany,SKU-841,Notebook Pack,5,11.17
INV-0531-012,2025-08-25,C0531,United Kingdom,SKU-647,LED Bulb,4,25.66
INV-0531-013,2025-08-04,C0531,USA,SKU-785,Yoga Mat,1,66.2
INV-0532-001,2024-12-24,C0532,Germany,SKU-795,Phone Case,5,15.85
INV-0532-002,2024-08-18,C0532,USA,SKU-260,Wireless Mouse,4,34.04
INV-0532-003,2025-02-10,C0532,India,SKU-269,Yoga Mat,4,20.58
INV-0532-004,2024-08-29,C0532,USA,SKU-426,Water Bottle,3,31.75
INV-0532-005,2025-03-28,C0532,India,SKU-727,LED Bulb,3,26.66
INV-0532-006,2025-01-18,C0532,India,SKU-989,LED Bulb,5,12.43
INV-0532-007,2024-09-22,C0532,India,SKU-262,LED Bulb,3,13.11
INV-0532-008,2024-11-01,C0532,USA,SKU-972,Notebook Pack,2,49.5
INV-0533-001,2025-10-23,C0533,India,SKU-746,Backpack,5,20.58
INV-0533-002,2025-03-26,C0533,Germany,SKU-105,LED Bulb,2,43.99
INV-0534-001,2025-08-23,C0534,India,SKU-546,LED Bulb,1,96.88
INV-0534-002,2025-06-18,C0534,United Kingdom,SKU-509,Desk Organizer,5,15.63
INV-0534-003,2025-02-01,C0534,United Kingdom,SKU-718,Water Bottle,4,58.53
INV-0534-004,2024-11-16,C0534,USA,SKU-911,Wireless Mouse,1,127.37
INV-0535-001,2025-07-27,C0535,USA,SKU-122,LED Bulb,3,6.33
INV-0535-002,2025-01-17,C0535,United Kingdom,SKU-541,Desk Organizer,2,17.1
INV-0535-003,2025-07-01,C0535,India,SKU-139,Backpack,3,12.09
INV-0535-004,2025-03-10,C0535,Germany,SKU-551,Wireless Mouse,3,13.09
INV-0535-005,2025-08-06,C0535,India,SKU-505,Desk Organizer,2,15.19
INV-0536-001,2025-03-12,C0536,India,SKU-657,Water Bottle,1,87.13
INV-0536-002,2025-05-24,C0536,India,SKU-808,Backpack,1,108.86
INV-0536-003,2025-10-22,C0536,India,SKU-612,Phone Case,5,25.05
INV-0536-004,2025-10-24,C0536,Germany,SKU-918,Coffee Beans 500g,1,139.28
INV-0536-005,2025-05-17,C0536,India,SKU-557,Phone Case,3,33.57
INV-0536-006,2025-07-21,C0536,India,SKU-203,Wireless Mouse,4,31.0
INV-0536-007,2025-07-06,C0536,United Kingdom,SKU-130,Desk Organizer,2,25.01
INV-0536-008,2025-04-18,C0536,Germany,SKU-694,Water Bottle,1,74.35
INV-0536-009,2025-07-21,C0536,USA,SKU-201,Wireless Mouse,3,12.9
INV-0536-010,2025-11-03,C0536,India,SKU-608,Wireless Mouse,5,20.23
INV-0537-001,2025-06-08,C0537,USA,SKU-651,Cotton T-Shirt,1,82.7
INV-0537-002,2025-06-19,C0537,India,SKU-253,Phone Case,4,13.45
INV-0538-001,2025-03-26,C0538,Germany,SKU-207,Wireless Mouse,2,126.45
INV-0538-002,2024-11-23,C0538,India,SKU-252,Water Bottle,1,262.21
INV-0538-003,2025-01-20,C0538,India,SKU-863,Phone Case,3,105.45
INV-0538-004,2024-10-26,C0538,United Kingdom,SKU-835,Phone Case,5,23.76
INV-0538-005,2025-01-15,C0538,United Kingdom,SKU-797,Desk Organizer,3,41.0
INV-0538-006,2025-06-22,C0538,India,SKU-803,Phone Case,3,43.19
INV-0538-007,2025-01-15,C0538,India,SKU-700,Backpack,4,81.2
INV-0538-008,2024-11-20,C0538,United Kingdom,SKU-186,Coffee Beans 500g,5,36.58
INV-0538-009,2025-06-18,C0538,India,SKU-818,Water Bottle,3,97.05
INV-0539-001,2025-04-11,C0539,India,SKU-419,Phone Case,2,62.58
INV-0539-002,2024-10-02,C0539,United Kingdom,SKU-844,Desk Organizer,3,21.4
INV-0539-003,2025-02-10,C0539,India,SKU-820,Water Bottle,5,29.12
INV-0539-004,2024-12-31,C0539,India,SKU-335,Desk Organizer,5,33.33
INV-0539-005,2024-12-13,C0539,India,SKU-264,Water Bottle,5,14.69
INV-0540-001,2025-06-21,C0540,USA,SKU-661,LED Bulb,2,129.91
INV-0540-002,2025-05-11,C0540,United Kingdom,SKU-280,Wireless Mouse,3,37.94
INV-0540-003,2025-04-02,C0540,USA,SKU-773,Cotton T-Shirt,3,66.56
INV-0540-004,2025-04-15,C0540,USA,SKU-411,Notebook Pack,1,68.96
INV-0540-005,2025-08-15,C0540,India,SKU-311,Desk Organizer,1,232.86
INV-0540-006,2025-02-07,C0540,India,SKU-961,LED Bulb,4,63.2
INV-0541-001,2025-07-27,C0541,United Kingdom,SKU-690,Desk Organizer,2,215.37
INV-0541-002,2025-05-13,C0541,India,SKU-317,Yoga Mat,1,348.58
INV-0541-003,2025-12-14,C0541,India,SKU-259,Water Bottle,4,99.42
INV-0541-004,2025-05-03,C0541,India,SKU-649,Water Bottle,2,171.31
INV-0541-005,2025-03-08,C0541,Germany,SKU-129,Notebook Pack,3,62.26
INV-0541-006,2025-06-01,C0541,India,SKU-446,Coffee Beans 500g,5,80.62
INV-0541-007,2025-06-22,C0541,USA,SKU-664,Coffee Beans 500g,1,201.62
INV-0541-008,2025-03-18,C0541,India,SKU-314,Desk Organizer,2,67.09
INV-0541-009,2025-04-09,C0541,India,SKU-726,Notebook Pack,4,103.17
INV-0541-010,2025-06-21,C0541,India,SKU-440,Yoga Mat,4,45.07
INV-0541-011,2025-10-06,C0541,USA,SKU-595,Notebook Pack,1,421.7
INV-0541-012,2025-03-15,C0541,India,SKU-881,Yoga Mat,2,99.12
INV-0541-013,2025-11-27,C0541,India,SKU-656,Phone Case,4,44.4
INV-0541-014,2025-09-27,C0541,India,SKU-973,Water Bottle,1,214.27
INV-0541-015,2025-10-08,C0541,India,SKU-541,Cotton T-Shirt,1,195.91
INV-0542-001,2025-05-13,C0542,USA,SKU-857,Notebook Pack,1,120.23
INV-0542-002,2025-08-15,C0542,India,SKU-306,Cotton T-Shirt,3,34.16
INV-0542-003,2025-04-29,C0542,India,SKU-359,Water Bottle,3,82.9
INV-0542-004,2025-02-08,C0542,Germany,SKU-726,Backpack,3,46.39
INV-0542-005,2025-03-22,C0542,Germany,SKU-429,Notebook Pack,2,131.31
INV-0542-006,2025-07-13,C0542,India,SKU-603,Cotton T-Shirt,3,24.78
INV-0542-007,2025-01-07,C0542,India,SKU-943,Yoga Mat,2,121.67
INV-0542-008,2025-11-06,C0542,USA,SKU-839,Phone Case,5,34.15
INV-0542-009,2025-07-30,C0542,United Kingdom,SKU-939,LED Bulb,2,109.82
INV-0542-010,2025-07-31,C0542,India,SKU-339,Backpack,2,82.41
INV-0543-001,2025-03-06,C0543,India,SKU-178,Phone Case,2,22.8
INV-0543-002,2025-09-03,C0543,India,SKU-309,Backpack,3,16.68
INV-0543-003,2025-02-10,C0543,India,SKU-370,Coffee Beans 500g,1,24.72
INV-0543-004,2025-07-04,C0543,India,SKU-829,Backpack,3,10.48
INV-0544-001,2025-09-24,C0544,Germany,SKU-102,Backpack,1,29.46
INV-0544-002,2025-04-19,C0544,USA,SKU-157,Cotton T-Shirt,5,8.79
INV-0545-001,2025-01-27,C0545,India,SKU-581,Yoga Mat,2,94.51
INV-0545-002,2025-05-06,C0545,Germany,SKU-333,Backpack,3,57.08
INV-0545-003,2025-04-08,C0545,India,SKU-813,Desk Organizer,5,30.1
INV-0545-004,2025-05-21,C0545,India,SKU-367,Phone Case,4,52.11
INV-0545-005,2024-10-21,C0545,India,SKU-687,Water Bottle,4,20.0
INV-0545-006,2024-10-22,C0545,Germany,SKU-969,Water Bottle,5,20.07
INV-0545-007,2024-11-09,C0545,India,SKU-784,Yoga Mat,1,93.99
INV-0546-001,2025-04-09,C0546,India,SKU-106,Phone Case,2,62.81
INV-0546-002,2024-11-04,C0546,India,SKU-948,Backpack,5,11.2
INV-0546-003,2025-04-29,C0546,India,SKU-759,Wireless Mouse,5,16.57
INV-0546-004,2024-06-18,C0546,India,SKU-168,Backpack,2,20.76
INV-0546-005,2024-08-13,C0546,India,SKU-358,Wireless Mouse,1,151.83
INV-0546-006,2024-06-24,C0546,India,SKU-310,LED Bulb,1,93.04
INV-0546-007,2024-11-11,C0546,India,SKU-271,Desk Organizer,2,65.55
INV-0546-008,2024-12-27,C0546,United Kingdom,SKU-988,Desk Organizer,3,44.83
INV-0546-009,2025-03-07,C0546,USA,SKU-176,Coffee Beans 500g,5,28.74
INV-0547-001,2025-09-24,C0547,India,SKU-748,Phone Case,4,12.64
INV-0547-002,2025-06-28,C0547,USA,SKU-172,Water Bottle,3,24.39
INV-0548-001,2025-11-05,C0548,United Kingdom,SKU-885,Coffee Beans 500g,5,16.81
INV-0548-002,2025-07-12,C0548,Germany,SKU-301,LED Bulb,2,45.56
INV-0549-001,2025-07-15,C0549,USA,SKU-413,Water Bottle,2,50.53
INV-0549-002,2025-07-17,C0549,India,SKU-290,Water Bottle,2,39.72
INV-0549-003,2025-07-27,C0549,India,SKU-264,Desk Organizer,1,121.08
INV-0549-004,2025-06-23,C0549,India,SKU-527,Phone Case,2,52.03
INV-0549-005,2025-10-05,C0549,United Kingdom,SKU-602,Coffee Beans 500g,4,15.97
INV-0549-006,2025-06-07,C0549,USA,SKU-310,LED Bulb,4,16.22
INV-0549-007,2025-06-14,C0549,India,SKU-905,Cotton T-Shirt,1,180.03
INV-0549-008,2025-06-30,C0549,Germany,SKU-677,Phone Case,1,77.33
INV-0549-009,2025-08-19,C0549,United Kingdom,SKU-190,Backpack,1,129.98
INV-0549-010,2025-03-25,C0549,India,SKU-726,Backpack,3,22.21
INV-0549-011,2025-06-25,C0549,USA,SKU-963,Wireless Mouse,4,17.74
INV-0550-001,2024-11-17,C0550,USA,SKU-523,Phone Case,2,59.49
INV-0550-002,2025-06-20,C0550,India,SKU-735,Desk Organizer,4,77.63
INV-0550-003,2025-02-24,C0550,India,SKU-572,Phone Case,1,307.66
INV-0550-004,2025-03-31,C0550,India,SKU-664,Wireless Mouse,4,80.34
INV-0550-005,2025-01-07,C0550,India,SKU-189,Phone Case,3,30.01
INV-0551-001,2024-10-02,C0551,India,SKU-203,LED Bulb,2,93.8
INV-0551-002,2025-06-14,C0551,United Kingdom,SKU-727,Coffee Beans 500g,3,39.57
INV-0551-003,2025-04-04,C0551,USA,SKU-372,Yoga Mat,2,82.4
INV-0551-004,2024-12-28,C0551,India,SKU-994,Wireless Mouse,4,24.52
INV-0551-005,2025-04-12,C0551,India,SKU-263,Notebook Pack,3,33.08
INV-0551-006,2025-03-21,C0551,India,SKU-422,Desk Organizer,4,41.75
INV-0551-007,2025-04-19,C0551,India,SKU-761,LED Bulb,3,94.91
INV-0551-008,2025-04-01,C0551,USA,SKU-385,Phone Case,4,65.0
INV-0552-001,2025-08-04,C0552,India,SKU-631,Backpack,4,9.37
INV-0552-002,2025-02-07,C0552,USA,SKU-840,Wireless Mouse,3,36.94
INV-0553-001,2025-02-09,C0553,India,SKU-430,Wireless Mouse,4,71.21
INV-0553-002,2025-12-04,C0553,Germany,SKU-612,Water Bottle,2,85.31
INV-0553-003,2025-10-12,C0553,India,SKU-103,Coffee Beans 500g,4,34.77
INV-0553-004,2025-05-01,C0553,United Kingdom,SKU-859,Notebook Pack,1,138.62
INV-0553-005,2025-11-20,C0553,India,SKU-313,Cotton T-Shirt,3,144.49
INV-0553-006,2025-11-22,C0553,India,SKU-963,LED Bulb,5,76.71
INV-0553-007,2025-11-19,C0553,United Kingdom,SKU-802,Coffee Beans 500g,3,146.84
INV-0553-008,2025-07-25,C0553,United Kingdom,SKU-404,Notebook Pack,4,86.46
INV-0553-009,2025-05-19,C0553,USA,SKU-675,Coffee Beans 500g,1,144.5
INV-0553-010,2025-07-31,C0553,Germany,SKU-724,Backpack,3,153.17
INV-0553-011,2025-08-15,C0553,India,SKU-392,Wireless Mouse,5,66.94
INV-0553-012,2025-05-10,C0553,India,SKU-299,LED Bulb,2,111.48
INV-0553-013,2025-10-05,C0553,Germany,SKU-175,Water Bottle,5,56.66
INV-0553-014,2025-09-19,C0553,United Kingdom,SKU-122,Desk Organizer,4,49.72
INV-0554-001,2025-08-06,C0554,United Kingdom,SKU-231,Backpack,1,26.28
INV-0554-002,2025-01-28,C0554,United Kingdom,SKU-428,Yoga Mat,2,10.2
INV-0554-003,2025-04-11,C0554,India,SKU-284,Notebook Pack,3,9.86
INV-0555-001,2025-07-08,C0555,Germany,SKU-321,Water Bottle,4,24.81
INV-0555-002,2025-01-16,C0555,India,SKU-425,Yoga Mat,2,28.78
INV-0555-003,2025-09-20,C0555,United Kingdom,SKU-199,Water Bottle,1,116.95
INV-0555-004,2025-09-18,C0555,USA,SKU-859,Phone Case,4,28.31
INV-0555-005,2025-10-19,C0555,Germany,SKU-119,Backpack,4,28.79
INV-0555-006,2025-10-16,C0555,India,SKU-626,Cotton T-Shirt,4,21.85
INV-0555-007,2025-04-21,C0555,India,SKU-648,Cotton T-Shirt,3,14.09
INV-0555-008,2025-11-06,C0555,USA,SKU-929,Backpack,3,12.65
INV-0555-009,2025-02-14,C0555,Germany,SKU-260,Notebook Pack,4,19.22
INV-0555-010,2025-06-16,C0555,United Kingdom,SKU-125,Water Bottle,4,25.54
INV-0555-011,2025-08-13,C0555,India,SKU-818,Desk Organizer,2,51.25
INV-0555-012,2025-09-29,C0555,United Kingdom,SKU-787,Yoga Mat,1,61.64
INV-0556-001,2024-12-27,C0556,USA,SKU-617,Backpack,1,93.67
INV-0556-002,2024-12-08,C0556,United Kingdom,SKU-254,LED Bulb,4,49.0
INV-0556-003,2024-08-20,C0556,United Kingdom,SKU-215,LED Bulb,5,27.98
INV-0556-004,2025-02-22,C0556,India,SKU-822,Backpack,2,71.13
INV-0556-005,2024-05-25,C0556,USA,SKU-865,Notebook Pack,1,106.79
INV-0556-006,2025-02-19,C0556,United Kingdom,SKU-161,Phone Case,4,48.22
INV-0556-007,2024-09-07,C0556,United Kingdom,SKU-200,Desk Organizer,4,15.63
INV-0556-008,2024-06-07,C0556,United Kingdom,SKU-703,Yoga Mat,5,39.08
INV-0557-001,2025-10-26,C0557,United Kingdom,SKU-427,Coffee Beans 500g,4,20.47
INV-0557-002,2025-07-14,C0557,India,SKU-955,Phone Case,1,112.92
INV-0557-003,2025-06-17,C0557,Germany,SKU-789,LED Bulb,3,36.22
INV-0557-004,2025-05-19,C0557,India,SKU-250,LED Bulb,3,65.79
INV-0557-005,2025-08-31,C0557,India,SKU-612,Wireless Mouse,3,61.98
INV-0557-006,2025-03-24,C0557,India,SKU-776,Yoga Mat,2,50.04
INV-0557-007,2025-08-29,C0557,India,SKU-956,Cotton T-Shirt,4,17.03
INV-0557-008,2025-03-02,C0557,India,SKU-157,Water Bottle,3,46.71
INV-0557-009,2025-04-15,C0557,Germany,SKU-330,LED Bulb,3,55.16
INV-0557-010,2025-06-25,C0557,India,SKU-402,Backpack,4,42.32
INV-0557-011,2025-03-17,C0557,India,SKU-454,Coffee Beans 500g,4,47.58
INV-0557-012,2025-04-24,C0557,Germany,SKU-587,Backpack,5,15.83
INV-0557-013,2025-08-25,C0557,Germany,SKU-532,Notebook Pack,2,92.29
INV-0558-001,2025-01-24,C0558,United Kingdom,SKU-844,LED Bulb,3,12.25
INV-0558-002,2025-05-27,C0558,India,SKU-479,Water Bottle,4,7.93
INV-0558-003,2025-05-20,C0558,United Kingdom,SKU-370,Cotton T-Shirt,3,12.8
INV-0558-004,2025-03-31,C0558,United Kingdom,SKU-849,Water Bottle,1,29.99
INV-0559-001,2025-02-24,C0559,India,SKU-624,LED Bulb,5,4.35
INV-0559-002,2025-02-13,C0559,United Kingdom,SKU-229,Backpack,1,33.45
INV-0559-003,2025-02-18,C0559,USA,SKU-109,Cotton T-Shirt,5,3.96
INV-0559-004,2025-06-19,C0559,India,SKU-976,Backpack,5,10.73
INV-0559-005,2025-06-06,C0559,India,SKU-402,Notebook Pack,1,28.55
INV-0560-001,2025-07-20,C0560,India,SKU-187,Phone Case,4,24.38
INV-0560-002,2025-02-05,C0560,India,SKU-813,Cotton T-Shirt,4,37.23
INV-0560-003,2025-04-21,C0560,India,SKU-413,LED Bulb,3,50.2
INV-0560-004,2025-10-02,C0560,India,SKU-253,Phone Case,5,16.67
INV-0560-005,2025-01-14,C0560,India,SKU-371,Yoga Mat,4,31.62
INV-0560-006,2025-09-16,C0560,India,SKU-404,Backpack,3,56.74
INV-0560-007,2025-06-26,C0560,India,SKU-788,Coffee Beans 500g,1,200.74
INV-0561-001,2025-11-07,C0561,India,SKU-348,Notebook Pack,3,74.6
INV-0561-002,2025-07-28,C0561,India,SKU-187,Coffee Beans 500g,1,132.79
INV-0561-003,2025-07-13,C0561,India,SKU-385,Wireless Mouse,1,158.1
INV-0561-004,2025-07-14,C0561,India,SKU-107,Desk Organizer,4,21.99
INV-0561-005,2025-09-13,C0561,USA,SKU-570,LED Bulb,5,40.65
INV-0561-006,2025-02-01,C0561,USA,SKU-247,Cotton T-Shirt,2,81.06
INV-0561-007,2025-10-17,C0561,United Kingdom,SKU-180,Phone Case,5,40.28
INV-0561-008,2025-04-01,C0561,India,SKU-722,Wireless Mouse,4,56.79
INV-0561-009,2025-06-06,C0561,India,SKU-828,Phone Case,4,30.03
INV-0562-001,2025-02-23,C0562,India,SKU-578,Coffee Beans 500g,3,12.37
INV-0562-002,2025-12-09,C0562,United Kingdom,SKU-513,Backpack,1,24.5
INV-0563-001,2025-02-15,C0563,Germany,SKU-435,LED Bulb,4,27.61
INV-0563-002,2025-06-21,C0563,USA,SKU-145,Backpack,3,31.0
INV-0563-003,2025-05-03,C0563,Germany,SKU-983,Yoga Mat,2,31.66
INV-0563-004,2025-02-06,C0563,USA,SKU-716,Backpack,1,73.15
INV-0563-005,2025-10-05,C0563,India,SKU-608,Backpack,1,61.26
INV-0563-006,2025-11-14,C0563,India,SKU-420,Desk Organizer,5,26.09
INV-0563-007,2025-08-09,C0563,United Kingdom,SKU-196,LED Bulb,4,40.26
INV-0563-008,2025-06-07,C0563,USA,SKU-632,Backpack,5,13.6
INV-0563-009,2025-06-01,C0563,India,SKU-517,Water Bottle,1,96.5
INV-0563-010,2025-07-30,C0563,United Kingdom,SKU-777,Phone Case,3,43.69
INV-0563-011,2025-08-05,C0563,India,SKU-467,Backpack,1,51.62
INV-0563-012,2025-06-20,C0563,India,SKU-694,Desk Organizer,5,14.77
INV-0564-001,2025-08-19,C0564,India,SKU-463,Notebook Pack,4,8.24
INV-0564-002,2025-05-02,C0564,India,SKU-642,Wireless Mouse,3,11.66
INV-0565-001,2024-12-07,C0565,USA,SKU-304,Backpack,2,42.18
INV-0565-002,2024-08-10,C0565,United Kingdom,SKU-640,Backpack,3,31.44
INV-0565-003,2024-10-02,C0565,India,SKU-108,Cotton T-Shirt,4,13.03
INV-0565-004,2024-11-19,C0565,United Kingdom,SKU-307,Phone Case,1,130.95
INV-0565-005,2024-09-24,C0565,Germany,SKU-445,Coffee Beans 500g,3,29.95
INV-0565-006,2025-02-15,C0565,United Kingdom,SKU-633,Cotton T-Shirt,2,82.48
INV-0566-001,2025-05-03,C0566,United Kingdom,SKU-632,LED Bulb,4,14.04
INV-0566-002,2025-05-22,C0566,India,SKU-513,Wireless Mouse,5,5.75
INV-0566-003,2025-06-17,C0566,India,SKU-250,LED Bulb,1,37.3
INV-0566-004,2025-08-25,C0566,India,SKU-588,Backpack,5,7.07
INV-0567-001,2025-03-27,C0567,India,SKU-655,Desk Organizer,1,260.24
INV-0567-002,2025-04-10,C0567,India,SKU-183,Notebook Pack,5,56.5
INV-0567-003,2025-08-01,C0567,India,SKU-137,Notebook Pack,2,85.04
INV-0567-004,2025-05-22,C0567,Germany,SKU-456,Coffee Beans 500g,4,60.86
INV-0567-005,2025-07-15,C0567,Germany,SKU-395,Yoga Mat,5,27.26
INV-0567-006,2025-07-06,C0567,India,SKU-722,Yoga Mat,3,93.36
INV-0567-007,2025-02-10,C0567,India,SKU-724,Phone Case,4,22.7
INV-0567-008,2025-09-23,C0567,India,SKU-276,Desk Organizer,2,135.74
INV-0568-001,2025-06-04,C0568,India,SKU-285,Wireless Mouse,3,49.84
INV-0568-002,2025-05-22,C0568,United Kingdom,SKU-227,Water Bottle,5,29.94
INV-0568-003,2024-10-05,C0568,India,SKU-203,Desk Organizer,5,12.08
INV-0568-004,2025-05-31,C0568,India,SKU-789,Wireless Mouse,4,34.12
INV-0568-005,2024-08-11,C0568,United Kingdom,SKU-378,Wireless Mouse,1,139.54
INV-0568-006,2024-12-03,C0568,India,SKU-384,Water Bottle,4,28.73
INV-0568-007,2024-11-04,C0568,India,SKU-546,Desk Organizer,2,64.98
INV-0568-008,2025-04-13,C0568,United Kingdom,SKU-809,Desk Organizer,5,22.56
INV-0568-009,2025-02-18,C0568,USA,SKU-621,Yoga Mat,4,33.84
INV-0569-001,2025-08-16,C0569,India,SKU-141,Notebook Pack,3,52.36
INV-0569-002,2025-07-02,C0569,India,SKU-459,Desk Organizer,3,18.6
INV-0569-003,2025-04-13,C0569,United Kingdom,SKU-678,Desk Organizer,3,54.75
INV-0569-004,2025-07-09,C0569,United Kingdom,SKU-118,Cotton T-Shirt,4,44.7
INV-0569-005,2025-02-05,C0569,India,SKU-919,Water Bottle,3,21.4
INV-0569-006,2025-11-17,C0569,India,SKU-617,Coffee Beans 500g,2,41.12
INV-0570-001,2025-04-09,C0570,Germany,SKU-163,Cotton T-Shirt,1,299.11
INV-0570-002,2025-07-10,C0570,India,SKU-522,Notebook Pack,3,50.44
INV-0570-003,2025-12-02,C0570,India,SKU-703,LED Bulb,5,35.9
INV-0570-004,2025-09-30,C0570,India,SKU-246,Cotton T-Shirt,5,37.89
INV-0570-005,2025-02-02,C0570,USA,SKU-191,Wireless Mouse,5,72.55
INV-0570-006,2025-06-27,C0570,India,SKU-420,Phone Case,2,74.0
INV-0570-007,2025-10-24,C0570,United Kingdom,SKU-660,Wireless Mouse,3,120.28
INV-0570-008,2025-10-19,C0570,USA,SKU-625,Wireless Mouse,1,358.24
INV-0570-009,2025-10-26,C0570,United Kingdom,SKU-282,Desk Organizer,5,46.03
INV-0570-010,2025-06-23,C0570,India,SKU-299,Cotton T-Shirt,4,46.03
INV-0570-011,2025-03-31,C0570,United Kingdom,SKU-274,Wireless Mouse,2,59.6
INV-0570-012,2025-06-27,C0570,United Kingdom,SKU-963,Phone Case,2,60.69
INV-0570-013,2025-07-20,C0570,India,SKU-222,Water Bottle,2,112.75
INV-0571-001,2025-02-08,C0571,India,SKU-489,Backpack,1,210.98
INV-0571-002,2025-06-28,C0571,India,SKU-277,Backpack,2,65.14
INV-0571-003,2025-11-12,C0571,USA,SKU-497,Water Bottle,2,129.98
INV-0571-004,2025-08-16,C0571,India,SKU-268,Phone Case,1,207.38
INV-0571-005,2025-04-25,C0571,India,SKU-301,Water Bottle,1,273.68
INV-0571-006,2025-07-09,C0571,USA,SKU-699,Coffee Beans 500g,1,235.07
INV-0571-007,2025-05-29,C0571,India,SKU-444,LED Bulb,3,43.92
INV-0571-008,2025-07-10,C0571,USA,SKU-512,Yoga Mat,4,54.61
INV-0571-009,2025-03-22,C0571,Germany,SKU-880,Phone Case,2,137.05
INV-0571-010,2025-07-21,C0571,United Kingdom,SKU-739,Water Bottle,5,54.98
INV-0571-011,2025-10-10,C0571,India,SKU-582,Cotton T-Shirt,1,126.05
INV-0572-001,2025-04-02,C0572,USA,SKU-837,Water Bottle,3,4.23
INV-0572-002,2025-06-10,C0572,United Kingdom,SKU-321,LED Bulb,1,29.25
INV-0572-003,2025-01-21,C0572,India,SKU-640,Yoga Mat,2,7.94
INV-0572-004,2025-08-18,C0572,United Kingdom,SKU-611,LED Bulb,3,9.97
INV-0572-005,2025-02-06,C0572,United Kingdom,SKU-453,Coffee Beans 500g,4,4.31
INV-0572-006,2025-04-12,C0572,USA,SKU-594,Yoga Mat,1,36.42
INV-0573-001,2025-02-27,C0573,United Kingdom,SKU-404,Coffee Beans 500g,2,50.59
INV-0573-002,2024-09-18,C0573,India,SKU-163,Notebook Pack,1,85.75
INV-0573-003,2024-11-30,C0573,United Kingdom,SKU-105,Notebook Pack,4,14.86
INV-0573-004,2025-03-26,C0573,India,SKU-232,Water Bottle,1,81.99
INV-0573-005,2024-11-23,C0573,India,SKU-585,Wireless Mouse,2,82.93
INV-0573-006,2024-10-05,C0573,USA,SKU-596,Desk Organizer,1,101.45
INV-0573-007,2024-07-07,C0573,India,SKU-101,LED Bulb,4,27.06
INV-0573-008,2024-10-10,C0573,United Kingdom,SKU-128,LED Bulb,3,17.76
INV-0574-001,2025-11-17,C0574,USA,SKU-151,Backpack,2,58.24
INV-0574-002,2025-10-05,C0574,India,SKU-729,Phone Case,1,133.77
INV-0574-003,2025-07-11,C0574,Germany,SKU-623,Cotton T-Shirt,2,108.91
INV-0574-004,2025-07-25,C0574,India,SKU-649,Water Bottle,5,20.61
INV-0574-005,2025-04-27,C0574,India,SKU-263,Notebook Pack,2,32.91
INV-0574-006,2025-10-26,C0574,India,SKU-768,Backpack,5,15.86
INV-0574-007,2025-11-18,C0574,India,SKU-144,Desk Organizer,3,75.55
INV-0574-008,2025-07-20,C0574,India,SKU-174,LED Bulb,5,48.48
INV-0574-009,2025-10-09,C0574,India,SKU-386,Desk Organizer,3,30.26
INV-0574-010,2025-08-02,C0574,India,SKU-142,Phone Case,1,239.0
INV-0574-011,2025-10-19,C0574,India,SKU-603,LED Bulb,4,39.51
INV-0574-012,2025-02-01,C0574,Germany,SKU-352,Yoga Mat,1,154.88
INV-0574-013,2025-06-13,C0574,USA,SKU-788,Coffee Beans 500g,2,117.08
INV-0575-001,2025-07-08,C0575,India,SKU-865,Phone Case,3,7.39
INV-0575-002,2025-04-29,C0575,India,SKU-641,Wireless Mouse,1,56.83
INV-0575-003,2025-09-19,C0575,India,SKU-711,Cotton T-Shirt,4,12.11
INV-0575-004,2025-06-08,C0575,India,SKU-985,Backpack,4,6.25
INV-0575-005,2025-01-21,C0575,India,SKU-308,Backpack,2,31.58
INV-0576-001,2024-12-15,C0576,India,SKU-980,Yoga Mat,2,46.87
INV-0576-002,2025-03-17,C0576,India,SKU-719,Wireless Mouse,3,100.59
INV-0576-003,2025-02-13,C0576,India,SKU-420,Notebook Pack,2,72.57
INV-0576-004,2024-12-29,C0576,India,SKU-536,Yoga Mat,2,58.77
INV-0576-005,2025-04-13,C0576,United Kingdom,SKU-917,Desk Organizer,5,31.46
INV-0576-006,2024-10-04,C0576,India,SKU-128,Coffee Beans 500g,5,53.11
INV-0576-007,2024-12-14,C0576,India,SKU-871,LED Bulb,4,70.01
INV-0576-008,2025-04-21,C0576,Germany,SKU-427,Water Bottle,1,329.57
INV-0577-001,2025-01-08,C0577,India,SKU-650,Cotton T-Shirt,3,4.41
INV-0577-002,2025-06-12,C0577,USA,SKU-961,Water Bottle,4,2.89
INV-0578-001,2025-10-13,C0578,USA,SKU-339,Cotton T-Shirt,2,12.56
INV-0578-002,2025-11-06,C0578,United Kingdom,SKU-695,Phone Case,5,11.48
INV-0578-003,2025-02-08,C0578,India,SKU-345,Phone Case,5,9.93
INV-0578-004,2025-10-26,C0578,USA,SKU-704,Desk Organizer,3,18.82
INV-0578-005,2025-05-30,C0578,India,SKU-810,Phone Case,1,44.74
INV-0578-006,2025-03-11,C0578,India,SKU-585,Backpack,5,12.62
INV-0579-001,2025-06-10,C0579,India,SKU-349,Phone Case,3,61.4
INV-0579-002,2025-11-24,C0579,India,SKU-523,Desk Organizer,4,35.61
INV-0579-003,2025-06-08,C0579,United Kingdom,SKU-701,Phone Case,3,50.28
INV-0579-004,2025-08-27,C0579,India,SKU-672,Desk Organizer,2,34.46
INV-0579-005,2025-04-29,C0579,India,SKU-720,LED Bulb,5,38.2
INV-0579-006,2025-06-30,C0579,Germany,SKU-322,Wireless Mouse,5,44.4
INV-0579-007,2025-08-16,C0579,India,SKU-601,Notebook Pack,4,46.02
INV-0579-008,2025-08-20,C0579,India,SKU-189,Cotton T-Shirt,1,122.55
INV-0579-009,2025-05-29,C0579,Germany,SKU-488,Cotton T-Shirt,3,29.64
INV-0579-010,2025-08-27,C0579,India,SKU-987,Notebook Pack,3,38.55
INV-0580-001,2025-03-30,C0580,India,SKU-690,Phone Case,5,3.47
INV-0580-002,2025-05-22,C0580,India,SKU-967,Wireless Mouse,1,17.6
INV-0580-003,2025-05-26,C0580,USA,SKU-560,Backpack,4,2.8
INV-0580-004,2025-03-03,C0580,India,SKU-774,Phone Case,2,6.31
INV-0580-005,2025-01-17,C0580,India,SKU-712,Yoga Mat,5,1.75
INV-0580-006,2025-02-24,C0580,India,SKU-526,Wireless Mouse,4,2.63
INV-0581-001,2025-04-23,C0581,India,SKU-425,Yoga Mat,2,149.14
INV-0581-002,2025-02-14,C0581,Germany,SKU-305,Desk Organizer,2,92.06
INV-0581-003,2025-03-12,C0581,United Kingdom,SKU-849,Yoga Mat,1,278.48
INV-0581-004,2025-06-02,C0581,Germany,SKU-562,Phone Case,1,147.21
INV-0581-005,2025-02-14,C0581,India,SKU-428,Yoga Mat,3,80.42
INV-0581-006,2025-12-03,C0581,India,SKU-317,Phone Case,2,154.93
INV-0581-007,2025-02-14,C0581,India,SKU-937,Backpack,5,49.02
INV-0581-008,2025-06-30,C0581,Germany,SKU-571,LED Bulb,1,186.71
INV-0581-009,2025-04-09,C0581,USA,SKU-605,Backpack,2,161.94
INV-0581-010,2025-05-14,C0581,Germany,SKU-810,Water Bottle,3,28.12
INV-0581-011,2025-08-29,C0581,USA,SKU-624,LED Bulb,3,40.7
INV-0581-012,2025-02-16,C0581,Germany,SKU-380,Desk Organizer,1,204.35
INV-0581-013,2025-12-20,C0581,India,SKU-495,LED Bulb,4,61.23
INV-0581-014,2025-11-06,C0581,USA,SKU-945,Coffee Beans 500g,1,165.84
INV-0581-015,2025-09-14,C0581,Germany,SKU-891,Coffee Beans 500g,3,35.97
INV-0581-016,2025-08-13,C0581,India,SKU-421,Cotton T-Shirt,3,60.29
INV-0582-001,2025-10-24,C0582,India,SKU-579,LED Bulb,1,31.01
INV-0582-002,2025-04-24,C0582,India,SKU-753,LED Bulb,3,10.55
INV-0582-003,2025-08-12,C0582,USA,SKU-460,Cotton T-Shirt,1,40.37
INV-0583-001,2024-07-30,C0583,India,SKU-344,Yoga Mat,1,103.37
INV-0583-002,2025-03-29,C0583,Germany,SKU-961,Cotton T-Shirt,5,21.42
INV-0583-003,2024-07-21,C0583,Germany,SKU-648,Backpack,5,17.97
INV-0583-004,2025-02-03,C0583,India,SKU-230,Phone Case,2,24.18
INV-0583-005,2024-11-25,C0583,United Kingdom,SKU-804,LED Bulb,5,27.98
INV-0583-006,2024-09-12,C0583,India,SKU-145,Yoga Mat,2,69.95
INV-0583-007,2025-03-30,C0583,India,SKU-795,Desk Organizer,4,36.91
INV-0584-001,2025-06-07,C0584,USA,SKU-103,Cotton T-Shirt,3,24.08
INV-0584-002,2025-10-13,C0584,India,SKU-996,Wireless Mouse,3,50.82
INV-0584-003,2025-10-13,C0584,India,SKU-461,Cotton T-Shirt,2,46.09
INV-0584-004,2025-07-07,C0584,India,SKU-850,Desk Organizer,5,16.38
INV-0584-005,2025-09-19,C0584,India,SKU-770,Water Bottle,1,161.83
INV-0584-006,2025-04-23,C0584,India,SKU-175,Phone Case,1,73.87
INV-0585-001,2025-11-25,C0585,India,SKU-947,Coffee Beans 500g,3,102.5
INV-0585-002,2025-04-10,C0585,USA,SKU-735,Backpack,5,58.39
INV-0585-003,2025-08-30,C0585,USA,SKU-976,LED Bulb,2,264.76
INV-0585-004,2025-12-16,C0585,United Kingdom,SKU-684,Phone Case,5,67.46
INV-0585-005,2025-09-21,C0585,India,SKU-678,LED Bulb,5,76.92
INV-0585-006,2025-04-08,C0585,India,SKU-200,Yoga Mat,4,132.76
INV-0585-007,2025-03-08,C0585,India,SKU-719,Notebook Pack,3,157.03
INV-0585-008,2025-02-26,C0585,United Kingdom,SKU-748,Wireless Mouse,1,290.57
INV-0585-009,2025-10-09,C0585,India,SKU-488,Water Bottle,5,65.13
INV-0585-010,2025-06-26,C0585,India,SKU-190,Desk Organizer,1,174.08
INV-0585-011,2025-03-27,C0585,India,SKU-147,Coffee Beans 500g,2,261.18
INV-0585-012,2025-03-03,C0585,USA,SKU-212,Cotton T-Shirt,3,189.26
INV-0585-013,2025-03-09,C0585,India,SKU-119,Desk Organizer,5,62.19
INV-0585-014,2025-04-20,C0585,United Kingdom,SKU-510,Cotton T-Shirt,4,84.0
INV-0585-015,2025-07-11,C0585,India,SKU-916,Yoga Mat,2,284.74
INV-0586-001,2025-04-12,C0586,United Kingdom,SKU-871,Coffee Beans 500g,4,22.54
INV-0586-002,2025-07-27,C0586,India,SKU-644,Water Bottle,1,237.19
INV-0586-003,2025-11-27,C0586,India,SKU-190,LED Bulb,4,37.91
INV-0586-004,2025-05-16,C0586,United Kingdom,SKU-757,LED Bulb,2,57.66
INV-0586-005,2025-02-19,C0586,India,SKU-754,Yoga Mat,2,121.94
INV-0586-006,2025-10-26,C0586,India,SKU-117,Cotton T-Shirt,1,236.72
INV-0586-007,2025-03-24,C0586,USA,SKU-812,Notebook Pack,1,272.47
INV-0586-008,2025-08-06,C0586,India,SKU-556,Desk Organizer,4,69.53
INV-0586-009,2025-03-24,C0586,India,SKU-432,Backpack,3,42.29
INV-0586-010,2025-05-01,C0586,United Kingdom,SKU-464,Phone Case,4,55.35
INV-0586-011,2025-09-03,C0586,India,SKU-704,Cotton T-Shirt,4,62.37
INV-0586-012,2025-11-10,C0586,United Kingdom,SKU-563,Phone Case,1,260.81
INV-0586-013,2025-04-14,C0586,India,SKU-731,Yoga Mat,1,255.84
INV-0586-014,2025-05-23,C0586,India,SKU-862,LED Bulb,4,73.01
INV-0586-015,2025-07-15,C0586,United Kingdom,SKU-743,Coffee Beans 500g,4,36.11
INV-0586-016,2025-09-15,C0586,USA,SKU-230,Backpack,4,58.59
INV-0586-017,2025-08-09,C0586,United Kingdom,SKU-286,LED Bulb,5,47.49
INV-0586-018,2025-09-02,C0586,India,SKU-990,Yoga Mat,4,66.41
INV-0586-019,2025-10-21,C0586,USA,SKU-219,Desk Organizer,1,100.88
INV-0586-020,2025-03-16,C0586,India,SKU-429,Desk Organizer,3,56.37
INV-0586-021,2025-09-04,C0586,India,SKU-261,LED Bulb,1,238.11
INV-0586-022,2025-07-31,C0586,India,SKU-557,Desk Organizer,1,163.59
INV-0586-023,2025-07-03,C0586,USA,SKU-903,Yoga Mat,5,48.55
INV-0586-024,2025-02-18,C0586,United Kingdom,SKU-977,Desk Organizer,1,195.76
INV-0586-025,2025-04-27,C0586,India,SKU-239,Cotton T-Shirt,5,39.36
INV-0586-026,2025-09-24,C0586,India,SKU-248,LED Bulb,1,90.66
INV-0586-027,2025-11-24,C0586,United Kingdom,SKU-799,Water Bottle,1,102.03
INV-0587-001,2025-03-11,C0587,United Kingdom,SKU-931,Phone Case,5,40.78
INV-0587-002,2025-07-16,C0587,Germany,SKU-656,Notebook Pack,5,44.8
INV-0587-003,2025-03-09,C0587,India,SKU-392,Desk Organizer,4,28.61
INV-0587-004,2025-03-23,C0587,India,SKU-680,Coffee Beans 500g,2,53.2
INV-0587-005,2025-07-24,C0587,Germany,SKU-576,Coffee Beans 500g,4,33.87
INV-0587-006,2025-09-21,C0587,United Kingdom,SKU-494,LED Bulb,5,41.05
INV-0587-007,2025-04-17,C0587,India,SKU-459,Water Bottle,2,105.35
INV-0587-008,2025-06-22,C0587,India,SKU-370,Notebook Pack,5,37.6
INV-0587-009,2025-03-02,C0587,United Kingdom,SKU-954,Yoga Mat,2,57.07
INV-0587-010,2025-07-20,C0587,India,SKU-853,LED Bulb,2,113.24
INV-0587-011,2025-05-02,C0587,India,SKU-580,Phone Case,2,65.24
INV-0587-012,2025-08-22,C0587,India,SKU-887,LED Bulb,4,38.87
INV-0587-013,2025-05-19,C0587,USA,SKU-205,Desk Organizer,3,57.7
INV-0588-001,2025-07-08,C0588,India,SKU-443,Cotton T-Shirt,2,21.38
INV-0588-002,2025-03-09,C0588,India,SKU-981,Desk Organizer,1,20.6
INV-0588-003,2025-02-25,C0588,India,SKU-143,Water Bottle,5,8.52
INV-0589-001,2025-02-28,C0589,India,SKU-961,LED Bulb,4,8.07
INV-0589-002,2025-01-27,C0589,Germany,SKU-515,Coffee Beans 500g,5,4.66
INV-0590-001,2025-05-10,C0590,India,SKU-579,Cotton T-Shirt,1,67.49
INV-0590-002,2024-12-25,C0590,India,SKU-412,Coffee Beans 500g,4,27.33
INV-0590-003,2024-11-26,C0590,United Kingdom,SKU-337,Phone Case,4,40.77
INV-0590-004,2025-03-22,C0590,India,SKU-745,Wireless Mouse,1,149.54
INV-0590-005,2025-06-12,C0590,India,SKU-318,LED Bulb,4,18.75
INV-0590-006,2024-11-19,C0590,United Kingdom,SKU-554,Notebook Pack,1,87.2
INV-0590-007,2024-08-28,C0590,India,SKU-510,Backpack,1,57.68
INV-0591-001,2024-10-21,C0591,United Kingdom,SKU-416,LED Bulb,5,38.76
INV-0591-002,2025-02-16,C0591,Germany,SKU-439,Phone Case,1,93.62
INV-0591-003,2024-11-28,C0591,India,SKU-387,Wireless Mouse,5,22.64
INV-0591-004,2024-06-23,C0591,USA,SKU-424,Yoga Mat,4,36.75
INV-0591-005,2024-12-09,C0591,India,SKU-342,Water Bottle,1,153.73
INV-0591-006,2024-06-28,C0591,United Kingdom,SKU-195,Backpack,4,54.16
INV-0591-007,2024-07-14,C0591,India,SKU-228,Notebook Pack,3,38.45
INV-0591-008,2024-08-23,C0591,India,SKU-304,Yoga Mat,1,301.54
INV-0592-001,2024-12-19,C0592,India,SKU-313,Wireless Mouse,4,6.89
INV-0592-002,2025-08-15,C0592,India,SKU-672,Desk Organizer,5,12.31
INV-0593-001,2025-08-28,C0593,India,SKU-949,Desk Organizer,1,110.42
INV-0593-002,2025-06-24,C0593,United Kingdom,SKU-749,Backpack,3,14.77
INV-0593-003,2025-05-19,C0593,USA,SKU-830,Coffee Beans 500g,3,17.31
INV-0593-004,2025-06-14,C0593,USA,SKU-862,Yoga Mat,5,20.66
INV-0593-005,2025-09-06,C0593,Germany,SKU-242,Phone Case,5,21.31
INV-0593-006,2025-11-04,C0593,India,SKU-174,Desk Organizer,2,57.73
INV-0593-007,2025-01-21,C0593,India,SKU-750,Cotton T-Shirt,4,14.97
INV-0594-001,2025-09-03,C0594,India,SKU-137,Desk Organizer,2,88.67
INV-0594-002,2025-10-11,C0594,Germany,SKU-462,Desk Organizer,2,103.56
INV-0594-003,2025-11-04,C0594,India,SKU-388,Notebook Pack,1,372.13
INV-0594-004,2025-08-18,C0594,India,SKU-948,Desk Organizer,2,175.66
INV-0594-005,2025-10-04,C0594,India,SKU-725,Phone Case,3,76.31
INV-0594-006,2025-10-19,C0594,India,SKU-638,Yoga Mat,5,68.74
INV-0594-007,2025-07-09,C0594,India,SKU-413,Desk Organizer,3,49.01
INV-0594-008,2025-06-16,C0594,India,SKU-395,Notebook Pack,1,399.17
INV-0594-009,2025-10-29,C0594,India,SKU-831,LED Bulb,3,151.77
INV-0594-010,2025-03-21,C0594,India,SKU-795,Wireless Mouse,3,89.61
INV-0594-011,2025-03-09,C0594,India,SKU-549,Desk Organizer,5,74.39
INV-0594-012,2025-07-01,C0594,India,SKU-259,Wireless Mouse,2,75.49
INV-0594-013,2025-03-18,C0594,India,SKU-356,Notebook Pack,3,54.22
INV-0595-001,2025-08-10,C0595,India,SKU-619,Desk Organizer,4,105.11
INV-0595-002,2025-08-18,C0595,United Kingdom,SKU-263,Desk Organizer,4,62.42
INV-0595-003,2025-09-25,C0595,India,SKU-552,Cotton T-Shirt,2,157.35
INV-0595-004,2025-08-22,C0595,USA,SKU-215,LED Bulb,4,108.55
INV-0595-005,2025-03-11,C0595,Germany,SKU-632,Backpack,1,313.89
INV-0595-006,2025-07-17,C0595,India,SKU-883,Phone Case,5,74.66
INV-0595-007,2025-11-20,C0595,India,SKU-718,Desk Organizer,3,97.67
INV-0595-008,2025-10-05,C0595,India,SKU-983,Cotton T-Shirt,5,40.1
INV-0595-009,2025-08-15,C0595,USA,SKU-702,Phone Case,4,109.28
INV-0595-010,2025-10-22,C0595,India,SKU-919,Yoga Mat,3,45.98
INV-0595-011,2025-04-04,C0595,USA,SKU-400,Notebook Pack,4,85.83
INV-0595-012,2025-04-06,C0595,Germany,SKU-873,Water Bottle,1,308.55
INV-0595-013,2025-03-11,C0595,Germany,SKU-356,Desk Organizer,5,68.23
INV-0595-014,2025-10-02,C0595,United Kingdom,SKU-693,LED Bulb,3,120.11
INV-0595-015,2025-11-01,C0595,Germany,SKU-322,Water Bottle,2,237.32
INV-0595-016,2025-04-18,C0595,Germany,SKU-783,Water Bottle,1,216.74
INV-0595-017,2025-05-26,C0595,India,SKU-548,Water Bottle,2,164.46
INV-0595-018,2025-08-03,C0595,India,SKU-494,Wireless Mouse,3,99.74
INV-0595-019,2025-03-23,C0595,India,SKU-289,Wireless Mouse,5,77.32
INV-0595-020,2025-04-26,C0595,India,SKU-118,LED Bulb,4,109.17
INV-0595-021,2025-07-16,C0595,USA,SKU-846,Notebook Pack,5,59.35
INV-0595-022,2025-02-18,C0595,Germany,SKU-536,Wireless Mouse,1,430.88
INV-0595-023,2025-08-27,C0595,USA,SKU-676,LED Bulb,4,94.55
INV-0595-024,2025-10-16,C0595,India,SKU-754,Cotton T-Shirt,5,77.53
INV-0595-025,2025-10-07,C0595,India,SKU-698,Yoga Mat,5,93.35
INV-0595-026,2025-03-27,C0595,India,SKU-881,Backpack,1,378.34
INV-0595-027,2025-10-09,C0595,India,SKU-114,Coffee Beans 500g,4,94.04
INV-0596-001,2025-04-11,C0596,India,SKU-982,Water Bottle,5,23.54
INV-0596-002,2025-05-08,C0596,USA,SKU-449,Coffee Beans 500g,4,29.29
INV-0596-003,2025-06-09,C0596,India,SKU-698,Backpack,1,92.99
INV-0596-004,2025-07-25,C0596,USA,SKU-515,Water Bottle,5,11.58
INV-0596-005,2025-06-20,C0596,India,SKU-357,Coffee Beans 500g,1,120.54
INV-0596-006,2025-01-31,C0596,United Kingdom,SKU-923,Notebook Pack,2,36.93
INV-0597-001,2024-10-19,C0597,United Kingdom,SKU-804,Notebook Pack,1,63.81
INV-0597-002,2024-11-17,C0597,Germany,SKU-894,LED Bulb,1,130.62
INV-0597-003,2025-06-17,C0597,United Kingdom,SKU-603,Phone Case,4,54.22
INV-0597-004,2024-12-08,C0597,India,SKU-571,Coffee Beans 500g,5,23.53
INV-0597-005,2024-10-19,C0597,India,SKU-568,Desk Organizer,2,102.32
INV-0597-006,2025-03-01,C0597,India,SKU-462,Phone Case,4,58.21
INV-0598-001,2025-05-05,C0598,India,SKU-334,Water Bottle,1,20.71
INV-0598-002,2025-11-19,C0598,India,SKU-203,Phone Case,2,27.38
INV-0599-001,2025-08-16,C0599,India,SKU-494,Wireless Mouse,5,9.75
INV-0599-002,2025-07-05,C0599,United Kingdom,SKU-455,Water Bottle,3,26.03
INV-0600-001,2025-02-09,C0600,United Kingdom,SKU-564,Water Bottle,2,61.32
INV-0600-002,2025-03-30,C0600,Germany,SKU-634,Yoga Mat,4,37.22
INV-0600-003,2025-09-18,C0600,India,SKU-187,Cotton T-Shirt,2,82.2
INV-0600-004,2025-10-25,C0600,USA,SKU-921,LED Bulb,5,13.31
INV-0600-005,2025-05-20,C0600,USA,SKU-545,Backpack,4,33.41
INV-0600-006,2025-05-17,C0600,USA,SKU-709,Phone Case,4,24.4
INV-0600-007,2025-05-02,C0600,India,SKU-958,Coffee Beans 500g,1,185.09
INV-0600-008,2025-04-23,C0600,USA,SKU-690,Coffee Beans 500g,4,49.65
